Date,Ticker,rsi,growth_future_30d,Close_x
2000-04-14,MSFT,28.59977376238364,0.8988197019905356,22.719512939453125
2000-04-24,MSFT,28.183708892349397,1.102251355083412,20.420745849609375
2000-09-14,MSFT,28.744487621104025,0.9753085964485287,20.171710968017578
2000-09-15,MSFT,24.777933256939026,0.9853942763960598,19.673643112182617
2000-09-18,MSFT,22.350677167708355,0.972221969792454,19.309669494628906
2000-09-22,MSFT,29.50112251514247,0.9535571716731264,19.386295318603516
2000-09-25,MSFT,25.091563769830465,0.9653063496991854,18.773284912109375
2000-09-27,MSFT,28.321575453314168,0.9144329679973928,18.581724166870117
2000-09-29,MSFT,29.522865679863507,0.9212438726255182,18.48594093322754
2000-10-02,MSFT,27.13250300454218,0.9164902666334916,18.121971130371094
2000-10-03,MSFT,22.83577539989406,0.964640925918795,17.336559295654297
2000-10-04,MSFT,21.245091504103982,1.005636934159774,16.991741180419922
2000-10-05,MSFT,21.156941433519787,0.9819411644064606,16.97258949279785
2000-10-06,MSFT,22.200133254357894,0.967379188984322,17.030059814453125
2000-10-09,MSFT,20.099839399288555,0.9296427470185853,16.608610153198242
2000-10-10,MSFT,22.26004833309727,0.924398255055709,16.723554611206055
2000-10-11,MSFT,28.822284756229006,0.9282510247206568,17.087522506713867
2000-10-12,MSFT,26.07738111807801,1.1379310739465232,16.66608428955078
2000-10-13,MSFT,24.915858898852562,1.2127899427095852,16.474525451660156
2000-10-16,MSFT,19.789668957572133,1.2332508816658287,15.44007396697998
2000-10-17,MSFT,20.117334939679612,1.219331170576105,15.459224700927734
2000-10-18,MSFT,26.875056764971372,1.1835748667373056,15.861510276794434
2000-12-18,MSFT,29.652390453461376,0.9803921823829514,14.654659271240234
2000-12-19,MSFT,26.837611374833998,1.0362626263257473,13.735150337219238
2000-12-20,MSFT,24.115550242212077,1.0737941722841196,12.719866752624512
2000-12-21,MSFT,28.672539267334695,0.9985615776701497,13.31370735168457
2001-09-04,MSFT,29.576743992493682,0.9431379217626042,17.194793701171875
2001-09-20,MSFT,29.955740317995378,0.9842398079076984,15.558074951171875
2001-09-21,MSFT,28.485560632895357,1.0293702714116526,15.23624324798584
2002-05-06,MSFT,28.79504458231466,1.0837101188247007,14.902156829833984
2002-07-23,MSFT,25.862388333208703,1.1183442662846186,13.182682037353516
2004-03-10,MSFT,26.70648330518007,0.9905400122918083,15.689475059509277
2004-03-11,MSFT,24.123501171536375,0.9920285388340447,15.51632022857666
2004-03-15,MSFT,29.189599704588137,0.9737678333518333,15.559603691101074
2004-03-16,MSFT,29.69756644657759,0.9590938275947893,15.571990966796875
2004-03-17,MSFT,29.135403183848364,0.9713497964988287,15.54105281829834
2004-03-18,MSFT,26.53988321904248,1.0120535837369027,15.392632484436035
2004-03-19,MSFT,24.041295043365167,1.0162399225983425,15.23184871673584
2004-03-22,MSFT,22.88115421192927,1.033061970092346,15.15144157409668
2004-03-23,MSFT,20.07314702311484,1.0434784801975776,14.9350004196167
2004-03-24,MSFT,27.219148482653445,1.0213021694485065,15.09579849243164
2005-01-21,MSFT,27.80726011101323,1.020662991888151,17.731712341308594
2005-01-24,MSFT,28.528914840280862,1.0237638075747788,17.745532989501953
2005-02-22,MSFT,27.2571293704569,1.0019819000489616,17.495176315307617
2005-02-23,MSFT,26.77860137976334,1.0023812416315172,17.47437858581543
2005-02-28,MSFT,29.88975472615147,1.012321774681895,17.446630477905273
2005-03-16,MSFT,28.236625257253163,0.9817294979361495,17.07912254333496
2005-03-17,MSFT,26.895651377058126,0.9894047744478045,17.01671600341797
2005-03-18,MSFT,23.786556794810494,0.995475014822291,16.857223510742188
2005-03-21,MSFT,22.44991739536583,0.9884294789025929,16.78094482421875
2005-03-22,MSFT,20.12493004991878,1.0070861177194679,16.635324478149414
2005-03-23,MSFT,27.44628826333227,0.9995864984873921,16.767078399658203
2005-03-28,MSFT,29.763008035105376,1.001239706807692,16.78094482421875
2005-03-29,MSFT,25.794911894412103,1.0229937041828374,16.586780548095703
2005-09-21,MSFT,27.39964376084197,1.0070614482527256,17.784133911132812
2005-09-22,MSFT,25.616080330362756,1.023678143137135,17.679479598999023
2005-09-23,MSFT,24.804666344442126,1.0182035336048385,17.630643844604492
2005-09-26,MSFT,24.804666344442122,1.0091012799756802,17.630643844604492
2005-09-27,MSFT,27.46920258551977,0.9857936103881925,17.679479598999023
2005-10-05,MSFT,27.202245349052546,0.9850023110447995,17.21202278137207
2005-10-06,MSFT,28.8138599225894,0.9943394901948429,17.25388526916504
2005-10-07,MSFT,27.295627085971606,1.0032526570907636,17.156219482421875
2005-10-10,MSFT,25.929148512983453,1.0028618868558854,17.065513610839844
2005-10-11,MSFT,25.402374167222263,1.006555192591471,17.030624389648438
2005-10-12,MSFT,24.23603354346199,1.0325100911638878,16.953882217407227
2005-12-29,MSFT,28.525810696191385,1.024362451031103,18.382062911987305
2005-12-30,MSFT,26.500823113376683,1.0271508612471962,18.298093795776367
2006-04-28,MSFT,19.135878459206353,0.9855068208754154,16.955886840820312
2006-05-01,MSFT,21.55563316763855,0.9769452962036053,17.054174423217773
2006-05-02,MSFT,20.250409250683568,0.9837567060923497,16.857589721679688
2006-05-03,MSFT,16.936973038802442,1.0258957005856006,16.267818450927734
2006-05-04,MSFT,21.389428720612887,0.9906140318751585,16.45738983154297
2006-05-05,MSFT,27.00737843219944,0.9735296276295876,16.710142135620117
2006-05-08,MSFT,26.609168851883485,0.9793623700081052,16.660995483398438
2006-05-09,MSFT,25.96139137817433,0.9779736321217481,16.58376693725586
2006-05-10,MSFT,28.51707199538965,0.9599761688350946,16.689085006713867
2006-05-11,MSFT,25.096389048709923,0.9870379690915136,16.302921295166016
2006-05-12,MSFT,24.805113095402508,0.9774694566387565,16.267818450927734
2006-05-15,MSFT,26.103200585086086,0.9883367249620012,16.31715202331543
2006-05-16,MSFT,25.167447829864635,0.9904386111607005,16.218486785888672
2006-05-17,MSFT,23.363240399203235,1.033875921269886,16.0211238861084
2006-05-18,MSFT,25.41936215266738,1.0398597355295962,16.091602325439453
2006-05-19,MSFT,23.57972241248919,1.05141858890852,15.90129566192627
2006-05-23,MSFT,29.291678092997454,0.9938566985709564,16.06341552734375
2006-06-07,MSFT,29.887776861388076,0.9927399422029121,15.534784317016602
2006-06-09,MSFT,29.567642322406705,1.0082123611942695,15.450191497802734
2006-06-12,MSFT,27.775525377873517,1.0386919865908764,15.30217456817627
2006-06-13,MSFT,26.14995207622435,1.0488144811066773,15.161209106445312
2007-03-13,MSFT,28.297408379269246,1.04191593903803,19.0331974029541
2008-02-04,MSFT,29.830332200959376,0.9344155903454753,21.72180938720703
2008-02-05,MSFT,25.79477427094654,0.9748877324857435,20.91597557067871
2008-02-06,MSFT,24.07244788781006,1.0154277826312985,20.520235061645508
2008-02-07,MSFT,22.876208511549372,1.0135134829388814,20.232444763183594
2008-02-08,MSFT,27.163970113988174,0.9950976483730376,20.549020767211914
2008-02-11,MSFT,25.92906949575352,1.0024620411053737,20.297197341918945
2008-02-12,MSFT,27.25189626016033,0.999635100472246,20.390727996826172
2008-02-22,MSFT,27.97338301485913,0.9826586352890895,19.993247985839844
2008-02-29,MSFT,29.35103932560991,1.0246328216531249,19.64653778076172
2008-03-03,MSFT,28.22665259630867,1.039274362564533,19.49485206604004
2008-07-09,MSFT,29.751121813080704,1.0804602447674265,18.29069709777832
2008-10-10,MSFT,29.36960013637446,1.1130232273552545,15.648773193359375
2009-03-02,MSFT,29.87468386563663,0.9594681333956022,11.649937629699707
2009-03-05,MSFT,29.096706019051272,1.1139486051361005,11.26628303527832
2009-03-06,MSFT,29.233724279416805,1.0896601418255412,11.27365493774414
2009-03-09,MSFT,28.46305648308582,1.072607266076111,11.177743911743164
2010-05-07,MSFT,27.793135535143705,1.025523100672354,21.255460739135742
2010-05-20,MSFT,27.499818605537108,0.9590553732635928,20.518823623657227
2010-05-21,MSFT,26.046791423091086,0.9612513098989158,20.31446647644043
2010-05-24,MSFT,23.253472860011133,0.9855344830794845,19.883052825927734
2010-05-25,MSFT,22.347797095518008,1.0149599659818869,19.73166847229004
2010-05-26,MSFT,18.28359441092406,1.073970028773377,18.92938995361328
2010-05-28,MSFT,29.913212000747023,0.9802328262941358,19.527307510375977
2010-06-09,MSFT,29.811516401801697,1.0617183901555216,18.76287269592285
2010-06-29,MSFT,26.61415165364956,1.0424713684701004,17.642698287963867
2010-06-30,MSFT,25.24745152974036,1.0608425491965996,17.415645599365234
2010-07-01,MSFT,27.258788692790368,1.0479281871505635,17.5291690826416
2010-07-02,MSFT,28.772522778233288,1.0670386548127753,17.612430572509766
2011-03-07,MSFT,28.470788209935034,0.9988334762840066,19.8072452545166
2011-03-10,MSFT,27.641200282489443,0.9752064786561964,19.568510055541992
2011-03-16,MSFT,25.227860034967176,1.0302539542604987,19.091041564941406
2011-03-17,MSFT,25.146327550804138,1.041565931196537,19.083337783813477
2011-03-18,MSFT,25.6637104318721,1.0330645159679552,19.098743438720703
2012-10-22,MSFT,26.952119653837524,1.0192855017062086,22.44382095336914
2012-10-23,MSFT,27.952587371247446,1.0524060068350645,22.483898162841797
2012-10-24,MSFT,26.768076025918514,1.0573474675776091,22.36366081237793
2012-10-25,MSFT,26.606131224592556,1.0627690255638351,22.347623825073242
2012-11-14,MSFT,29.489803474779986,1.0040984078659745,21.6907901763916
2012-11-15,MSFT,28.33071179008203,1.0390098117440822,21.545320510864258
2012-11-16,MSFT,27.427729490591158,1.0328054676165004,21.43217658996582
2013-07-19,MSFT,29.525870684474103,1.0070062413170584,25.765470504760742
2015-01-28,MSFT,26.797777301418062,1.015780921713489,35.234092712402344
2015-01-30,MSFT,27.826208933219394,1.0497526342938204,34.55833053588867
2015-08-24,MSFT,26.519519847649857,1.0441460103843727,36.3786506652832
2015-08-25,MSFT,23.24304998659828,1.0333578196375264,35.32256317138672
2016-04-28,MSFT,29.43568451737331,1.0008014388236903,44.16152572631836
2016-04-29,MSFT,29.33844829702201,1.0104271340062048,44.134971618652344
2018-12-24,MSFT,29.476155276583153,1.0742587885291375,88.38231658935547
2022-01-25,MSFT,26.432999636202265,1.0702622731501756,280.1202392578125
2022-09-06,MSFT,29.893214551812797,0.995024771339349,247.50918579101562
2022-09-20,MSFT,29.860245067286016,0.975087798538697,236.95399475097656
2022-09-21,MSFT,27.724951776439756,1.0088721589630159,233.5333709716797
2022-09-23,MSFT,28.815141955518374,0.978900469654246,232.52670288085938
2022-09-26,MSFT,28.50908316994471,1.0138555610721105,232.06736755371094
2022-09-27,MSFT,27.80529972577025,1.0527473797487874,231.0509490966797
2022-09-30,MSFT,29.33832988180056,1.0057535738449832,227.62049865722656
2024-08-02,MSFT,29.79817259618284,0.9939534258713123,405.3819274902344
2024-08-05,MSFT,24.70629603592257,1.0295077198353026,392.1434326171875
2024-08-06,MSFT,29.070273340497454,1.0360351340806584,396.56951904296875
2024-08-07,MSFT,28.598004978050533,1.046256534792255,395.39849853515625
2025-04-04,MSFT,29.886871529438626,1.0795075970952357,359.18060302734375
2025-04-07,MSFT,29.046349424817603,1.0836919305711095,357.2042236328125
2025-04-08,MSFT,27.65061060006634,1.0879117856343385,353.9102783203125
2000-09-29,AAPL,23.842918454203463,0.8616506961177375,0.38694724440574646
2000-10-02,AAPL,23.181948021848946,0.8969067949329539,0.3644072711467743
2000-10-03,AAPL,22.321182889495923,0.9355730107037443,0.3352924883365631
2000-10-04,AAPL,24.369809635931155,0.8306868868430901,0.35501497983932495
2000-10-05,AAPL,23.572744963336092,0.9065171139930877,0.33153486251831055
2000-10-06,AAPL,23.78750980833365,0.9943658527341597,0.33341336250305176
2000-10-09,AAPL,23.53822707977927,0.9885066977395363,0.3268393576145172
2000-10-10,AAPL,23.01863553606248,0.9640720673474759,0.3136906027793884
2000-10-11,AAPL,22.26257069682569,1.0254794822611244,0.29490628838539124
2000-10-12,AAPL,23.078899485866593,0.9468754924008755,0.30054202675819397
2000-10-13,AAPL,27.582634536913297,0.8838529209137627,0.33153486251831055
2000-10-16,AAPL,27.116361825006113,0.9476726161007661,0.32308289408683777
2000-10-17,AAPL,25.96095335953547,0.937889004264382,0.30242034792900085
2000-10-18,AAPL,25.96095335953547,0.91925404997052,0.30242034792900085
2000-10-19,AAPL,24.898367244126636,0.9768963203893439,0.284575879573822
2000-10-20,AAPL,26.43428726796747,0.9519232861999982,0.2930280566215515
2000-10-23,AAPL,28.871338099002543,0.9478532769804203,0.3061768114566803
2000-10-24,AAPL,27.20741889981189,1.03642158270403,0.2836367189884186
2000-10-25,AAPL,26.791667805890707,1.1081071635701323,0.2780011296272278
2000-10-26,AAPL,26.791667805890707,1.2060831867343755,0.2780011296272278
2000-10-27,AAPL,27.007227835919295,1.1986522831280255,0.27894023060798645
2000-10-30,AAPL,29.68319640424393,1.110033985924005,0.29021069407463074
2000-12-06,AAPL,26.865705827030823,1.0480355341484775,0.21507501602172852
2000-12-07,AAPL,26.86570582703083,1.0087368638384198,0.21507501602172852
2000-12-15,AAPL,29.377790583578296,1.0666664128119354,0.21131841838359833
2000-12-19,AAPL,29.976682337644654,1.058035816736217,0.21037930250167847
2002-06-11,AAPL,29.484556140742214,0.9848477945712344,0.3074542284011841
2002-06-12,AAPL,27.96848681125103,0.8521642824855109,0.30189433693885803
2002-06-13,AAPL,25.841434244509763,0.8756389823133655,0.29362979531288147
2002-06-19,AAPL,23.103504405024477,0.9667075517128452,0.25726357102394104
2002-06-20,AAPL,23.077674283267548,0.997077766124852,0.2571136951446533
2002-06-21,AAPL,22.375376383552563,1.051632934939776,0.25320664048194885
2002-06-24,AAPL,26.278254035050637,0.9878402339003994,0.259518027305603
2002-06-25,AAPL,25.84499861796671,0.9883330064571072,0.2575640380382538
2002-06-26,AAPL,23.918197689062595,1.0604224127874353,0.2486986368894577
2002-06-27,AAPL,28.855897685739336,1.0984756849292376,0.25636234879493713
2005-04-15,AAPL,29.337884563476134,1.004242953582218,1.062415599822998
2006-03-28,AAPL,29.50583734445557,1.0419011692293723,1.764481544494629
2006-07-14,AAPL,29.23458015120206,1.1983417351895855,1.522845983505249
2008-01-23,AAPL,24.330634227174304,0.950456736991846,4.1796345710754395
2008-01-24,AAPL,23.15610362883206,0.9982301781651068,4.075347423553467
2008-01-25,AAPL,21.36666917933085,1.0287667734787516,3.9073455333709717
2008-01-28,AAPL,21.366669179330852,1.0126143211178262,3.9073455333709717
2008-01-29,AAPL,23.24934951527819,0.9834272715945727,3.9533276557922363
2008-01-30,AAPL,24.06830886036783,0.9229838654501117,3.972561836242676
2008-01-31,AAPL,28.169724576523308,0.8956854816921345,4.068134784698486
2008-02-01,AAPL,27.363843520509363,0.9381684221189959,4.019747257232666
2008-02-04,AAPL,26.306718005493778,0.9832886681466818,3.956634044647217
2008-02-05,AAPL,25.16502344693353,0.965213166302991,3.887810230255127
2008-02-06,AAPL,21.87853520985299,1.060656176565275,3.6666104793548584
2008-02-07,AAPL,21.565343415241138,1.0513038082124306,3.6437692642211914
2008-02-08,AAPL,27.776995927214177,0.9932256930415116,3.771199941635132
2008-09-09,AAPL,29.46693061311442,0.9222042191939014,4.558620452880859
2008-09-10,AAPL,29.41302409979466,0.843150453053961,4.556515216827393
2008-09-12,AAPL,28.32645002669635,0.946085511665025,4.476271152496338
2008-09-15,AAPL,22.7494231843122,0.9336705500260212,4.218404769897461
2008-09-16,AAPL,22.48274443973023,0.9067773598311235,4.203979015350342
2008-09-17,AAPL,17.072175947541187,1.0068841019067267,3.841827869415283
2008-09-18,AAPL,26.912516861549506,0.983891053999827,4.029966831207275
2008-09-23,AAPL,28.05238391501942,0.8960899538826491,3.812072992324829
2008-09-29,AAPL,22.380515152830547,0.9323580753313024,3.1635031700134277
2008-10-01,AAPL,28.82261169990898,0.822855715041061,3.279512643814087
2008-10-02,AAPL,25.638239926301175,0.8865133870428584,3.0084242820739746
2008-10-03,AAPL,24.652905811491863,0.997218683568519,2.9173593521118164
2008-10-06,AAPL,25.73830080003898,1.1234970100654957,2.9495177268981934
2008-10-07,AAPL,22.773341997905508,1.1673396243555252,2.6796319484710693
2008-10-08,AAPL,23.439664483820938,1.0908786904393253,2.698565721511841
2008-10-09,AAPL,23.082192558445843,1.1481860220463633,2.667008399963379
2012-11-02,AAPL,29.732868184567728,0.9527714021839041,17.409687042236328
2012-11-07,AAPL,28.062179377499653,0.9621506585133596,16.919157028198242
2012-11-08,AAPL,24.324307710573937,0.9774426300999123,16.305166244506836
2012-11-09,AAPL,29.006338448301065,0.96457403707793,16.587451934814453
2012-11-12,AAPL,28.154027951248473,1.0421864523409505,16.45919418334961
2012-11-13,AAPL,28.191671978287893,1.033173272562613,16.461318969726562
2012-11-14,AAPL,26.88824790578399,1.0462304306338497,16.278778076171875
2012-11-15,AAPL,24.597578296296494,1.0872875973474134,15.93736457824707
2012-11-16,AAPL,25.842289202324398,1.1172116070821343,15.999825477600098
2013-01-25,AAPL,28.470172809956505,1.031235721845571,13.337636947631836
2013-03-04,AAPL,29.978391423950846,1.0424230377826365,12.810602188110352
2013-04-18,AAPL,28.463151761273327,1.0416525855417869,11.95666217803955
2013-04-19,AAPL,28.00112623396636,1.0682918326079134,11.910303115844727
2013-06-24,AAPL,26.390561476692394,1.0165949022297651,12.357841491699219
2013-06-25,AAPL,26.4964228758396,1.0393912275356447,12.360604286193848
2013-06-26,AAPL,24.568418285703977,1.0571005158712043,12.220616340637207
2013-06-27,AAPL,22.88149198325301,1.060033634834063,12.088912963867188
2013-06-28,AAPL,26.37151571090929,1.0467050032076817,12.173338890075684
2015-07-09,AAPL,28.202075994080595,1.070292239248809,26.891700744628906
2015-08-04,AAPL,26.55052707743437,0.9944498289812187,25.67555809020996
2015-08-05,AAPL,29.187713957478955,1.0031338768948568,25.84577178955078
2015-08-21,AAPL,26.6879011883495,1.0711985778785598,23.79395294189453
2015-08-24,AAPL,24.227866565958582,1.093483017445169,23.200000762939453
2015-08-25,AAPL,25.954073154637282,1.0383650279697494,23.339487075805664
2015-12-18,AAPL,29.205884060581223,1.007450719188705,23.956802368164062
2016-01-05,AAPL,29.86191925276885,0.9732256462347803,23.2066707611084
2016-01-06,AAPL,26.982642751066145,0.9671299235787049,22.752521514892578
2016-01-07,AAPL,22.12500617020165,1.0318300771437725,21.792259216308594
2016-01-08,AAPL,23.89574728580669,1.0017528539488623,21.907501220703125
2016-01-11,AAPL,29.22995265977031,0.9810212068952074,22.262224197387695
2016-04-27,AAPL,26.605090299769024,0.962891063886035,22.221736907958984
2016-04-28,AAPL,22.786862285381023,0.9892193306904482,21.54250144958496
2016-04-29,AAPL,21.571444061315677,0.9951412722171074,21.29488182067871
2016-05-02,AAPL,21.458384638168244,0.9969558161611004,21.27216911315918
2016-05-03,AAPL,27.74052707045991,0.9874842980339021,21.62200927734375
2016-05-04,AAPL,26.28501567432699,0.9881434259482028,21.397111892700195
2016-05-05,AAPL,25.723684306241534,0.9688973483879878,21.310258865356445
2016-05-06,AAPL,24.93887955156177,0.976272602123865,21.191415786743164
2016-05-09,AAPL,25.269381895580377,1.011746599810483,21.207412719726562
2016-05-10,AAPL,28.328268362419195,1.0007493112553911,21.351394653320312
2016-05-11,AAPL,26.63247510808423,1.0221599191501418,21.143415451049805
2016-05-12,AAPL,23.083748715012707,1.0427274773002135,20.64745330810547
2016-05-13,AAPL,23.988639451808407,1.0519221181135348,20.6885986328125
2016-11-14,AAPL,29.572908844608953,1.0569483539798203,24.41590690612793
2018-02-02,AAPL,24.843933273920786,0.9784900249266697,37.66694259643555
2018-02-05,AAPL,21.029877491473588,1.0439861695579455,36.72583770751953
2018-02-08,AAPL,29.362754433279893,1.1195317558265985,36.41136169433594
2018-11-20,AAPL,29.06049855012253,1.0223755247593198,42.15810775756836
2018-11-21,AAPL,28.968866079444446,1.0156693484303476,42.11045837402344
2018-11-23,AAPL,26.917202639540694,1.036508004227677,41.0409049987793
2018-11-26,AAPL,29.699659190702004,1.0584125785803609,41.59593200683594
2018-11-27,AAPL,29.502380412864916,1.0140611623015525,41.50541305541992
2018-12-20,AAPL,28.121497467893334,0.9961741938053125,37.35820770263672
2018-12-21,AAPL,24.833739803029527,1.0465070445998625,35.90513610839844
2018-12-24,AAPL,22.98361663360487,1.0755294597536422,34.97611999511719
2019-01-03,AAPL,27.903558050421246,1.0816509626380695,33.87084197998047
2019-05-31,AAPL,29.594160865094633,1.086136941685769,42.04327392578125
2019-06-03,AAPL,28.06163186388192,1.1112521850444745,41.61819839477539
2020-02-27,AAPL,28.734233107502817,1.0709277321586164,66.29061889648438
2020-02-28,AAPL,28.677812163495233,1.0573235292898333,66.25186157226562
2021-02-25,AAPL,28.348701595815996,0.9928919585444177,118.20233154296875
2021-02-26,AAPL,29.17873511704661,1.0013194579016742,118.46610260009766
2022-09-30,AAPL,28.54120809920414,1.013675879515767,136.20675659179688
2022-12-28,AAPL,29.72664496993896,0.9919072564290206,124.42821502685547
2023-08-07,AAPL,29.566758556486977,1.0047658226397385,177.07705688476562
2023-08-10,AAPL,29.8410619496794,0.9790131835261389,176.2057647705078
2023-08-17,AAPL,27.519870422089355,1.0136782472270722,172.5077667236328
2023-08-18,AAPL,29.07535131801374,1.0236116016253594,172.99359130859375
2024-01-04,AAPL,29.82834724515133,1.0202298524248234,180.58753967285156
2024-01-05,AAPL,28.84165117689384,1.0261618863590225,179.8628387451172
2024-03-04,AAPL,28.831016742333,0.9865790169734415,174.0488739013672
2024-03-05,AAPL,23.270394658423605,1.0182812664257668,169.09873962402344
2024-03-06,AAPL,22.33869332738881,1.011885181618951,168.104736328125
2024-03-07,AAPL,22.22372155322162,1.0236686100293793,167.9854736328125
2024-03-08,AAPL,27.97942838993045,1.0110700685644902,169.705078125
2025-01-21,AAPL,29.697462946255715,1.0701581126782123,222.10421752929688
2025-03-13,AAPL,25.852018876536842,1.021079758127464,209.4053955078125
2025-04-04,AAPL,25.193288436710404,1.0518631568634067,188.13330078125
2025-04-07,AAPL,22.771004434105283,1.1160585754040997,181.2223663330078
2025-04-08,AAPL,20.05786323411529,1.1723697795261092,172.19419860839844
2006-02-09,GOOG,29.20886500959896,1.0214342163816998,8.893632888793945
2006-02-13,GOOG,27.473642798943132,1.060428007562056,8.569637298583984
2006-02-14,GOOG,26.976828481686532,1.0645753817408707,8.510638236999512
2006-02-15,GOOG,26.770927821218805,1.1042409910178168,8.487337112426758
2006-08-02,GOOG,29.65471597368112,1.0264411054612441,9.103349685668945
2008-01-22,GOOG,27.994021549815233,0.9421066415576608,14.485586166381836
2008-01-23,GOOG,22.658690077151498,0.9993620838547329,13.599867820739746
2008-01-28,GOOG,29.587785218552366,0.8910933346323636,13.782316207885742
2008-01-29,GOOG,28.70114201125912,0.9205841809177742,13.646966934204102
2008-01-30,GOOG,28.324469329001285,0.9150781558412725,13.591192245483398
2008-02-01,GOOG,26.884351643544395,1.0015313956237104,12.788763046264648
2008-02-04,GOOG,24.34243482341632,1.0519345222842096,12.281330108642578
2008-02-05,GOOG,28.39236814083147,1.0222770783449227,12.56318187713623
2008-02-06,GOOG,27.67806694393913,1.0655957840505237,12.437003135681152
2008-02-07,GOOG,28.90419977972251,1.054064866625022,12.517321586608887
2008-02-26,GOOG,26.30111274510587,0.9577975798185162,11.506912231445312
2008-03-03,GOOG,27.61493143072981,0.9050369123279599,11.329174041748047
2008-03-04,GOOG,25.354713760722735,0.9892936222160325,11.021292686462402
2008-03-05,GOOG,26.961584322983406,0.9832028929191298,11.098138809204102
2008-03-06,GOOG,24.242216292418277,1.0238271427886823,10.726300239562988
2008-03-07,GOOG,24.597131559526375,1.0105456765513723,10.742413520812988
2008-03-10,GOOG,21.330563323305547,1.015110609925083,10.253320693969727
2008-03-17,GOOG,29.877713685918977,1.0736179528279948,10.408254623413086
2008-07-21,GOOG,28.75877016734256,1.0177474387606065,11.621191024780273
2008-09-08,GOOG,24.23651856860278,1.0331228885208639,10.410238265991211
2008-09-09,GOOG,23.953964936065823,1.0579706083054887,10.378259658813477
2008-09-10,GOOG,22.94890415441289,1.0007967173424845,10.266708374023438
2008-10-07,GOOG,28.99671263490819,1.048264654563673,8.57732105255127
2008-10-08,GOOG,27.774866060173892,1.0031351889516278,8.381485939025879
2008-10-09,GOOG,26.390829181376276,1.073074335078174,8.155160903930664
2008-10-10,GOOG,27.674660600339756,1.1221085387087497,8.230024337768555
2008-11-20,GOOG,29.15263053501852,1.1286794240388542,6.434291839599609
2008-11-24,GOOG,29.41578461509572,1.0686374750475884,6.381738662719727
2010-01-22,GOOG,29.162616916591748,0.9635097794059787,13.634324073791504
2010-01-25,GOOG,26.482707391240883,0.9870739952237153,13.386185646057129
2010-01-26,GOOG,28.200524846853884,0.9791674586661386,13.446174621582031
2010-01-27,GOOG,28.106998447049246,0.9976387795402717,13.438241958618164
2010-01-28,GOOG,25.853403742243476,0.9859439895236243,13.244637489318848
2010-01-29,GOOG,24.66708915171454,1.0025474524821818,13.136804580688477
2010-02-01,GOOG,27.213803329366794,1.0008442440771192,13.213155746459961
2010-02-02,GOOG,26.61605161445337,1.0100165070564424,13.166056632995605
2010-02-04,GOOG,29.558624745194884,1.0182619346124924,13.058470726013184
2010-05-04,GOOG,27.764506850878828,1.0052926264868822,12.552522659301758
2010-05-06,GOOG,26.953628435882628,1.0244851846811525,12.361644744873047
2010-05-07,GOOG,25.428624157729455,1.0291803598925355,12.22456169128418
2010-05-20,GOOG,28.70736638746815,1.03252555534804,11.77513313293457
2010-05-21,GOOG,27.92487029397266,1.0287681167865412,11.701756477355957
2010-06-30,GOOG,27.535493169690138,1.0260929697739682,11.029967308044434
2010-07-01,GOOG,25.941246135000952,1.0637102108258556,10.89461898803711
2010-07-02,GOOG,25.098599486388913,1.0899780980993297,10.82174015045166
2010-07-06,GOOG,24.956052229723106,1.1218382383884025,10.809840202331543
2011-03-11,GOOG,29.521676954499704,0.9728632847808467,14.296197891235352
2011-03-14,GOOG,26.813325059932254,1.0114211863492741,14.129613876342773
2011-03-15,GOOG,26.64486646802388,1.0136246389345722,14.118953704833984
2011-03-16,GOOG,22.277584112172505,1.0449829185564812,13.810080528259277
2011-03-17,GOOG,26.701150990851353,1.0454788152485281,13.915682792663574
2011-03-18,GOOG,26.586393641888627,1.0332940821605923,13.908246040344238
2011-04-15,GOOG,27.69828824069674,0.9893536594109054,13.155644416809082
2011-04-18,GOOG,26.7305019456326,1.0113508797820883,13.059956550598145
2011-04-19,GOOG,25.414986984358094,1.0311199178184898,12.928327560424805
2011-04-20,GOOG,28.41584925758111,1.0232819789682124,13.032441139221191
2011-04-21,GOOG,28.232375440854057,1.0361836222393939,13.016825675964355
2011-04-25,GOOG,28.21678608413177,1.0257309037407412,13.015584945678711
2011-06-16,GOOG,29.97998575064361,0.9597297097186573,12.403786659240723
2011-06-17,GOOG,23.099157258925413,0.9790937245559423,12.023272514343262
2011-06-20,GOOG,22.93663863365334,0.9963268933159636,12.012364387512207
2011-06-22,GOOG,29.803552266386895,1.0216833136596501,12.072604179382324
2011-06-23,GOOG,26.899613983653037,1.0544751891541349,11.904282569885254
2011-06-24,GOOG,24.84906554816405,1.0971824348578871,11.771910667419434
2012-01-25,GOOG,29.548752680406317,1.0199125486717975,14.117218971252441
2012-01-26,GOOG,29.202411971790287,1.0299419408817523,14.08276081085205
2012-11-08,GOOG,26.564841944990086,0.9922887510225459,16.169767379760742
2012-11-15,GOOG,29.525845525544455,1.031996226451878,16.04507827758789
2012-11-16,GOOG,29.500529640291738,1.0215860943536965,16.043094635009766
2014-04-04,GOOG,29.61914806064499,0.9769120366449057,26.954973220825195
2014-04-07,GOOG,28.02854666209285,0.9895382433770143,26.70733070373535
2014-10-13,GOOG,29.366223640143556,0.9768008714557378,26.462167739868164
2014-10-16,GOOG,28.42645476901126,1.0371203277276861,26.03040313720703
2014-10-17,GOOG,24.708475051484697,1.055969668118736,25.368364334106445
2014-12-16,GOOG,25.432230077281226,1.0710552623939253,24.58523178100586
2016-06-27,GOOG,27.910482475626875,1.0399395438672883,33.25548553466797
2018-02-08,GOOG,28.058602758672237,1.0878665068532993,49.839935302734375
2018-10-10,GOOG,24.714446225079918,1.0318806292254639,53.80615234375
2018-10-11,GOOG,24.45889387590882,1.0080143191422435,53.71159744262695
2019-06-03,GOOG,24.187135548994302,1.0426063025228423,51.567256927490234
2019-06-04,GOOG,29.614021352557472,1.0243769794858135,52.4042854309082
2019-06-05,GOOG,28.213612803959194,1.0333999500448214,51.86534118652344
2019-06-06,GOOG,28.92220652237564,1.0425435697484815,51.97084426879883
2020-02-27,GOOG,26.42158412857541,1.0007207899215493,65.59381103515625
2020-03-09,GOOG,28.648137523376487,0.8920414845233922,60.491485595703125
2020-03-12,GOOG,27.58647125795788,1.0003408858315046,55.48270797729492
2022-01-21,GOOG,27.29222184540472,1.0245788176985777,129.47872924804688
2022-01-24,GOOG,28.17744997800336,1.040856296746118,129.7574005126953
2022-01-25,GOOG,24.07725190195363,1.0879232689008265,126.13804626464844
2022-04-27,GOOG,29.606236314529127,1.0656795578136924,114.47827911376953
2022-09-21,GOOG,29.55957577832622,1.0072991548217958,99.53854370117188
2022-09-23,GOOG,29.350402555327282,0.9695472737624886,98.70249938964844
2022-09-26,GOOG,28.858198980235596,1.004959049806244,98.34420013427734
2022-09-27,GOOG,27.852162903709754,1.0440412861806392,97.6275863647461
2022-09-30,GOOG,29.673059641059762,1.0355693376543063,95.69673919677734
2022-11-03,GOOG,28.58311611209899,1.127919620353753,83.0964126586914
2024-08-05,GOOG,27.589359212053573,1.0206050563594007,160.06466674804688
2024-08-06,GOOG,27.511844646201013,1.0335741983067244,159.9650115966797
2024-08-07,GOOG,27.969488201203095,1.0079626139627391,160.1742706298828
2024-09-06,GOOG,28.672346434558033,1.0423878560347177,151.58514404296875
2024-09-09,GOOG,26.590903920026204,1.063193852981098,149.2005615234375
2024-09-10,GOOG,27.702400887662787,1.0684621062440232,149.66949462890625
2025-02-27,GOOG,27.037738125549698,1.0235004091206854,170.0163116455078
2025-03-03,GOOG,28.05011423926817,0.9960937344326333,168.46807861328125
2025-04-04,GOOG,28.483305516336344,1.0789223498699532,147.74000549316406
2025-04-08,GOOG,29.033481801467698,1.082548715333438,146.5800018310547
2000-11-30,NVDA,29.73813423358342,1.0,0.15474392473697662
2000-12-21,NVDA,28.76775836812216,1.1754428072662386,0.10650596767663956
2001-09-18,NVDA,27.679168484746135,0.9026284730345459,0.24407541751861572
2001-09-19,NVDA,27.101022575256184,0.8808218463501425,0.24109509587287903
2001-09-20,NVDA,23.484528071513843,0.9089321629017276,0.22069181501865387
2001-09-21,NVDA,21.295250792109105,1.018540709899354,0.20609590411186218
2001-09-26,NVDA,28.878596390386914,1.0284301267787688,0.21236182749271393
2001-09-27,NVDA,26.778231031722623,1.2300942352589153,0.20059388875961304
2001-10-01,NVDA,27.72476747959797,1.3381058105878845,0.19211167097091675
2001-10-02,NVDA,26.094528285170576,1.3475724828778015,0.18248315155506134
2002-04-10,NVDA,28.9233789071817,1.0462211808798358,0.2942810654640198
2002-04-11,NVDA,26.825202234228936,1.0760485109805775,0.2813660800457001
2002-04-12,NVDA,26.652819731613175,1.0065432938069805,0.28029686212539673
2002-04-24,NVDA,26.036979336369814,1.091130407092754,0.2482019066810608
2002-04-26,NVDA,25.98480308317766,1.0783694007478661,0.23207733035087585
2002-06-19,NVDA,25.91968908973536,0.8415092553234023,0.1822539120912552
2002-06-20,NVDA,25.58520005843004,0.7228074052502337,0.18057303130626678
2002-06-21,NVDA,24.10761787082286,0.7581675217452777,0.17315997183322906
2002-06-24,NVDA,26.097622506067513,0.7426334444044627,0.1763695329427719
2002-06-25,NVDA,23.12777690926015,0.7586177151150789,0.16177450120449066
2002-06-26,NVDA,21.602943186939076,0.8694592968620657,0.15336835384368896
2002-06-27,NVDA,18.10819826047118,1.1118289872025593,0.13051952421665192
2002-06-28,NVDA,18.582936202133656,1.1385304400353313,0.13128426671028137
2002-07-01,NVDA,18.53657714240699,1.0851839392093932,0.13097791373729706
2002-07-02,NVDA,17.285532503953785,1.1264035518490887,0.1227250024676323
2002-07-03,NVDA,24.361591898817277,1.1421153356616898,0.1333475410938263
2002-07-31,NVDA,27.276668465551868,0.7985579968447923,0.08459335565567017
2002-08-01,NVDA,25.70154248674458,0.9410549306652067,0.07649346441030502
2002-08-02,NVDA,24.74341158464445,0.9839578237231338,0.07144992053508759
2002-08-05,NVDA,23.663848704320255,1.0697673733106758,0.06571868807077408
2002-08-06,NVDA,25.75690774543469,0.9955715020457536,0.0691574364900589
2002-08-07,NVDA,25.40681009555947,1.0882350605562952,0.06755270063877106
2002-08-08,NVDA,28.305152672206933,1.0923567238272986,0.07198455184698105
2002-08-09,NVDA,27.862966969367424,1.1619470487719166,0.07030370831489563
2002-08-12,NVDA,27.862966969367424,1.3749984633325718,0.07030370831489563
2002-08-13,NVDA,27.433442114774397,1.3418484570148321,0.06885117292404175
2002-10-09,NVDA,29.958457249113522,1.1736650056372695,0.05631944164633751
2003-07-30,NVDA,29.37933437086943,1.0376419062271245,0.14412224292755127
2003-08-08,NVDA,23.71378157536224,1.0419300164144427,0.1184462383389473
2003-08-11,NVDA,29.585290412349124,1.0177430408993686,0.12486527860164642
2004-04-30,NVDA,29.601736075087782,1.0760228349789427,0.15680721402168274
2004-05-03,NVDA,28.517174394805515,1.0473835968706995,0.154820054769516
2004-07-06,NVDA,29.943149047013822,0.9089905006517895,0.1385432481765747
2004-07-08,NVDA,28.167115861505472,0.8856130497327221,0.13495224714279175
2004-07-09,NVDA,24.85540805683682,0.8982275495338365,0.12914392352104187
2004-07-12,NVDA,23.339174581219755,0.9297437681800294,0.1261637806892395
2004-07-13,NVDA,23.221803044382796,0.9502448788775151,0.12593449652194977
2004-07-14,NVDA,20.518348969558847,0.9339656572092115,0.12035636603832245
2004-07-15,NVDA,20.137746458618956,0.9603631173557665,0.11951547116041183
2004-07-16,NVDA,18.58585789037079,0.9631065309700648,0.11600062996149063
2004-07-19,NVDA,21.009305846797137,0.9257331391058464,0.11729998886585236
2004-07-20,NVDA,25.3704068915495,0.9374176337684879,0.11966861039400101
2004-07-21,NVDA,21.45963813686432,0.9728104712577686,0.11240871250629425
2004-07-22,NVDA,25.496370655428375,1.01530735314317,0.11477825045585632
2004-07-23,NVDA,23.796896736332094,1.0547225482953109,0.1117209643125534
2004-07-26,NVDA,22.166582140606522,1.0992255651994922,0.10858848690986633
2004-07-27,NVDA,28.23626098244903,1.0088611057848673,0.1121794655919075
2004-07-28,NVDA,26.4851487589298,1.046121193345219,0.10935237258672714
2004-08-06,NVDA,18.168371487854902,1.113472541879398,0.07206067442893982
2004-08-09,NVDA,21.48224706093165,1.0558456515380454,0.07527019828557968
2004-08-10,NVDA,27.36508377905644,1.0319922800058958,0.08123069256544113
2004-08-11,NVDA,26.51491360938411,1.1337206034112104,0.07886207848787308
2004-08-12,NVDA,25.84536150954974,1.1567506876218017,0.0770280659198761
2004-08-13,NVDA,29.2140673864865,1.1761940834441884,0.08023758232593536
2004-08-16,NVDA,28.877823644315626,1.213461024464644,0.07947371155023575
2005-04-15,NVDA,28.242384627442608,1.041682497906623,0.16315007209777832
2005-04-18,NVDA,27.53631278384465,1.0655640371637314,0.1620037853717804
2006-05-17,NVDA,29.64311772233879,0.9635409594776286,0.3814724087715149
2006-05-18,NVDA,26.18726210593241,1.0037766536474007,0.36420246958732605
2006-05-22,NVDA,28.987557313900098,0.9570821057899962,0.3668004274368286
2006-05-23,NVDA,28.12704922672202,0.9679855868690292,0.36282700300216675
2006-05-30,NVDA,26.85056356170753,0.9673491089137825,0.35105812549591064
2006-05-31,NVDA,26.95014715666815,0.9495221599267388,0.3512113094329834
2006-06-06,NVDA,29.438069629428348,0.8937898153593221,0.339595764875412
2006-06-07,NVDA,27.981533005157612,0.9367555181803477,0.33348292112350464
2006-06-08,NVDA,26.565827121547137,1.0378153524923595,0.3273693323135376
2006-06-09,NVDA,26.314858022269632,1.014520606624388,0.3262992203235626
2006-06-12,NVDA,22.463486612524296,1.0416458447594004,0.30826547741889954
2006-06-13,NVDA,21.570212417023075,1.0412899408562897,0.30352723598480225
2006-06-14,NVDA,27.387890872583814,1.0229930257528643,0.3123919665813446
2007-03-05,NVDA,28.901112019549508,1.054590359237723,0.43954887986183167
2008-01-07,NVDA,26.57392990998293,1.0724906980556386,0.6166830062866211
2008-01-08,NVDA,29.528226614251928,0.9730614586761368,0.6297503113746643
2008-01-16,NVDA,28.9001293098182,1.091100782341093,0.5435523986816406
2008-01-17,NVDA,28.20973019545364,1.0708150251277646,0.5341530442237854
2008-03-10,NVDA,27.658168027337254,0.969072136588347,0.422508180141449
2008-07-02,NVDA,28.65151902204122,0.6539099554001431,0.41333815455436707
2008-07-03,NVDA,15.040807870024942,0.9343476454811158,0.28633353114128113
2008-07-07,NVDA,14.517958395336484,0.9206610227726162,0.27739280462265015
2008-07-08,NVDA,14.421061446473527,0.9359930226272929,0.2757880985736847
2008-07-09,NVDA,14.11664816876177,0.9576989277823054,0.27097374200820923
2008-07-10,NVDA,14.070949526629898,0.9635287918316878,0.2702859342098236
2008-07-11,NVDA,13.877454531643817,0.9905740088517451,0.2675350606441498
2008-07-14,NVDA,13.025452136699595,1.043985557729987,0.25538474321365356
2008-07-15,NVDA,14.308245040218004,1.0106566940649981,0.25813573598861694
2008-07-16,NVDA,14.983444323214085,1.035335637104084,0.259511262178421
2008-07-17,NVDA,15.461677810901255,0.9709509261462149,0.2604282796382904
2008-07-18,NVDA,17.94696924906986,1.0,0.26501327753067017
2008-07-21,NVDA,18.84620500182245,0.9914016150964402,0.2666179835796356
2008-07-22,NVDA,18.083916487283982,1.023726447931448,0.26088660955429077
2008-07-23,NVDA,22.66525702235042,0.9795220359012703,0.26868125796318054
2008-07-24,NVDA,20.196673284380978,1.037170536957388,0.2528630793094635
2008-07-25,NVDA,26.792292754220696,0.9377161544110287,0.26501327753067017
2008-07-28,NVDA,26.657981792128815,0.917606444798525,0.26432549953460693
2008-07-29,NVDA,28.208249439560497,0.9605145330616706,0.2670765221118927
2008-07-30,NVDA,27.32699541350906,1.0008713791196726,0.263179212808609
2008-07-31,NVDA,27.11235187837588,0.9886371190550243,0.26226213574409485
2008-08-01,NVDA,24.059854194557293,1.014760175038277,0.24850723147392273
2008-08-04,NVDA,22.85883913883866,1.0614365426045855,0.24254678189754486
2008-09-11,NVDA,28.56202997296844,1.057281121334058,0.2361277937889099
2008-09-12,NVDA,27.852686585948472,1.1197257235935987,0.2336059808731079
2008-09-15,NVDA,22.89779745644487,1.2010753863560182,0.21320265531539917
2008-09-16,NVDA,27.428106458129655,1.1313870201232945,0.21985092759132385
2008-10-06,NVDA,29.226990937577973,1.0254780097346998,0.17996136844158173
2008-10-07,NVDA,26.85985772919927,1.0870164390500405,0.16597716510295868
2008-10-08,NVDA,28.3956090599833,0.9499323045810971,0.16941587626934052
2008-10-09,NVDA,26.516813691665536,1.1127165097206702,0.15864120423793793
2008-10-10,NVDA,26.08184799485274,1.1233478448070569,0.1561194211244583
2009-10-28,NVDA,26.890197124550163,0.9966725844034559,0.2755586802959442
2010-05-04,NVDA,29.10382845051392,0.9762715939529528,0.33814406394958496
2010-05-05,NVDA,27.565461420171193,1.0124139271524533,0.33241283893585205
2010-05-06,NVDA,25.80289702348535,1.031690389057959,0.3255353569984436
2010-05-07,NVDA,24.455676227915703,0.9283663992931624,0.32003331184387207
2010-05-14,NVDA,25.64595184279869,0.9822537117967006,0.29710817337036133
2010-05-17,NVDA,26.064569985711124,0.9515012245335844,0.29779601097106934
2010-05-18,NVDA,23.980772417021814,1.0103505598398113,0.2879382073879242
2010-05-19,NVDA,26.907790217659688,0.9992164395485812,0.29252326488494873
2010-05-20,NVDA,25.33218407324066,1.0834674710058134,0.2856457233428955
2010-05-21,NVDA,29.342353173984158,1.032206885804449,0.29183560609817505
2010-05-24,NVDA,27.187506382279068,1.0177993592180197,0.2833532691001892
2010-06-07,NVDA,28.915095276926188,0.9878263175636492,0.2636377215385437
2010-06-08,NVDA,27.12958544085217,1.0661897938583431,0.2563016712665558
2010-06-09,NVDA,25.68825209178676,1.0788267669482916,0.25011196732521057
2010-06-30,NVDA,29.257009003141153,1.0097941774412487,0.2340644896030426
2011-03-16,NVDA,29.73761601411503,1.0159726855042022,0.4018756151199341
2011-06-17,NVDA,28.653519337141958,0.9955723014929833,0.36244460940361023
2011-06-20,NVDA,27.552362022103672,0.9865554988693742,0.3580889105796814
2011-07-12,NVDA,29.773625715838243,0.9680053535913646,0.33676856756210327
2011-07-13,NVDA,29.54485366245125,0.9577079859632869,0.33608075976371765
2011-07-14,NVDA,25.470464200768962,1.0440340608759633,0.32278427481651306
2011-07-15,NVDA,25.850277658609635,1.063829638148035,0.3232428729534149
2011-07-18,NVDA,23.884437445380005,1.0695657350941872,0.31636524200439453
2011-08-08,NVDA,27.53361593692412,1.1207044184867627,0.27349555492401123
2012-04-20,NVDA,29.864547953038677,0.9693797256349009,0.30696603655815125
2012-04-23,NVDA,28.1484092184769,0.982615300488995,0.30329808592796326
2012-04-24,NVDA,24.2955661156581,1.0319815048380558,0.2938987612724304
2012-04-27,NVDA,29.767188669279214,0.944530520757801,0.29756665229797363
2012-05-03,NVDA,29.059747831436834,0.9833725715105616,0.2895430624485016
2012-05-04,NVDA,25.468266294773517,1.0774876243726033,0.2810607850551605
2013-11-07,NVDA,29.355165087821568,1.1147769114498103,0.34119799733161926
2014-10-10,NVDA,24.156789245684916,1.033827709357373,0.40267840027809143
2014-10-13,NVDA,23.710351462284954,1.0464563053397649,0.40124455094337463
2015-07-09,NVDA,29.34628397810383,1.0401854834667987,0.4697778820991516
2016-01-15,NVDA,25.15937073823915,1.0483218262484097,0.6614027619361877
2016-01-19,NVDA,27.18240246625236,1.050127519208335,0.666770339012146
2016-01-20,NVDA,28.599433459719908,1.0320230079381618,0.6704297065734863
2016-02-08,NVDA,27.058992626566198,1.0701823471032108,0.615292489528656
2016-02-09,NVDA,29.44503258753742,1.0851314110025954,0.6218797564506531
2016-02-10,NVDA,29.216323176037584,1.1812818376818273,0.620415985584259
2016-02-11,NVDA,28.69619085364223,1.2031620646490284,0.6172441840171814
2018-10-11,NVDA,27.638376931534275,1.0187129498059642,5.824573993682861
2018-10-24,NVDA,24.521579792853867,1.0572688908647727,4.939727306365967
2018-10-26,NVDA,27.817446621590662,1.0838671316621649,4.911983013153076
2018-10-29,NVDA,24.702670747860438,1.140879017655247,4.59812593460083
2018-11-16,NVDA,29.109359028626535,0.9307906674549148,4.073214530944824
2018-11-19,NVDA,24.964425532526867,1.0624048387336011,3.584467649459839
2018-11-20,NVDA,27.43466906154705,1.0737189452622642,3.6929664611816406
2018-11-21,NVDA,26.497390632259037,1.088504152038674,3.5847151279449463
2018-11-23,NVDA,26.676411338208826,1.1282309300412232,3.5918986797332764
2018-12-21,NVDA,29.258445834209567,1.030331177271501,3.2128820419311523
2018-12-24,NVDA,28.27249333291769,1.0719232651445474,3.151139259338379
2019-05-13,NVDA,26.53490186333036,0.957715449533405,3.9330546855926514
2019-05-17,NVDA,28.882040665549084,0.927298103553915,3.885396718978882
2019-05-20,NVDA,25.751178648328317,0.9445139887421155,3.766747236251831
2019-05-22,NVDA,29.267525508956133,0.9150381314034594,3.77791690826416
2019-05-23,NVDA,26.141887242964103,0.9205444451826416,3.656785249710083
2019-05-24,NVDA,24.86997925723623,0.9227193866281236,3.6029210090637207
2019-05-28,NVDA,23.823081414278825,0.9988363027438326,3.5577454566955566
2019-05-29,NVDA,22.171797173125256,1.0078472534202378,3.483527183532715
2019-05-30,NVDA,21.594310948510806,1.0335704480908205,3.4569380283355713
2019-05-31,NVDA,19.708476267834403,1.0741178947016525,3.3662333488464355
2019-06-03,NVDA,18.89075153009723,1.1095082358946753,3.3244850635528564
2022-01-21,NVDA,29.29516469209708,0.9771541234061045,23.333045959472656
2022-01-24,NVDA,29.289421765915787,1.0476638318783336,23.3310489654541
2022-01-25,NVDA,26.372668667301095,1.1036553755202656,22.284883499145508
2022-01-26,NVDA,29.60012642136584,1.1084666885827903,22.732097625732422
2022-01-27,NVDA,27.224800220695727,1.0913232661870016,21.905550003051758
2022-04-27,NVDA,29.739256642201852,1.1042085322157638,18.385866165161133
2022-09-01,NVDA,29.84570347986672,1.032594909430377,13.917890548706055
2022-09-02,NVDA,28.740162259304892,1.063186715910333,13.628290176391602
2022-09-06,NVDA,28.03820829104815,0.9754848271068136,13.446537971496582
2022-09-26,NVDA,28.904242046230255,1.0232253302451069,12.214864730834961
2025-04-04,NVDA,28.45703618397929,1.1762273690682286,94.30999755859375
2000-04-13,AMZN,29.164626467504807,1.0911458297115235,2.4000000953674316
2000-04-14,AMZN,28.359467734743486,1.0626666259765625,2.34375
2000-04-17,AMZN,28.712711333678037,1.1142098024645477,2.3531250953674316
2000-06-23,AMZN,27.338569280829372,1.0719556763151996,1.693750023841858
2000-06-26,AMZN,27.479492143541286,1.0902394400502051,1.696874976158142
2000-10-11,AMZN,28.5143635017402,0.9033708036615608,1.390625
2000-10-12,AMZN,25.201626918197213,1.1044776289360534,1.256250023841858
2000-10-16,AMZN,29.847280848131284,1.2339331135518634,1.2156250476837158
2000-10-17,AMZN,27.277299792027566,1.3475783844245577,1.0968749523162842
2000-12-21,AMZN,29.346665094456288,1.0246913744982613,0.7593749761581421
2001-02-28,AMZN,29.744328665523895,1.202454067415299,0.5093749761581421
2001-06-19,AMZN,28.442223522932657,1.1663732432239857,0.5680000185966492
2001-08-10,AMZN,28.019050574495612,1.0040201086302134,0.4975000023841858
2001-08-13,AMZN,29.76953845344714,1.02766798232734,0.5059999823570251
2001-09-05,AMZN,27.05245456803323,0.9529411581377483,0.3824999928474426
2001-09-26,AMZN,26.00347947565616,1.0645669436202003,0.3174999952316284
2001-09-27,AMZN,25.249965695397698,1.1354838560820868,0.3100000023841858
2001-09-28,AMZN,24.096928962617305,1.2060301928974027,0.2985000014305115
2001-10-01,AMZN,24.740595322393013,1.1846921787103915,0.3005000054836273
2001-10-02,AMZN,25.924444400573027,1.1365131693427812,0.30399999022483826
2002-07-01,AMZN,29.82263810558582,1.1512914544799995,0.6775000095367432
2002-07-02,AMZN,29.043989178949065,1.1231231473113563,0.6660000085830688
2004-02-03,AMZN,28.997785438905527,1.0144637422846867,2.246999979019165
2004-02-24,AMZN,28.428691349122015,0.9926749382291922,2.115999937057495
2004-07-23,AMZN,26.672850141493914,0.9734867561100129,1.9989999532699585
2004-07-26,AMZN,24.945299736135052,0.9876224608006474,1.9390000104904175
2004-07-27,AMZN,26.357854922843956,0.9616466134350911,1.9555000066757202
2004-07-28,AMZN,24.63311776462838,0.9776138952636017,1.8984999656677246
2004-07-29,AMZN,27.371718701547803,0.9230171259066997,1.9290000200271606
2004-07-30,AMZN,28.92201698439428,0.911870519352489,1.9459999799728394
2004-08-02,AMZN,27.75841900357546,0.9221932467904999,1.9149999618530273
2004-08-03,AMZN,26.48151267863039,0.9864398083091761,1.8804999589920044
2004-08-04,AMZN,25.581552956657788,0.9849137942108473,1.8559999465942383
2004-08-05,AMZN,22.988799150379045,1.0190957140428674,1.780500054359436
2004-08-06,AMZN,22.791105642003004,1.0180332180428247,1.7745000123977661
2004-08-09,AMZN,22.49596497923843,1.0744620630280968,1.7660000324249268
2004-10-22,AMZN,28.88305150692799,0.9864162049661074,1.7300000190734863
2004-10-25,AMZN,27.415655984652084,1.0332646198416893,1.6985000371932983
2004-10-26,AMZN,27.086325352676965,1.0712385997083724,1.691499948501587
2004-10-27,AMZN,29.685247378188855,1.0493718684054854,1.7115000486373901
2005-02-22,AMZN,29.464819069888094,1.0192972790684756,1.7359999418258667
2005-02-23,AMZN,27.513847641392864,1.0398359451131665,1.7070000171661377
2005-03-22,AMZN,28.454849164160727,1.0352940761866376,1.6575000286102295
2005-03-23,AMZN,28.869508268492815,1.0328511045829036,1.659000039100647
2005-03-24,AMZN,27.173463799266017,1.034367369953111,1.6440000534057617
2006-01-12,AMZN,29.453484742231566,0.9900812278578681,2.2179999351501465
2006-01-13,AMZN,29.85474177751426,0.9849099298652022,2.2200000286102295
2006-01-17,AMZN,28.13165798361971,1.0004545124995814,2.200000047683716
2006-01-23,AMZN,29.305185451001215,1.0281270670121383,2.186500072479248
2006-02-03,AMZN,19.185546659536147,1.0049569667831848,1.9164999723434448
2006-02-06,AMZN,18.512168402964825,0.9976284419600607,1.8975000381469727
2006-02-07,AMZN,17.75285009774165,1.0194562772935094,1.8760000467300415
2006-02-08,AMZN,22.900918722475875,1.0285565125750968,1.9084999561309814
2006-02-09,AMZN,22.481269304052727,1.0305343343775677,1.8995000123977661
2006-02-10,AMZN,26.738248814457943,1.0173935390174296,1.9259999990463257
2006-02-13,AMZN,24.90416271296433,1.0113576288119972,1.8930000066757202
2006-02-14,AMZN,28.045056383077732,1.012287563594649,1.912500023841858
2006-03-02,AMZN,29.49563075615904,0.9793926312496554,1.843999981880188
2006-03-09,AMZN,27.951351779132267,1.0179955862199341,1.805999994277954
2006-03-10,AMZN,29.090640062012728,0.9936499166094482,1.8109999895095825
2006-03-13,AMZN,28.942777783714458,1.0011052634838258,1.809499979019165
2006-03-27,AMZN,28.750893610337574,1.0252482224796315,1.7625000476837158
2006-05-17,AMZN,25.872369599033853,1.1132553111490666,1.5805000066757202
2006-07-26,AMZN,22.631278511014035,0.9935262907787935,1.312999963760376
2006-07-27,AMZN,24.190749477288634,1.0048945828083142,1.3279999494552612
2006-07-28,AMZN,27.395327825718475,1.0044166668714183,1.3585000038146973
2006-07-31,AMZN,26.834592893464077,0.9959092902830993,1.344499945640564
2006-08-01,AMZN,25.682169855227,1.0015197372902604,1.315999984741211
2006-08-02,AMZN,25.211672833109777,1.0045994956199609,1.3044999837875366
2006-08-03,AMZN,28.8724289020928,0.9925065636574502,1.3344999551773071
2006-08-08,AMZN,29.852196318132222,1.0534901505356504,1.3179999589920044
2006-08-09,AMZN,29.42870176018789,1.0663868833943964,1.3105000257492065
2008-01-23,AMZN,26.326711965616294,1.003244581367973,3.698499917984009
2008-02-06,AMZN,28.651207937573314,1.134910175129917,3.424499988555908
2008-11-19,AMZN,29.52713940833221,1.2265624365952286,1.7920000553131104
2008-11-20,AMZN,28.84524959961029,1.2189551685274955,1.7515000104904175
2010-06-29,AMZN,29.29779904688776,1.0443790026925208,5.430500030517578
2011-11-25,AMZN,29.26890328298473,1.074725925814385,9.119999885559082
2012-10-24,AMZN,29.217197971046545,1.017199861396055,11.424500465393066
2012-10-25,AMZN,25.74372411148343,1.0511843153172793,11.145999908447266
2014-03-31,AMZN,29.11580652925293,0.9446739628689353,16.818500518798828
2014-04-04,AMZN,26.413101476199447,0.9651083923223724,16.149999618530273
2014-04-07,AMZN,24.39981037387051,0.9941780126082135,15.887999534606934
2014-04-11,AMZN,29.397111562771762,1.0613993341748436,15.58650016784668
2014-10-24,AMZN,29.042691361557065,1.0640981046710907,14.352999687194824
2015-08-24,AMZN,29.196533763340852,1.1068692291664248,23.168500900268555
2016-01-13,AMZN,28.775375773625683,0.9883295086481596,29.090499877929688
2016-01-15,AMZN,29.27821793426067,1.0462134457470755,28.509000778198242
2016-02-08,AMZN,28.224954789862018,1.067609078963606,24.405000686645508
2016-02-09,AMZN,27.46472455537169,1.1079303635559083,24.103500366210938
2016-11-14,AMZN,29.349479405589975,1.0847344836505997,35.95349884033203
2018-10-10,AMZN,27.216764043221747,1.043572200654322,87.76249694824219
2018-10-11,AMZN,24.788477028584285,1.0298715885466079,85.96800231933594
2018-12-24,AMZN,29.222786071300643,1.1452200873410041,67.197998046875
2019-06-03,AMZN,27.18732545210156,1.0992148983346846,84.6344985961914
2019-08-02,AMZN,29.300121186756346,0.991410842909062,91.16200256347656
2019-08-05,AMZN,23.770412838716652,1.0112116609018913,88.25650024414062
2019-08-06,AMZN,29.377484753952977,1.0204214096381727,89.3915023803711
2021-08-18,AMZN,27.54595532195462,1.0306008012768264,160.06100463867188
2021-08-19,AMZN,26.72504777331739,1.0402321777196737,159.3874969482422
2021-08-20,AMZN,28.794809986979764,1.0467757865170468,159.99749755859375
2021-10-04,AMZN,28.94692891217713,1.0177191157787624,159.48899841308594
2022-01-20,AMZN,27.582181735232936,0.9206817603100139,151.66749572753906
2022-01-21,AMZN,21.168751936150393,1.0093589689280948,142.64300537109375
2022-01-24,AMZN,25.118596830181346,1.0347955986992703,144.54400634765625
2022-01-25,AMZN,22.24109390822632,1.0800616124355007,139.98599243164062
2022-01-26,AMZN,21.59039766720369,1.0845380165227507,138.87249755859375
2022-01-27,AMZN,23.251699228528036,0.9943282269819435,139.6374969482422
2022-04-29,AMZN,29.345900798391156,0.9234881897135175,124.28150177001953
2022-05-02,AMZN,29.59419634601959,0.8738072406814759,124.5
2022-05-03,AMZN,29.46837967928101,0.8761040896393286,124.25350189208984
2022-05-05,AMZN,26.670264006210715,0.9185916512438508,116.40699768066406
2022-05-06,AMZN,25.923082318185553,0.9850356244483899,114.77249908447266
2022-05-09,AMZN,23.344725973287233,1.01858183829771,108.78900146484375
2022-05-10,AMZN,23.440661657936143,1.059797522729826,108.85900115966797
2022-05-11,AMZN,21.965881778221114,1.0165176837925474,105.37200164794922
2022-05-12,AMZN,24.259512634976883,1.0036332388052907,106.93049621582031
2022-11-01,AMZN,28.2071108860788,0.9296415177789169,96.79000091552734
2022-11-02,AMZN,25.238948633816992,0.9350846376613305,92.12000274658203
2022-11-03,AMZN,23.622465109795733,1.0820827990051884,89.30000305175781
2022-11-04,AMZN,26.63701182119563,1.1078258649882335,90.9800033569336
2022-11-07,AMZN,26.337152568389083,1.087926645220424,90.52999877929688
2022-11-08,AMZN,25.952614017514968,1.099577670039976,89.9800033569336
2022-11-09,AMZN,23.38534101013868,1.1274669541993645,86.13999938964844
2024-08-05,AMZN,26.23964974701603,1.0358961534339335,161.02000427246094
2024-08-06,AMZN,27.60784088843385,1.0512567370294161,161.92999267578125
2024-08-07,AMZN,28.918573325239716,1.0450328785319989,162.77000427246094
2025-02-27,AMZN,29.771642502700224,0.9614831449011092,208.74000549316406
2025-03-04,AMZN,29.260783415796855,0.9646221461928236,203.8000030517578
2025-03-07,AMZN,29.8351655446929,0.9934755179334614,199.25
2025-03-10,AMZN,26.98451786390759,1.006168460205847,194.5399932861328
2025-04-04,AMZN,27.187509713293,1.0811110825566521,171.0
2025-04-08,AMZN,29.736470606926428,1.052326218704775,170.66000366210938
2012-06-08,META,24.08009492615625,1.1073800506818345,26.972877502441406
2012-06-11,META,23.971876484526806,1.1629026340672106,26.883298873901367
2012-06-12,META,25.533606351243986,1.1645985369808471,27.271469116210938
2012-06-13,META,25.346705053828337,1.1587824740041772,27.142080307006836
2012-06-14,META,29.695125734177708,1.1254859938660928,28.15729522705078
2012-07-27,META,24.718572313671036,0.8894982483407833,23.59877586364746
2012-07-30,META,23.641791637723948,0.9468681820996311,23.041404724121094
2012-07-31,META,21.096827987530165,0.9543989226137509,21.6081600189209
2012-08-01,META,19.77544669719074,0.9923372174973046,20.782052993774414
2012-08-02,META,18.511749408158202,1.0484032143221202,19.945995330810547
2012-08-03,META,24.966338208053752,1.0341393462062052,20.991069793701172
2012-08-06,META,29.706166120125406,0.9854016468269129,21.81717300415039
2012-08-07,META,27.046059209276912,0.983590616196071,20.622804641723633
2012-08-08,META,27.046059209276912,1.0231661399357712,20.622804641723633
2012-08-09,META,28.832237706955468,0.9457400931444176,20.91144561767578
2012-08-14,META,29.547910451335124,0.9401375626171501,20.28439712524414
2012-08-17,META,28.64193380514682,1.0188977082911044,18.96063804626465
2012-08-31,META,28.951877186809522,1.0415281893206072,17.975282669067383
2012-09-04,META,27.78735208335585,1.0958827162321922,17.646831512451172
2013-03-25,META,29.922307391591023,1.0115399693736702,25.012117385864258
2013-05-28,META,29.827820597500114,0.9759336581300836,23.986949920654297
2013-05-29,META,25.889254725450826,0.9819895465905127,23.210609436035156
2015-08-24,META,27.20981580688423,1.089414109907279,81.70491790771484
2016-06-27,META,29.80529092906281,1.0479949408813996,108.45882415771484
2016-11-03,META,27.644396903475915,1.0066667484304233,119.43708801269531
2016-11-14,META,26.883049159179368,1.058133378982629,114.54017639160156
2018-03-23,META,29.139202752317377,0.974904256441632,158.64231872558594
2018-03-27,META,25.287064363589636,1.0189200545387123,151.50595092773438
2018-03-28,META,26.624402812187757,1.041233813624601,152.31214904785156
2018-07-27,META,29.47332573165289,1.0165246209049823,174.06961059570312
2018-07-30,META,27.732653208292103,1.085525534546914,170.25758361816406
2018-07-31,META,29.511883649380994,1.0650712773786042,171.77044677734375
2018-08-01,META,29.040768377859717,1.0788233092796533,170.8448028564453
2018-09-06,META,28.10029790467754,0.9928013702836015,161.76759338378906
2018-09-07,META,29.155260034326435,0.9955839594029675,162.27517700195312
2018-11-19,META,28.029175943300604,1.0262256987094474,130.93292236328125
2018-11-20,META,29.667453239411667,1.0326964313601146,131.8087921142578
2019-06-03,META,27.863120366658784,1.065001623663023,163.37998962402344
2020-02-27,META,29.177855399714336,0.9758629671744369,188.85989379882812
2020-03-09,META,26.289508053800585,0.8614158660029573,168.70489501953125
2020-03-12,META,25.61962742528588,0.9913253053660239,153.7454071044922
2020-03-16,META,29.836958762339698,1.0143141176460706,145.3250732421875
2021-01-14,META,29.650219360403174,1.117489029814925,244.4877166748047
2021-09-22,META,29.714258848859902,0.9895108343644331,341.60003662109375
2021-10-04,META,28.06755342373453,0.9976090626104348,324.69970703125
2022-02-03,META,24.75509239551002,0.9592447357926125,236.64466857910156
2022-02-04,META,24.64490885545588,0.9260196690044767,235.9778289794922
2022-02-07,META,22.669476397482846,0.9679427348337579,223.85496520996094
2022-02-08,META,21.93419035928791,1.003724404640097,219.1471405029297
2022-02-09,META,28.201361788498303,0.9333619902954002,230.91171264648438
2022-02-10,META,27.413352378424538,0.9107291531807966,227.00015258789062
2022-02-11,META,25.73451013786956,0.939011659435062,218.52011108398438
2022-02-14,META,25.37117681091075,0.928249980757396,216.6787872314453
2022-02-15,META,27.341800949397005,0.8979637705675072,219.9633331298828
2022-02-16,META,26.32986770427616,0.958714497654623,215.5242156982422
2022-02-17,META,24.404143714352617,1.0133358152574563,206.73565673828125
2022-02-18,META,24.071330259604782,1.023622341183403,205.19293212890625
2022-02-22,META,23.175392495629723,1.006977411793838,201.132080078125
2022-02-23,META,22.377362438415105,1.0486771639041788,197.51910400390625
2022-02-24,META,29.01282339839763,0.9776973728227412,206.62619018554688
2022-03-01,META,28.94815077434192,0.9351318173750076,202.53546142578125
2022-03-04,META,29.63161524789114,0.9377685804118584,199.12155151367188
2022-03-07,META,25.703419024079782,0.9955192019366063,186.59060668945312
2022-03-08,META,28.005606698550867,1.0091440416778619,189.39735412597656
2022-03-14,META,29.98799734750643,1.1332048696487624,185.75453186035156
2022-04-27,META,27.81026823326246,1.2769933419443484,174.12933349609375
2022-09-26,META,29.50341338660548,1.0164260112255783,135.7303009033203
2022-09-27,META,28.263917027241526,1.04375,133.76953125
2022-10-12,META,29.885164058253693,1.0449410844085667,126.90191650390625
2022-10-27,META,23.846358947631202,0.9078006335615433,97.48058319091797
2022-10-28,META,25.200914457294783,0.9152219691488089,98.73464965820312
2022-10-31,META,23.08144594687423,1.0382137031901142,92.7229995727539
2022-11-01,META,25.364583910782766,1.0133404511607533,94.75341796875
2022-11-02,META,23.6384958047726,1.1207201468455859,90.11528778076172
2022-11-03,META,23.04768354634708,1.2582386365105933,88.49293518066406
2022-11-04,META,25.364705469508497,1.2448506045909704,90.36412048339844
2024-04-29,META,29.645263448274655,1.0764181518394587,431.0474548339844
2024-04-30,META,29.099800068537206,1.0884998656064708,428.6064147949219
2025-04-03,META,29.489564574130995,1.0275948667185149,531.6199951171875
2025-04-04,META,25.767473285867933,1.0769520248300486,504.7300109863281
2025-04-07,META,29.852341427964475,1.0295011728208232,516.25
2025-04-08,META,28.987465631199765,1.021686760817882,510.45001220703125
2000-02-10,BRK-B,28.720027624301476,1.0742893832388407,30.959999084472656
2000-02-11,BRK-B,25.470430113513004,1.1187790943447808,30.139999389648438
2000-02-14,BRK-B,20.430702534112264,1.1376405213008922,28.479999542236328
2000-03-10,BRK-B,29.61941930196818,1.2408759296845475,27.399999618530273
2001-09-17,BRK-B,21.816670247203273,0.9953117495627093,42.65999984741211
2001-09-18,BRK-B,21.07726420568098,1.022138541254703,42.459999084472656
2001-09-19,BRK-B,16.547535935472006,1.104492253165519,40.959999084472656
2001-09-20,BRK-B,25.09955106783558,1.110311711989447,41.70000076293945
2001-09-21,BRK-B,25.02490727694372,1.1180421816919792,41.68000030517578
2002-03-07,BRK-B,29.583237692025598,1.0309278046442463,46.560001373291016
2002-06-26,BRK-B,26.365851711742767,0.9835701229257372,45.040000915527344
2002-06-27,BRK-B,27.337517179444067,0.9995569238361962,45.13999938964844
2002-06-28,BRK-B,25.660088992519377,1.028200499394071,44.68000030517578
2002-07-01,BRK-B,24.66788573271721,1.042792739772187,44.400001525878906
2002-07-02,BRK-B,22.103792149692833,1.0504355987347658,43.619998931884766
2002-07-03,BRK-B,29.0296944773193,1.0158013718960484,44.29999923706055
2002-07-22,BRK-B,28.62644806487808,1.1024530575742195,41.58000183105469
2002-07-23,BRK-B,24.424996308960733,1.1710000038146973,40.0
2003-01-21,BRK-B,28.617132105689276,0.9955752044344336,45.20000076293945
2003-02-10,BRK-B,28.074233749409487,0.9943020448752231,42.119998931884766
2003-02-12,BRK-B,29.233874710715796,0.996186848167227,41.959999084472656
2003-02-13,BRK-B,26.281393732201664,1.022826581343926,41.18000030517578
2003-02-14,BRK-B,24.632684553178763,1.0393120010842363,40.70000076293945
2004-05-10,BRK-B,25.812393508766178,0.9968858078278249,57.79999923706055
2004-05-12,BRK-B,29.880330981611507,1.0243986818666628,57.790000915527344
2004-05-13,BRK-B,27.31553614375261,1.0477025815304564,57.02000045776367
2004-08-09,BRK-B,26.420042854772706,1.0150537663812367,55.79999923706055
2004-10-21,BRK-B,23.784834568015224,1.0276039748948835,54.34000015258789
2004-10-22,BRK-B,23.283565209323783,1.033923305598244,54.2400016784668
2004-10-25,BRK-B,22.369672524512513,1.0392156655203524,54.060001373291016
2005-03-16,BRK-B,27.95791471146787,0.9972106024109205,57.36000061035156
2005-09-21,BRK-B,27.397282871502064,1.019065429117078,53.5
2006-04-12,BRK-B,29.74043949227594,0.9896551987220501,58.0
2006-04-13,BRK-B,28.51473398262523,0.9958520277232099,57.86000061035156
2006-04-17,BRK-B,24.61320009071239,1.001743348553993,57.36000061035156
2006-04-18,BRK-B,22.252392035848658,1.0114035355417352,57.0
2008-07-02,BRK-B,28.550752810119345,1.0065856671541324,78.95999908447266
2008-07-03,BRK-B,25.6001091988044,1.0035943359924564,77.9000015258789
2008-07-14,BRK-B,28.998559846510148,1.0207414893282434,77.13999938964844
2008-07-15,BRK-B,27.560789179416716,1.0271398988468106,76.63999938964844
2008-07-16,BRK-B,25.292027366210224,1.0356200110757063,75.80000305175781
2008-07-28,BRK-B,29.040333987359134,1.0260053951888382,74.5999984741211
2008-07-29,BRK-B,28.229212685275044,1.0360699891668763,74.30000305175781
2008-11-17,BRK-B,29.261608253880112,0.9394904572734767,62.79999923706055
2008-11-18,BRK-B,28.942066927292124,1.02847998046875,62.5
2008-11-19,BRK-B,22.82258874127859,1.2073301676691728,55.65999984741211
2008-11-20,BRK-B,20.588244368949436,1.3354962083803072,52.400001525878906
2009-02-19,BRK-B,28.620452736925124,1.018875360891722,50.33000183105469
2009-02-20,BRK-B,25.10055755855608,1.074151591461439,47.7400016784668
2009-02-23,BRK-B,24.426051448045666,1.0355932262292438,47.20000076293945
2010-05-26,BRK-B,29.23068240698393,1.0287257771876113,70.31999969482422
2011-06-06,BRK-B,28.94989768386053,0.9860632403318128,75.33999633789062
2011-06-07,BRK-B,27.44269606623954,1.0033395671648637,74.86000061035156
2011-06-08,BRK-B,25.84281979005706,0.9932732411182169,74.33000183105469
2011-06-10,BRK-B,28.20734127688021,1.0195787824120508,74.05999755859375
2011-08-08,BRK-B,22.934895509803376,1.0883720818425107,66.6500015258789
2014-01-27,BRK-B,29.961966103606834,0.9774887700786505,111.5
2014-02-03,BRK-B,29.634609478562723,1.03321408218676,108.98999786376953
2014-02-05,BRK-B,29.52939211325683,1.0415517955799167,108.77999877929688
2015-08-21,BRK-B,23.597708096802737,1.011324722534919,134.22000122070312
2015-08-24,BRK-B,17.488876579480834,1.034498616263322,129.57000732421875
2015-08-25,BRK-B,15.759762573736918,1.0209018775872167,127.73999786376953
2017-04-13,BRK-B,26.74996649107853,1.0031308151303497,162.89999389648438
2018-06-27,BRK-B,27.839841376298015,1.0140067940435682,184.91000366210938
2018-12-19,BRK-B,29.785834769473485,1.0253624890848096,195.1699981689453
2018-12-20,BRK-B,28.236801092057696,1.0439094943671832,193.5800018310547
2018-12-21,BRK-B,26.83771131949334,1.0628838427301046,192.10000610351562
2018-12-24,BRK-B,23.206475992185382,1.0801023060552672,187.75999450683594
2019-08-05,BRK-B,28.59149670525142,0.997218413677024,197.72999572753906
2020-02-27,BRK-B,23.143666827987634,1.0062118195035203,207.6699981689453
2020-02-28,BRK-B,22.177796301435766,0.998255303786271,206.33999633789062
2020-03-09,BRK-B,29.962497312350283,0.9204680773468021,193.1300048828125
2020-03-12,BRK-B,27.602529260766573,0.9926691564700058,175.97000122070312
2022-05-02,BRK-B,28.55041688728066,0.9835632453999203,318.19000244140625
2022-05-03,BRK-B,29.768913502928086,0.9797486076276822,318.989990234375
2022-05-12,BRK-B,27.944737249712926,0.9873076553492939,308.05999755859375
2022-06-10,BRK-B,29.517172258930728,0.9189948730760173,291.7099914550781
2022-06-13,BRK-B,24.705062341296806,0.9652294053494423,281.55999755859375
2022-06-14,BRK-B,23.136297914104663,0.9717259555923317,277.6400146484375
2022-06-15,BRK-B,24.82794979685994,0.9590936652145114,278.92999267578125
2022-06-16,BRK-B,20.854479463353176,1.0361930343650023,268.55999755859375
2022-06-17,BRK-B,20.689422144507667,1.0384960006010624,268.0799865722656
2022-06-21,BRK-B,25.566545780588555,1.0076903132147732,271.7699890136719
2022-06-22,BRK-B,24.68922377424941,1.0137143021322714,269.7900085449219
2022-06-23,BRK-B,23.68570244526543,1.0205592113706274,267.5199890136719
2023-10-03,BRK-B,25.82128598474157,1.0160913854832447,343.0400085449219
2023-10-04,BRK-B,27.329487930197228,1.0137914696403865,343.69000244140625
2023-10-19,BRK-B,28.091914128273523,0.9926179650003951,338.6600036621094
2023-10-20,BRK-B,25.383982807337375,0.9876436786831264,335.8599853515625
2023-10-23,BRK-B,28.00001727558483,1.001692219838546,336.8399963378906
2023-10-26,BRK-B,29.729227106721257,1.0382555485824205,336.1600036621094
2023-10-27,BRK-B,25.14259683187075,1.0605951180889819,331.7099914550781
2024-12-18,BRK-B,29.025340415106086,1.0279674653189612,446.5899963378906
2000-08-09,LLY,28.700722881551993,1.0082771831868502,38.66829299926758
2000-08-10,LLY,29.047290822129117,1.0196444785678451,38.794044494628906
2000-08-11,LLY,29.247993115668525,0.9935065457732964,38.86219024658203
2000-08-15,LLY,29.889665052869514,0.9882304669746915,38.86219024658203
2000-08-29,LLY,29.931771111724597,0.9104729621034438,37.34807205200195
2000-08-31,LLY,29.09528492021464,0.9497111694665693,36.85125732421875
2000-09-01,LLY,28.685289030912486,0.9664660966437917,36.68565368652344
2000-09-05,LLY,25.25427842253678,1.0268813994204986,35.20308303833008
2000-09-06,LLY,22.872275436382754,1.104823821983538,34.00440979003906
2000-09-07,LLY,27.884216247785314,1.0688402784738162,34.82454299926758
2000-09-08,LLY,28.936328481817974,1.051825003768586,34.998050689697266
2001-06-19,LLY,29.172773157114317,0.9621397897167486,40.111026763916016
2001-06-22,LLY,26.541353000578987,0.9685857046599852,38.93385696411133
2001-06-25,LLY,24.9623072466477,1.0030456820590226,38.48537063598633
2001-06-26,LLY,26.09251626748775,1.008186703859038,38.59241485595703
2001-06-27,LLY,23.048917966965664,1.021345469122788,37.720977783203125
2001-06-28,LLY,22.48724615807505,1.0194086990163271,37.547706604003906
2001-06-29,LLY,24.355532695525714,1.0324331602137804,37.710777282714844
2002-04-24,LLY,29.04699495293821,0.9615114963624629,36.019813537597656
2002-04-29,LLY,26.803304784067038,0.9600294378821024,35.20037078857422
2002-04-30,LLY,22.57271333525456,0.9818319614441867,34.040767669677734
2002-05-01,LLY,28.761895173691293,1.0025295862794783,34.63346481323242
2002-05-06,LLY,27.49180121889448,0.9896427650223197,33.793392181396484
2002-05-07,LLY,26.101759499297522,1.0179838768862584,33.42231369018555
2002-06-11,LLY,28.019869117316524,1.0483678861971542,30.942119598388672
2002-06-12,LLY,25.03451729208094,1.0372646057672905,30.294790267944336
2002-07-01,LLY,29.2247418336261,0.9296878655692428,27.840124130249023
2002-07-02,LLY,26.57684955133119,0.9244058074331029,26.990829467773438
2002-07-03,LLY,24.2273506171383,0.9843531897227813,26.146730422973633
2002-07-09,LLY,27.478432003015268,1.0474188187870994,25.882625579833984
2002-07-10,LLY,24.877173184034262,1.056454829157212,24.95047950744629
2004-03-25,LLY,27.897477194800047,1.0320607223892884,35.18128204345703
2004-03-26,LLY,26.604385056274094,1.0569230651562036,34.9127197265625
2004-07-01,LLY,29.26617874835825,0.9720008350766652,37.20244598388672
2004-07-06,LLY,28.94036637311363,1.0021974177132902,36.85161590576172
2004-07-07,LLY,26.60744643905449,1.006811473762654,36.44683837890625
2004-07-08,LLY,29.465095521414465,0.9845317081500733,36.6357421875
2004-07-09,LLY,26.655050401274522,0.9895518031373285,36.16080856323242
2004-07-16,LLY,29.44453029808656,0.9458524607483111,35.78299331665039
2004-07-19,LLY,27.06621356201419,0.9482682672965641,35.367393493652344
2004-07-20,LLY,24.669672219754478,0.9752590227482297,34.903255462646484
2004-07-21,LLY,29.442434406498126,0.9756427870057474,35.23250961303711
2004-07-22,LLY,27.765368860076194,0.9830088353357532,34.9410400390625
2004-07-23,LLY,22.562819146334526,1.0161057177800268,33.84543228149414
2004-07-26,LLY,21.352880640059897,1.0226905362279788,33.537776947021484
2004-07-27,LLY,28.124905710173458,1.0023781541977654,34.03971481323242
2004-08-05,LLY,26.69624458513042,1.0164952454657297,33.14377975463867
2004-08-06,LLY,25.565352590761776,1.0152467313369886,32.922515869140625
2004-08-09,LLY,24.141565629760187,1.0494281134083459,32.636470794677734
2004-08-10,LLY,28.88922695954545,1.0350053889794415,32.954891204833984
2004-09-30,LLY,27.782002059580396,0.9918400059351369,32.59932327270508
2004-10-12,LLY,24.937944694972945,0.9798775780254732,31.02499771118164
2004-10-13,LLY,22.98974058838487,0.9786855477223563,30.563552856445312
2004-10-14,LLY,22.39140731706469,0.939495949869266,30.416990280151367
2004-10-19,LLY,27.954847327672404,0.9366068371102777,30.400699615478516
2004-10-20,LLY,25.670126612817935,1.0199638974736203,29.912107467651367
2004-10-21,LLY,20.692144992068073,1.0645895657895412,28.57663917541504
2004-10-22,LLY,19.391645590063437,1.0590166749324972,28.147775650024414
2004-10-25,LLY,17.301544384440113,1.093378490967231,27.382333755493164
2004-10-26,LLY,29.042781291245625,1.0509060097602436,28.47350311279297
2005-03-22,LLY,29.815854116726808,1.0179397222709907,28.517961502075195
2005-10-21,LLY,29.67708156131791,0.9859962613427604,28.27052879333496
2005-10-25,LLY,28.10384606176922,0.9890675655223327,28.05306625366211
2005-10-26,LLY,29.33922466046158,0.990079001224498,28.103260040283203
2005-10-27,LLY,27.109974309518343,1.0031997788915297,27.880210876464844
2005-10-28,LLY,27.054639941888258,1.0168034307680192,27.874635696411133
2005-10-31,LLY,25.915266937360222,1.0263102048224795,27.763124465942383
2005-11-01,LLY,25.739950535599064,1.0385851661221936,27.74637794494629
2005-11-02,LLY,28.179218494134822,1.0426856988993163,27.824447631835938
2006-04-07,LLY,28.741929747518146,0.9901010567629922,30.289424896240234
2006-04-10,LLY,27.96679266131934,1.0211732756031209,30.1932430267334
2006-04-11,LLY,26.733777171896328,1.0291904538924912,30.040502548217773
2006-04-13,LLY,29.83505929435264,0.9936170844318618,30.136686325073242
2006-04-17,LLY,28.444422034131474,0.9915108791903013,29.989591598510742
2006-12-22,LLY,27.922667176714803,1.0175268189053532,29.70823860168457
2007-10-25,LLY,25.454388989563647,1.0064854418447784,31.025463104248047
2007-10-26,LLY,27.41924078181384,0.9998103261503031,31.173410415649414
2007-11-07,LLY,29.69343922082686,1.0375079712930242,30.492887496948242
2007-11-21,LLY,27.914713715158822,1.0753715802454744,29.286108016967773
2008-09-17,LLY,29.06586828534905,1.0551005058917173,26.960073471069336
2008-10-03,LLY,28.284854636891833,0.7591382476073654,25.357938766479492
2008-10-06,LLY,21.62427482843722,0.9333684007232164,23.58391571044922
2008-10-07,LLY,22.90969562553436,0.90494699023871,23.700559616088867
2008-10-08,LLY,21.49140395012704,0.8585750101250921,23.264732360839844
2008-10-09,LLY,14.93016263635574,1.0349185646912844,20.391935348510742
2008-10-10,LLY,13.20471214045707,1.026785660321349,19.250181198120117
2008-10-15,LLY,27.879796981802013,0.9867858370574081,19.974517822265625
2009-02-23,LLY,27.30127980898488,0.8588670068059996,20.3819522857666
2009-02-26,LLY,25.945887170484095,0.884987026568625,19.5808048248291
2009-02-27,LLY,21.805365384711596,0.9523485936553845,18.53363800048828
2009-03-02,LLY,18.656928950880626,1.007928097430949,17.505386352539062
2009-03-03,LLY,18.2053955005112,1.0811207809170276,17.34137535095215
2009-03-04,LLY,25.72567442847,1.012280712363431,17.978513717651367
2009-03-05,LLY,23.366283975900892,1.0931925998815664,17.328758239746094
2009-03-06,LLY,26.939320377602726,1.095067537200653,17.650484085083008
2009-03-09,LLY,26.912802833853334,1.1015372255307667,17.6441707611084
2010-05-25,LLY,28.419623450191118,1.0140458456415509,22.16587257385254
2010-05-26,LLY,24.777663697303467,1.0347288803199195,21.82746124267578
2011-08-08,LLY,29.21991305563517,1.0426870469173917,24.846263885498047
2013-06-20,LLY,24.627696869929313,1.006274279068987,38.641395568847656
2013-06-21,LLY,29.74240410918173,0.9841717032583088,39.032432556152344
2013-06-24,LLY,26.45571843971122,1.0224219754190158,38.36767578125
2013-06-25,LLY,28.067124801869703,1.0260056355090386,38.4928092956543
2013-10-03,LLY,25.261446282604027,1.0071722886506447,38.51348876953125
2013-10-04,LLY,23.679696845772995,1.0103351030737855,38.18202590942383
2013-10-07,LLY,21.195506425153635,1.028961278079902,37.60590744018555
2013-10-08,LLY,25.78950427521434,1.0158168522900706,37.92158508300781
2013-10-09,LLY,25.43035129754257,1.019807907440815,37.85057067871094
2016-02-11,LLY,26.978512431417563,1.0166616345325372,60.79701232910156
2016-02-12,LLY,26.689741780366273,1.0244142812796682,60.6693000793457
2016-10-28,LLY,25.822714116618318,0.9726283348374493,64.27506256103516
2016-10-31,LLY,23.944101474535557,1.0005415934288502,63.680015563964844
2016-11-01,LLY,21.8138986921305,1.0142504600001965,62.938331604003906
2016-11-02,LLY,21.040401755481966,1.079008710445734,62.653743743896484
2016-11-03,LLY,19.8029599881822,1.0935095726816169,62.18804931640625
2016-11-04,LLY,23.224717825151078,1.0784747348812507,62.5157470703125
2016-11-23,LLY,25.54973193174952,0.9701469445691361,59.02758026123047
2016-11-28,LLY,27.11818124576228,1.000892511133174,58.333152770996094
2016-11-29,LLY,27.03767077512973,1.0096798466836785,58.28973388671875
2016-11-30,LLY,26.98594929084065,1.0038733802726438,58.26370620727539
2016-12-01,LLY,25.009827031082672,1.018493266758097,57.26542663574219
2017-05-22,LLY,29.231409902421994,1.0177964510766055,67.70680236816406
2017-08-17,LLY,27.778276676843827,1.0136248919811217,68.86444091796875
2017-08-18,LLY,25.57114522314899,1.0223179456163078,68.21826171875
2017-08-21,LLY,28.180767109043625,1.0188684562577208,68.49266052246094
2018-02-05,LLY,27.355456999368293,0.983998133305302,69.02318572998047
2018-02-06,LLY,29.663237715045724,0.9771764730431497,69.46857452392578
2018-02-07,LLY,27.291752034843437,1.0115133092005548,68.33734130859375
2018-02-08,LLY,23.323118079485027,1.0591652652852528,66.10160827636719
2019-04-17,LLY,27.252327644900703,1.014850025654778,106.95519256591797
2019-04-18,LLY,25.487449710535202,1.040538359841127,105.76172637939453
2019-04-22,LLY,26.55127323533556,1.0357671108971875,106.00958251953125
2020-02-27,LLY,27.387025429958555,1.0848359629154394,121.25460052490234
2020-02-28,LLY,23.831334059923446,1.121541390404108,118.382568359375
2020-10-27,LLY,27.905171262905636,0.9930250454620951,124.98725128173828
2020-10-28,LLY,27.390200157183298,1.1315970661440775,124.42816925048828
2020-10-30,LLY,28.245814001766856,1.0941284334141101,123.62272644042969
2021-09-13,LLY,29.14454687322116,0.9734409669486982,229.3377227783203
2021-09-14,LLY,25.883357636207283,0.987472594262221,224.64419555664062
2021-09-15,LLY,27.03870596829605,0.9767684127201105,225.26095581054688
2021-09-16,LLY,25.256502516966073,1.004934282659942,222.66845703125
2021-09-17,LLY,24.645198926860925,1.0068663763474968,221.76254272460938
2021-09-20,LLY,27.73137805932409,0.9773786595827485,223.24673461914062
2021-09-21,LLY,26.611014722358146,0.9627666401840712,221.82998657226562
2021-09-22,LLY,25.21545213174078,1.0090229082477973,220.0277862548828
2021-09-27,LLY,28.01431506227124,0.9931535779831399,218.19659423828125
2021-09-28,LLY,24.63146731445381,1.0421029257409518,213.5705108642578
2022-01-26,LLY,29.8449874218071,1.0545278859431477,229.98570251464844
2022-01-27,LLY,28.971204847536068,1.0341754274386745,228.88343811035156
2023-02-28,LLY,27.478316845195216,0.9981040251171795,306.0168151855469
2024-07-30,LLY,29.539490547025572,1.0037585173228531,784.8385009765625
2024-10-31,LLY,27.52886085744184,0.9610842223201281,825.2512817382812
2024-11-01,LLY,25.68379902437995,1.0153981741453053,814.499755859375
2024-11-04,LLY,23.6630122418747,1.032624594950179,801.7789916992188
2024-11-05,LLY,23.65047418553999,1.0158797348436546,801.6994018554688
2024-11-06,LLY,19.519412949422783,1.0456348022277697,772.1799926757812
2024-11-07,LLY,29.00058121450084,0.9859300763231892,793.135986328125
2024-11-15,LLY,26.311972104186122,1.0024256673438294,743.3923950195312
2024-11-18,LLY,24.054178609572446,1.0382287851603624,724.4638671875
2024-11-19,LLY,24.97732114315095,1.0816604204329963,726.9843139648438
2025-04-04,LLY,29.182485827252947,0.9921431419081147,736.699951171875
2025-04-07,LLY,27.355685277667963,1.0423086101839751,722.24951171875
2025-04-08,LLY,28.1947893951389,1.0426029965700934,724.75439453125
2009-11-03,AVGO,29.30550312222487,1.0662525235756237,1.026841402053833
2011-08-05,AVGO,29.157602261102944,1.0579409874113304,2.095615863800049
2011-08-08,AVGO,24.748893644205886,1.162560019701544,1.9420515298843384
2011-11-23,AVGO,29.36877613323593,1.0324467621933975,2.0754332542419434
2011-11-25,AVGO,27.62606310917436,1.0956397934784363,2.037463665008545
2011-11-28,AVGO,28.82739406679376,1.0860741281214168,2.047492742538452
2012-04-23,AVGO,29.26082992344355,1.0376163734939448,2.3990187644958496
2012-04-24,AVGO,27.51445403958104,1.0544678742253681,2.359311103820801
2012-05-07,AVGO,29.178478599260906,0.9945685696192301,2.259683132171631
2012-05-09,AVGO,29.442829449403558,0.9903440143518059,2.2430787086486816
2012-05-10,AVGO,28.803112915279634,0.9737695524426075,2.2293620109558105
2012-05-11,AVGO,29.325276608258655,0.9702649905195848,2.2336931228637695
2012-05-16,AVGO,29.49345040375979,1.0893731226473222,2.2214195728302
2012-05-17,AVGO,26.65082248160508,1.0811436044585212,2.170884847640991
2012-05-18,AVGO,26.4546348262588,1.1042639623058088,2.167274236679077
2014-10-10,AVGO,25.565252832252057,1.081138219619159,5.403005599975586
2014-10-13,AVGO,23.2974354044304,1.1296343696739115,5.227350234985352
2015-08-24,AVGO,28.777148768397993,1.1458064576173885,8.402460098266602
2015-08-25,AVGO,27.56855502249889,1.1000829690381169,8.293166160583496
2016-01-13,AVGO,29.93078110597728,1.0098935859738722,9.482969284057617
2016-01-15,AVGO,29.009940690690506,1.037675985983038,9.22611141204834
2016-01-19,AVGO,29.216867546255077,1.0359788984937734,9.233800888061523
2018-02-05,AVGO,27.717209828357298,1.0714596757676493,18.159770965576172
2018-07-12,AVGO,22.56308803327311,1.001857017837513,17.18959617614746
2018-07-13,AVGO,20.258764247907248,1.0388717795630908,16.57398796081543
2018-07-16,AVGO,21.169543469431893,1.0662731066890065,16.638656616210938
2018-07-17,AVGO,26.92684254807413,1.0433486570231179,17.052885055541992
2018-07-18,AVGO,27.456831251332396,1.0823352077203856,17.09136199951172
2018-07-19,AVGO,29.324184227032934,1.060892996870651,17.22151756286621
2018-07-20,AVGO,29.303780176478373,1.0509672803260237,17.21824836730957
2019-05-20,AVGO,26.58663468247559,0.9335631948245467,22.922443389892578
2019-05-21,AVGO,29.63581681869174,0.9229653795860419,23.15285301208496
2019-05-22,AVGO,26.947935937071588,0.9531980806082202,22.639055252075195
2019-05-23,AVGO,23.51578859505971,0.9675112511164781,21.87130355834961
2019-05-24,AVGO,22.135726660561573,0.9892161359870739,21.522323608398438
2019-05-28,AVGO,21.654252181424905,1.0440899157335242,21.39954948425293
2019-05-29,AVGO,21.52992118621988,1.0456474126575446,21.369281768798828
2019-05-30,AVGO,24.76110979955644,1.0630113908806664,21.579504013061523
2019-05-31,AVGO,22.751330342293905,1.0923141918232377,21.16073226928711
2019-06-03,AVGO,24.784412551585856,1.1067619034650122,21.29022979736328
2020-02-27,AVGO,28.93206533703116,1.0003284643435182,23.709436416625977
2020-02-28,AVGO,28.433619082447354,0.9883722387219697,23.594327926635742
2020-03-09,AVGO,28.49257467205935,0.7572261817576209,21.439315795898438
2020-03-12,AVGO,26.511342329573427,0.8887922857727685,18.934661865234375
2020-03-16,AVGO,25.526803584970985,1.0489312879611097,16.234411239624023
2020-03-18,AVGO,25.612239852766645,1.3179714348823692,14.52857494354248
2022-01-20,AVGO,26.65545745193158,0.9901226865204469,51.04047393798828
2022-01-21,AVGO,24.058093214858744,1.0503908111063531,49.69019317626953
2022-01-24,AVGO,28.38852514196218,1.0817977344305498,50.46830368041992
2022-01-25,AVGO,26.915772883421347,1.1096716294144449,49.77499008178711
2022-09-29,AVGO,29.342683019680017,1.0652479439104292,42.937129974365234
2022-09-30,AVGO,27.68147187622197,1.0370939335536886,42.353355407714844
2025-04-03,AVGO,28.00241534884073,1.118758581892619,154.00999450683594
2025-04-04,AVGO,25.326960677775094,1.2436941061685918,146.2899932861328
2008-10-07,V,27.017575936061565,1.1262949222212406,11.34563159942627
2008-10-09,V,27.844897416150033,1.06459441214387,11.05727481842041
2009-01-20,V,27.646351022985264,1.0407828454744883,9.427621841430664
2010-05-06,V,26.312610543498877,1.0354261736391908,18.579248428344727
2010-05-07,V,25.37431711019929,0.9402716454329666,18.43808364868164
2010-05-14,V,27.739021684848808,0.9603933338320784,17.336807250976562
2010-05-17,V,25.118574977000442,0.9978583481133178,16.764596939086914
2010-05-18,V,21.20932650014078,1.0410893350946024,15.727896690368652
2010-05-19,V,28.662595943248455,1.005892762623288,16.3741455078125
2010-05-20,V,28.511326672149618,1.0119475361737582,16.34048843383789
2010-06-01,V,29.84740051605289,1.0260178495143477,16.04203987121582
2010-06-02,V,29.499668637982314,1.0357889083403227,15.988188743591309
2010-12-16,V,28.947217891239347,1.022920402536848,15.132490158081055
2010-12-17,V,28.582111919885904,1.058445890028372,15.067172050476074
2014-04-07,V,27.196697736033094,0.9882013999035361,46.98777389526367
2014-04-08,V,26.502457930473945,1.007206362551271,46.79835891723633
2014-04-11,V,27.38934238834893,1.0635705833903937,45.42160415649414
2015-08-25,V,26.708029920653658,1.0297149241952779,62.559654235839844
2018-10-10,V,25.192725443776983,1.0511363636363635,129.317138671875
2018-10-11,V,23.151221366217353,1.0415764078580527,127.60906982421875
2018-12-24,V,29.106882011550578,1.091925119371096,116.36685180664062
2020-02-27,V,26.94359493897041,1.0386090881513093,173.4342041015625
2020-02-28,V,29.798927604111487,1.014304482776468,175.12026977539062
2020-10-28,V,23.84404005656563,1.0724276010715985,174.81846618652344
2020-10-30,V,29.352773390491482,1.0922348185868929,175.63035583496094
2022-03-04,V,29.122288055458238,0.9821259594400467,195.3887176513672
2022-03-07,V,23.516951129425262,1.0504982700375323,186.0333709716797
2022-03-08,V,25.150974303161338,1.0752698822563391,187.0186767578125
2022-09-21,V,27.891307638614414,0.9580792537482702,183.1156768798828
2022-09-22,V,26.8257488955214,0.9691589482743291,181.91131591796875
2022-09-23,V,25.27847216491358,0.9656988990890195,180.1195526123047
2022-09-26,V,22.683694677249438,1.0058693984416731,176.81991577148438
2022-09-27,V,20.825560424047456,1.043739750652099,174.1566619873047
2022-09-28,V,24.052305408061446,1.0473822692612504,175.4393310546875
2022-09-29,V,26.227384505472944,1.0307117990808599,176.3009796142578
2022-09-30,V,24.18463079828765,1.0347876654010462,173.94125366210938
2023-09-26,V,28.5161265718544,0.9963423786191825,226.665283203125
2023-09-27,V,28.35129441495062,1.00749442490368,226.5172576904297
2025-04-08,V,28.380017396879143,1.0893372229438365,307.7588806152344
2000-09-21,JPM,29.303294600314633,1.0504201466743004,21.727558135986328
2000-10-10,JPM,28.865262882891706,0.92955573936941,20.008241653442383
2000-10-11,JPM,28.62189503032915,0.9062978015483147,19.946958541870117
2000-10-12,JPM,23.677411663242147,1.029752595538793,18.537490844726562
2000-10-17,JPM,28.60279921004716,1.0560133892380512,18.59877586364746
2000-10-18,JPM,26.766902909726248,1.084745988032519,18.077884674072266
2001-08-21,JPM,29.90193606748846,1.0019800839907895,20.270980834960938
2001-08-30,JPM,29.099998592197764,0.9429154090508417,19.684072494506836
2001-09-05,JPM,28.396079372199512,0.9084750720053936,19.237613677978516
2001-09-06,JPM,23.376843380704067,0.9233893749590205,18.530309677124023
2001-09-07,JPM,23.99267278055911,0.8529730696825394,18.560415267944336
2001-09-10,JPM,26.739562285890166,0.8271608843784897,18.690832138061523
2001-09-17,JPM,20.55469498980961,0.9242554106745217,17.68254852294922
2001-09-18,JPM,19.560874762765852,0.954362717145453,17.476892471313477
2001-09-19,JPM,17.901133058690117,0.9554383993632767,17.11069107055664
2001-09-20,JPM,13.569856491771947,1.0494290948014005,15.831534385681152
2001-09-21,JPM,12.615890462737928,1.1080471764000057,15.460325241088867
2001-09-24,JPM,25.949465652192515,1.0435852599842284,16.343191146850586
2001-09-26,JPM,28.527421913805522,1.0742617315650336,16.34821128845215
2002-01-29,JPM,26.483887070332717,0.9054607618561243,16.388370513916016
2002-02-04,JPM,29.180284495974856,1.0418845617726828,15.626487731933594
2002-02-05,JPM,25.73035162994263,1.0851131119734019,14.83902645111084
2002-02-06,JPM,28.222723050235647,1.0275136510608116,15.053784370422363
2002-07-18,JPM,28.903467911360664,0.8216906949081909,14.19754409790039
2002-07-19,JPM,26.039053484612523,0.8524904510931393,13.623373985290527
2002-07-22,JPM,22.577963040972918,1.023653953711289,12.798669815063477
2002-07-23,JPM,16.101175644112274,1.2395417832775173,10.48112678527832
2002-07-25,JPM,29.728729065334687,1.1194638753234472,11.665989875793457
2002-07-26,JPM,29.54467231865748,1.0719104729302507,11.61379623413086
2002-09-18,JPM,27.831891439293788,0.9241686500193166,10.669027328491211
2002-09-19,JPM,26.044011268976487,0.9698041933118645,10.371511459350586
2002-09-20,JPM,28.725715077653373,0.9088206425556422,10.53332233428955
2002-09-23,JPM,25.713400311294084,0.9864935190170747,10.047892570495605
2002-09-24,JPM,23.940066021169056,1.0590128962550782,9.72948932647705
2002-09-25,JPM,26.186810513556097,0.9830515490999608,9.859980583190918
2002-09-26,JPM,29.591433711494364,0.9303994556140465,10.058335304260254
2002-09-27,JPM,26.384060316360035,0.9176597846923176,9.572900772094727
2002-10-04,JPM,27.25540324634726,1.0392987377583622,8.784666061401367
2002-10-07,JPM,29.095645740336316,1.0065595764215869,8.906817436218262
2002-10-08,JPM,28.52133422090834,1.1210845573362074,8.816532135009766
2002-10-09,JPM,24.935473002825326,1.183819019893312,8.2057466506958
2002-10-10,JPM,29.108717185300865,1.1780565334745499,8.471305847167969
2003-02-13,JPM,29.961243450932212,1.0746825197210472,11.46996021270752
2004-04-21,JPM,29.477538906693766,1.0066353787597178,21.365684509277344
2004-05-07,JPM,29.667282702893534,0.9775216829756749,20.685251235961914
2004-05-10,JPM,25.0472340941986,0.9971759103222098,20.078529357910156
2004-05-11,JPM,24.21225932791728,1.0107992890518225,19.95376968383789
2004-05-17,JPM,28.382492236653928,1.0218070470772072,20.021825790405273
2005-02-22,JPM,26.715028539118613,1.0322850089411235,20.909934997558594
2005-03-22,JPM,28.521658757233737,0.9968624084203072,20.403627395629883
2005-03-23,JPM,27.502764784595467,0.990552194452975,20.327974319458008
2005-03-24,JPM,27.502764784595467,0.9805324087822593,20.327974319458008
2005-03-28,JPM,26.818898230045896,0.978725891423557,20.28141212463379
2005-03-29,JPM,24.596242696488098,1.0100262346790612,20.124282836914062
2005-03-31,JPM,29.534746440768323,1.0158647027414267,20.13591957092285
2005-04-01,JPM,26.665329276625382,1.0173990378970497,19.93223762512207
2005-04-04,JPM,25.58382392633427,1.0251703478600689,19.849943161010742
2006-06-14,JPM,28.772732799092587,1.0310231842665492,24.36341667175293
2007-03-05,JPM,28.1090532995517,1.0273454992327735,29.63224220275879
2007-03-13,JPM,29.986701206335,1.0224840867376737,29.108671188354492
2007-07-24,JPM,29.683475958580868,0.9706658937085505,28.683340072631836
2007-07-25,JPM,29.439160674475122,0.9803403358577018,28.639047622680664
2007-07-26,JPM,25.58465464480651,1.0115699233564481,27.886215209960938
2007-07-27,JPM,26.884145232466476,0.9868867815270441,27.981107711791992
2007-07-31,JPM,28.670062850159777,1.030220600601691,27.84193992614746
2007-08-03,JPM,29.831730182367206,1.013745748141325,27.614185333251953
2008-03-06,JPM,29.48862665649373,1.0198025221687164,24.042631149291992
2008-03-10,JPM,27.90949473536114,1.1049895006598505,23.47003746032715
2008-06-09,JPM,26.372450308232388,1.06478226852164,24.32941436767578
2008-06-11,JPM,28.090744265033635,1.0433615557001557,24.082931518554688
2008-06-27,JPM,29.874804650530447,0.9820607678181658,22.73382568359375
2008-06-30,JPM,28.066067655937267,1.0542294232748772,22.253856658935547
2008-07-01,JPM,28.63829643989443,1.0076423415280307,22.312885284423828
2008-07-15,JPM,29.002625201425037,1.3172151502614708,20.34525489807129
2008-11-20,JPM,27.91181091361511,1.3541487832398762,15.45268726348877
2008-11-21,JPM,27.273927387805397,1.1496481498558229,15.016468048095703
2009-01-20,JPM,25.81171938492694,1.3852962443688228,12.102188110351562
2010-01-26,JPM,29.705678067909275,1.0548910630552495,25.862159729003906
2010-05-20,JPM,28.424131400702613,1.068464699229851,25.48021697998047
2010-08-26,JPM,29.734371281119902,1.0710076238392703,24.031248092651367
2011-06-06,JPM,27.413686441547142,1.0281274574003303,27.55143928527832
2011-06-07,JPM,29.636988616905285,1.0218565830384576,27.680601119995117
2011-06-08,JPM,28.03096851777062,1.0071806257526492,27.456254959106445
2011-08-08,JPM,19.698028950112608,1.0827953317144228,23.295522689819336
2012-05-11,JPM,22.026763700300624,0.9061149575485221,25.853221893310547
2012-05-14,JPM,19.610948750746378,0.9083544081599007,25.03481674194336
2012-05-15,JPM,23.104222882224025,0.938465761262172,25.349592208862305
2012-05-16,JPM,21.370748558544136,0.9661590782158669,24.803987503051758
2012-05-17,JPM,18.447047663400063,1.0011786235017976,23.733766555786133
2012-05-18,JPM,17.697216562572784,1.0002983235745808,23.42599105834961
2012-05-21,JPM,16.125048984426723,1.0344508110839246,22.74048614501953
2012-05-22,JPM,26.83839866158424,0.9691267312756766,23.789724349975586
2012-05-23,JPM,28.478105592177783,0.9676010324767272,23.964597702026367
2012-05-24,JPM,27.702475351783228,0.9399472387009306,23.76173973083496
2012-05-25,JPM,26.44538828921456,0.9253733833755371,23.432979583740234
2012-05-29,JPM,27.426370281127216,0.9512339189508474,23.523914337158203
2012-05-30,JPM,25.536135404662257,1.0033373057254151,23.05525779724121
2012-05-31,JPM,27.071245021605773,0.9897430173314276,23.188169479370117
2012-06-01,JPM,23.693744008956212,1.054807410986538,22.334781646728516
2012-06-04,JPM,21.492458925483877,1.0587096521663026,21.684255599975586
2012-06-05,JPM,29.049178257720655,1.0556427587477824,22.376745223999023
2013-08-19,JPM,26.974547842358472,0.9994212570597097,37.58387756347656
2013-08-21,JPM,28.017580699542094,0.9796634892842819,37.4388427734375
2013-08-27,JPM,27.00926783942565,1.0250986138389049,36.69196701049805
2013-08-28,JPM,26.9244706769795,1.0302484363133502,36.677467346191406
2013-08-29,JPM,28.377682677615972,1.0366857350615113,36.76448059082031
2013-08-30,JPM,27.54194697381977,1.0461112541460318,36.64119338989258
2014-04-15,JPM,29.799865818440708,1.0228102540017296,40.546051025390625
2014-05-06,JPM,28.44680386276743,1.023996375702476,39.465824127197266
2014-10-16,JPM,28.659890658625915,1.0541034821047286,41.31460189819336
2015-01-15,JPM,27.614713224512787,1.0307331083918583,41.51244354248047
2015-08-21,JPM,26.758731989864398,1.0083335326394864,48.647212982177734
2015-08-24,JPM,19.36117660817024,1.0639004071067115,46.08483123779297
2015-08-25,JPM,18.7933027431639,1.0257051565565638,45.824764251708984
2016-01-08,JPM,27.851020402836372,0.9680921620224837,45.69721603393555
2016-01-11,JPM,27.65120836453544,0.9690633320825968,45.627410888671875
2016-01-12,JPM,28.449716325779047,0.941485398315429,45.728240966796875
2016-01-13,JPM,24.7795916970724,0.9635508243513861,44.47179412841797
2016-01-14,JPM,29.946175584979816,0.9785221922163398,45.138797760009766
2016-01-15,JPM,27.229416025002223,0.9758065413189372,44.23911666870117
2016-01-19,JPM,27.160793437166543,1.0012278576678986,44.215850830078125
2016-01-20,JPM,23.915225616856524,1.027562773420786,43.05247116088867
2016-01-21,JPM,23.393458521463405,1.0367421641544903,42.850833892822266
2016-06-27,JPM,28.213694968403335,1.0417214000305772,45.01200866699219
2017-04-13,JPM,29.956404134886082,1.0014216950323847,67.69722747802734
2018-06-27,JPM,28.302012129380756,1.0101085094283362,84.6142349243164
2018-10-12,JPM,29.415443551105287,1.0089762867198737,88.74837493896484
2018-10-15,JPM,28.27150725880383,1.0001878769156334,88.2422103881836
2018-10-24,JPM,28.37328799799784,1.0554748753977423,85.71126556396484
2018-12-18,JPM,29.920912854223303,0.9738181059539573,81.7696533203125
2018-12-19,JPM,27.844832445415115,0.9974302004042995,80.73241424560547
2018-12-20,JPM,26.51342520520865,1.0039396995003238,80.03535461425781
2018-12-21,JPM,23.262198196264116,1.0366360101417547,78.14337921142578
2018-12-24,JPM,20.814851928727798,1.0778158776357272,76.45887756347656
2020-02-25,JPM,27.54774695163067,0.92634256916242,108.73685455322266
2020-02-26,JPM,28.87504727830462,0.9463834527984154,109.0641098022461
2020-02-27,JPM,22.671764356141825,0.9390293794276636,104.52552032470703
2020-02-28,JPM,18.418570248591053,0.930841563592125,99.99553680419922
2020-03-03,JPM,28.07034892069673,0.8609781508365988,100.72757720947266
2020-03-05,JPM,28.812891762429476,0.7725717951015966,98.15253448486328
2020-03-06,JPM,24.66069401834995,0.9614172968895054,93.08000183105469
2020-03-09,JPM,17.795951340617403,0.9456330556209732,80.47183227539062
2020-03-10,JPM,28.43493605760643,0.931082367389453,86.7242431640625
2020-03-11,JPM,26.063217689772177,0.8742185005957315,82.64207458496094
2020-03-12,JPM,22.66570626996992,0.968767726573657,75.82987976074219
2021-06-18,JPM,25.641783954709062,1.0414411534702195,132.8976287841797
2022-01-21,JPM,27.984635566372653,1.0105462058511827,132.6776885986328
2022-01-24,JPM,27.866230892759003,1.0251812544065382,132.55882263183594
2022-03-01,JPM,29.168226177238665,0.9402713201944891,124.78544616699219
2022-03-07,JPM,26.042971035697,1.0074297319183405,118.16438293457031
2022-03-08,JPM,25.400807642700617,1.0325797649685482,117.3321762084961
2022-04-27,JPM,29.70308756457078,1.0467798901321121,111.86336517333984
2022-04-29,JPM,29.950793090494287,1.036528161294351,109.96551513671875
2022-09-27,JPM,29.941364767435136,1.0653752829475667,98.38147735595703
2023-10-27,JPM,25.951819730237503,1.0538727537250534,131.03732299804688
2025-03-10,JPM,24.776311661836754,1.0073636067690255,230.79840087890625
2025-03-11,JPM,23.36694413045091,1.0254429685303599,227.73724365234375
2025-03-12,JPM,22.8045229512719,1.0491882329156916,226.5048370361328
2025-03-13,JPM,21.58192870239733,1.0613703328932282,223.81143188476562
2025-04-04,JPM,25.985008315761593,1.1232642111442568,210.27999877929688
2000-11-17,NVO,29.19991609982103,1.016529171894448,1.1921237707138062
2000-11-20,NVO,24.626650447033448,1.0837578004625552,1.1272633075714111
2000-11-21,NVO,23.911907432080607,1.0978658827139363,1.1157689094543457
2000-11-22,NVO,21.996690019267646,1.1606055869517895,1.0837491750717163
2001-11-13,NVO,29.43862006310043,1.045622177271003,1.1683990955352783
2002-01-25,NVO,29.704221172561475,1.0414877674062537,1.1571422815322876
2002-01-28,NVO,25.672899938158817,1.0665881487777498,1.1237027645111084
2002-01-29,NVO,24.468988267059526,1.1011905329595748,1.1124457120895386
2002-04-10,NVO,25.001846495641107,0.9428569625022176,1.0764377117156982
2002-04-11,NVO,20.925269193455353,0.9983208952654755,0.9955378174781799
2002-04-12,NVO,25.620577407967726,1.0107665381949749,1.024621605873108
2002-04-15,NVO,24.114022148667825,1.0302015159542564,0.9962061047554016
2002-04-16,NVO,22.709771597122472,1.0217465373400316,0.9684597253799438
2002-04-18,NVO,28.723257332975784,0.9781366039298303,0.9938662052154541
2002-04-24,NVO,29.63162060864817,1.0881636774018786,0.9631109833717346
2002-07-22,NVO,21.096561508840615,0.9395916883335397,0.8190287947654724
2002-07-23,NVO,17.860906826555897,1.0470947324424755,0.7595240473747253
2002-07-24,NVO,25.780979525881847,0.9953913615386081,0.7979682087898254
2002-07-25,NVO,26.31317655370062,0.9853864635937223,0.8006421327590942
2002-07-26,NVO,23.68369929455935,1.0311399394646283,0.762198269367218
2002-07-29,NVO,25.223154050605505,0.9691571906670546,0.7695526480674744
2002-08-01,NVO,29.90905276491415,1.1432204093470892,0.7889419198036194
2002-08-02,NVO,29.609584913849613,1.1484477697129383,0.7859330773353577
2002-08-05,NVO,25.887875744979432,1.2420440893006577,0.7458174824714661
2004-10-29,NVO,29.594430803515298,1.0656658829862324,1.7238141298294067
2004-11-01,NVO,28.75532075690095,1.067524498115081,1.717256784439087
2005-04-28,NVO,24.271161468544314,1.0250000758545477,1.807283639907837
2005-04-29,NVO,22.777410545377837,1.043067715110333,1.781015396118164
2005-05-02,NVO,21.504142191287386,1.044041310730202,1.757548451423645
2005-05-03,NVO,28.0941101067392,1.028320150075749,1.793273687362671
2005-09-26,NVO,29.615862981914642,1.0149988845943245,1.7046606540679932
2005-09-28,NVO,29.56182062536451,1.019588017585952,1.6987065076828003
2006-06-13,NVO,29.724517409366204,1.009904940428672,2.0849053859710693
2006-06-14,NVO,28.36159936941821,1.0223825476890949,2.067816734313965
2008-08-29,NVO,29.648783244310856,0.9568031983048431,4.06683349609375
2008-09-03,NVO,28.66522961636207,0.932111217510357,4.0324296951293945
2008-09-04,NVO,26.417960320211016,0.9453869624166489,3.967285394668579
2008-09-05,NVO,21.370086173542216,1.0168243704687374,3.7850241661071777
2008-09-08,NVO,29.78394475091281,0.9636948281339562,3.8911592960357666
2008-09-09,NVO,29.410021456913032,0.9637735464081876,3.8794493675231934
2008-09-10,NVO,25.81075801015627,0.9947422194343336,3.7586729526519775
2008-09-11,NVO,25.585913165220024,1.0003906240067535,3.750619888305664
2008-09-15,NVO,29.89122014827805,1.017762959081277,3.749890089035034
2008-09-16,NVO,29.53736635678726,1.0260372189284515,3.738910675048828
2008-09-17,NVO,29.537366356787253,1.0485509364545424,3.738910675048828
2008-10-10,NVO,29.85777726613259,1.1292595983980318,3.222137689590454
2009-03-06,NVO,29.39855737477748,1.0681457815014854,3.2331175804138184
2009-03-09,NVO,27.354433819232348,1.0706999108608295,3.1577248573303223
2011-08-04,NVO,23.514609902887035,0.9665613358651379,8.553094863891602
2011-08-05,NVO,20.401089212817087,1.0117380049345504,8.297239303588867
2011-08-08,NVO,17.427921910416345,1.0884116738939904,7.9911346435546875
2011-08-10,NVO,28.54347922916261,1.0700958981755406,8.039060592651367
2011-08-25,NVO,29.082661079976475,1.0838158418209454,7.60850715637207
2012-06-01,NVO,29.80715017475769,1.017279676888824,10.287402153015137
2012-06-04,NVO,29.76189687896944,1.0268453008876999,10.284255981445312
2012-11-06,NVO,28.389981336302718,1.0714972979288477,11.41926097869873
2013-05-31,NVO,29.48191166949043,1.0114215391157373,12.918124198913574
2013-06-20,NVO,28.01656660849336,1.0210016896312284,12.40893840789795
2013-06-21,NVO,27.115909018420442,1.006494837182605,12.346390724182129
2013-06-24,NVO,23.542413316710633,1.0518098723931895,12.072154998779297
2013-06-25,NVO,29.130300205114366,1.0395538326059375,12.224510192871094
2013-09-05,NVO,26.79683949248574,1.0243030907278166,13.032793998718262
2013-09-06,NVO,25.40527323498214,1.0282675683875104,12.96383285522461
2014-10-10,NVO,29.940063523613976,1.0160479585549695,17.81571388244629
2014-10-13,NVO,29.005795540967434,1.0361919154491024,17.717693328857422
2014-10-16,NVO,27.921394197172827,1.0697236751933539,17.456298828125
2015-08-24,NVO,29.672731477286185,1.0467802535196697,21.903240203857422
2016-02-04,NVO,29.708675667286055,0.9792549003556233,20.596508026123047
2016-02-05,NVO,28.022649831258782,0.9979548462086849,20.285388946533203
2016-02-08,NVO,24.299803442559895,1.055508341613293,19.5054988861084
2016-02-09,NVO,23.512511923956396,1.088235247666424,19.322975158691406
2016-06-16,NVO,29.595335552406382,1.0356869752595133,21.76747703552246
2016-06-17,NVO,28.71060628896297,0.9951276259803126,21.66193389892578
2016-08-05,NVO,25.76014449230362,0.9348459313562822,21.053998947143555
2016-08-08,NVO,20.378891868199897,0.9981918883637251,19.897228240966797
2016-08-09,NVO,25.970801861288628,0.9900049964674956,20.285633087158203
2016-08-10,NVO,24.424685415298615,1.0071956435697302,19.960559844970703
2016-08-11,NVO,23.682158731732496,1.012483657593583,19.801584243774414
2016-08-12,NVO,23.114095663316135,1.0151579124861363,19.6822452545166
2016-08-15,NVO,25.98212249453639,1.0190987894381416,19.861251831054688
2016-08-16,NVO,29.489074750556536,1.006154781573398,20.08287811279297
2016-08-17,NVO,29.833335383614205,0.9938519323535147,20.104188919067383
2016-08-18,NVO,29.43099199309009,0.995961026834365,20.04878044128418
2016-08-19,NVO,28.914151480630647,1.0002135442212186,19.980587005615234
2016-09-01,NVO,29.896703341835096,0.9503669657258512,19.750438690185547
2016-09-02,NVO,27.409610941272295,1.0065504562181358,19.520280838012695
2016-09-06,NVO,29.740968944619283,0.9965217240722125,19.605527877807617
2016-09-07,NVO,29.185808003562663,1.0034867109736607,19.558645248413086
2016-09-08,NVO,29.95384563715931,1.006311204867269,19.584217071533203
2016-09-09,NVO,21.835046901023528,1.0472296842222495,18.770164489746094
2016-09-28,NVO,29.85867041068798,0.9492455136283916,18.64229965209961
2016-09-29,NVO,22.626938348459745,0.9775120679643083,17.815460205078125
2016-09-30,NVO,22.00560934070812,0.9793219027697301,17.725954055786133
2016-10-03,NVO,20.63961802229839,0.9868674702597742,17.525636672973633
2016-10-04,NVO,19.294875886265448,0.979079386380949,17.316795349121094
2016-10-05,NVO,28.417555145186913,0.9532756627253496,17.69611930847168
2016-10-06,NVO,26.06464749366947,0.9708759269187444,17.414827346801758
2016-10-07,NVO,25.61472129237345,0.9717654545768186,17.35941505432129
2016-10-10,NVO,25.07685399671796,0.9938396391720914,17.295480728149414
2016-10-11,NVO,22.37807935414281,1.019607832108043,16.954517364501953
2016-10-12,NVO,21.747964284434744,1.0229912596285928,16.869279861450195
2016-10-13,NVO,22.801386982207703,1.0345348301099975,16.907636642456055
2016-10-14,NVO,22.475548769399392,1.0485092139499959,16.869279861450195
2016-10-28,NVO,22.52248896031269,0.9632642079088762,15.198543548583984
2016-10-31,NVO,22.26399335515196,0.9611706079379471,15.14739990234375
2016-11-01,NVO,24.063022753989927,0.9468828050760194,15.245429039001465
2016-11-02,NVO,22.73282113553831,0.9809823103799594,15.015275001525879
2016-11-03,NVO,21.545215012223355,0.9749496865674652,14.802172660827637
2016-11-04,NVO,20.661749748739354,0.9737991565055797,14.640213012695312
2016-11-07,NVO,20.21541247731746,0.9654565087595589,14.559235572814941
2016-11-08,NVO,19.522198569914583,0.9861235421348945,14.43563461303711
2016-11-09,NVO,26.022305487071634,0.9519675006458305,14.729719161987305
2016-11-10,NVO,23.91223648634644,0.9698759455874524,14.431373596191406
2016-11-11,NVO,22.748697251336925,0.9692077620162796,14.256627082824707
2016-11-14,NVO,21.459617795089827,0.977865349789146,14.05630874633789
2016-11-15,NVO,25.521224826539246,0.9514969503874035,14.235319137573242
2016-11-16,NVO,23.934403624032065,0.9595744699662805,14.02221393585205
2016-11-17,NVO,23.743626691614793,0.9768574929395839,13.996642112731934
2016-11-18,NVO,22.397752989015736,1.0037014698003064,13.817633628845215
2016-11-21,NVO,21.857684321496432,1.0145739260825555,13.745177268981934
2016-11-22,NVO,20.393622192113327,1.0572684941819293,13.544862747192383
2016-11-23,NVO,19.75684312772563,1.06271784906137,13.455358505249023
2016-11-25,NVO,25.81504008320324,1.0576683605950552,13.672724723815918
2018-02-02,NVO,26.292748800898107,0.99207456559834,22.166147232055664
2018-02-05,NVO,23.41421356596775,1.0239396757774806,21.647903442382812
2018-02-06,NVO,25.20767479141119,1.0125177586631544,21.753305435180664
2018-02-07,NVO,28.441213784534064,1.0168132633368896,21.942163467407227
2018-02-08,NVO,24.604919168106836,1.0626544874025636,21.309722900390625
2018-06-08,NVO,29.058467121609894,0.9979972511065364,20.005386352539062
2018-06-11,NVO,28.619074419814645,0.9982153303287206,19.960865020751953
2018-06-12,NVO,26.30566086180059,1.008579789000716,19.72042465209961
2018-06-13,NVO,28.718834695908473,1.0258424794425525,19.81393051147461
2018-10-04,NVO,24.4365230649473,0.9602404682679254,19.45197105407715
2018-10-08,NVO,27.612898052022345,0.9805285961999558,19.398012161254883
2018-10-09,NVO,25.67951876513751,1.0209411526811292,19.1102352142334
2018-10-10,NVO,23.54365220700813,1.042415525839161,18.76400375366211
2018-10-11,NVO,23.034537750741706,1.043813049183341,18.678569793701172
2020-10-30,NVO,27.84993023878437,1.1012678415619908,29.65966796875
2022-01-14,NVO,28.637466324484457,0.9908638673486845,45.599918365478516
2022-01-18,NVO,28.86139065160686,0.9872393840984843,45.633056640625
2022-01-20,NVO,29.164379349890357,0.9997905801587995,45.19277572631836
2022-01-21,NVO,29.021673467626048,1.0146812673511283,45.14543533325195
2022-01-24,NVO,29.3196665200116,1.0464166002647297,45.183311462402344
2022-01-25,NVO,28.862941344406668,1.0781840717831928,45.050750732421875
2022-01-26,NVO,25.69207736304058,1.1448977984495587,44.07550811767578
2022-08-03,NVO,28.001350235097135,1.0760684930937818,47.75346374511719
2022-09-26,NVO,29.287929723326407,1.0763015767588946,45.78627014160156
2024-10-03,NVO,29.099811854024527,1.0212894839112432,113.25499725341797
2024-10-04,NVO,29.197589375834898,1.0427379804291246,113.29436492919922
2024-10-28,NVO,28.48458238497026,0.9765040624210648,110.57813262939453
2024-10-29,NVO,27.838501574311785,0.9834791759650734,110.20415496826172
2024-11-04,NVO,26.63499714445588,0.9942580996433728,107.97999572753906
2024-11-05,NVO,28.513113307989958,0.9721238309814818,108.38349151611328
2024-11-06,NVO,21.588720825921236,1.0147114841329867,103.68914031982422
2024-11-08,NVO,29.59925032463952,0.9490671524411542,105.49995422363281
2024-11-14,NVO,29.780988092288446,0.974458806810131,103.64977264404297
2024-11-15,NVO,24.85879300131195,1.0326321992754226,100.12654113769531
2024-11-18,NVO,22.682265917485473,1.0475904573179184,98.2271499633789
2024-12-20,NVO,19.694580505231198,1.0085882194782807,83.65202331542969
2024-12-23,NVO,27.285083011810567,0.9696764039998941,87.30318450927734
2024-12-24,NVO,26.317504907164697,1.0017167470323383,85.98443603515625
2024-12-26,NVO,26.900828694554807,1.0,86.25999450683594
2024-12-27,NVO,26.673419125282884,0.9732173088703684,85.98443603515625
2024-12-30,NVO,25.323113299829448,0.9721217047035688,84.37044525146484
2024-12-31,NVO,26.036129939893453,0.9955824661297169,84.65583801269531
2025-01-02,NVO,29.77136565191636,0.9856033482439435,86.13204956054688
2025-01-06,NVO,27.31918722497214,0.9547219092244592,83.6815414428711
2025-01-07,NVO,25.671244531000166,0.9949604234594953,82.01834106445312
2025-01-14,NVO,27.418252272235804,0.9924858305966672,79.8926010131836
2025-01-17,NVO,27.380190421531935,1.1120853279004266,77.44209289550781
2025-03-27,NVO,29.916209769812248,0.9717966810811193,69.04736328125
2025-03-28,NVO,28.891843537933724,0.9171419120323625,68.20100402832031
2025-04-03,NVO,29.637466563622468,0.9122205734189387,67.0999984741211
2025-04-04,NVO,24.222610667512186,1.034852184595734,62.54999923706055
2025-04-07,NVO,27.63361763987516,1.0380263700841414,63.63999938964844
2025-04-08,NVO,25.335069736485615,1.0469155756694144,61.599998474121094
2000-12-01,MC.PA,29.342804371407638,1.0068491807083184,45.89323425292969
2000-12-04,MC.PA,26.287640946046313,1.0811569820565727,44.54158401489258
2001-01-10,MC.PA,27.981967104754098,1.1450195877677332,39.44932174682617
2001-03-12,MC.PA,27.816393102169435,0.9162392036502476,36.77745819091797
2001-03-13,MC.PA,26.206679850869598,0.9852175712520537,36.14876937866211
2001-03-14,MC.PA,26.206679850869598,0.9652176409003499,36.14876937866211
2001-03-15,MC.PA,23.382078447048634,0.9461397906496632,35.01716995239258
2001-03-16,MC.PA,23.15807835559346,0.9675964172319699,34.92287063598633
2001-03-19,MC.PA,20.419367324299625,1.0503729402307342,33.69694900512695
2001-03-22,MC.PA,27.033955363088097,1.1005690301203355,33.13113784790039
2001-07-04,MC.PA,25.928654944306967,0.9946426972610719,35.49098587036133
2001-07-05,MC.PA,28.70783822480031,1.0115146222587597,35.77617645263672
2001-07-06,MC.PA,21.91795513248458,1.090565415043172,33.58969497680664
2001-09-07,MC.PA,29.09095214848107,0.7723294668761445,31.149677276611328
2001-09-10,MC.PA,29.293116663574885,0.7566578189420761,31.175025939941406
2001-09-11,MC.PA,22.61065710144372,0.7990734149736735,28.735023498535156
2001-09-12,MC.PA,19.7608770388045,0.8233519485164672,27.302703857421875
2001-09-13,MC.PA,17.39005458937924,0.7931879831091149,25.86405372619629
2001-09-14,MC.PA,14.962822484764683,0.7481564386834356,24.05781364440918
2001-09-17,MC.PA,14.400783994323628,0.891993661692301,23.58882713317871
2001-09-18,MC.PA,13.661448574590034,0.9663265406990291,22.961393356323242
2001-09-19,MC.PA,13.105216551103222,0.9937978195048217,22.479734420776367
2001-09-20,MC.PA,11.11692403866876,1.0590051988704139,20.515056610107422
2001-09-21,MC.PA,9.193301274742671,1.228872830483315,17.999008178710938
2001-09-24,MC.PA,25.890540766090147,1.024096621447429,21.04108428955078
2001-10-02,MC.PA,29.92118230866897,1.051096862760742,21.085447311401367
2002-06-14,MC.PA,27.245159242766885,0.9997940261734973,31.271528244018555
2002-07-11,MC.PA,29.63236749966274,1.0643381886786896,27.97978973388672
2002-07-12,MC.PA,26.970953208696873,1.0679497116042294,27.060409545898438
2002-07-15,MC.PA,23.367364723564105,1.0630493363102247,25.594558715820312
2002-07-16,MC.PA,29.7513368563396,0.9929693732331015,26.520362854003906
2002-10-09,MC.PA,28.80521966091051,1.2620070077471401,20.881975173950195
2004-08-06,MC.PA,27.547459850574214,0.9686312235064326,34.966949462890625
2004-08-09,MC.PA,25.310302748436797,0.9961386796269488,34.43513488769531
2004-08-12,MC.PA,28.358883003516873,1.020388686709046,34.23569869995117
2004-08-13,MC.PA,26.76220803903276,1.0147200568362662,33.870079040527344
2006-05-17,MC.PA,27.344714158816952,0.9979935992441605,51.43869400024414
2006-12-01,MC.PA,28.503100293418044,1.0144450253920854,52.60364532470703
2007-11-21,MC.PA,29.398260744737527,1.061067643285642,54.58226013183594
2008-01-09,MC.PA,25.953105177312448,0.9321164752309945,53.5296516418457
2008-01-10,MC.PA,23.759332093571693,0.9302917300598755,52.83380126953125
2008-01-11,MC.PA,20.06879149355557,0.9581798521299161,51.42808532714844
2008-01-14,MC.PA,22.656650170507643,0.8890849995485152,51.709259033203125
2008-01-15,MC.PA,18.2504865082445,0.953248681054825,49.76232147216797
2008-01-16,MC.PA,19.40827129971508,0.9088603332914624,49.895870208740234
2008-01-17,MC.PA,17.886394937494494,1.005433773652267,49.150848388671875
2008-01-18,MC.PA,19.047185977266942,0.9952929930669885,49.2773551940918
2008-01-21,MC.PA,13.629136254881221,1.0513679753271485,45.97392654418945
2008-01-22,MC.PA,23.94048016812425,1.0388205800582033,47.43586730957031
2008-01-23,MC.PA,20.227161079735062,1.075945475215988,45.3483772277832
2008-06-24,MC.PA,29.285038084744215,0.9902679845630762,47.71891784667969
2008-07-04,MC.PA,28.37692913457414,0.9605055238958323,45.22545623779297
2008-07-10,MC.PA,29.859578249791806,1.0388626999262776,44.48957061767578
2008-07-11,MC.PA,26.887674727912053,1.097861732912094,43.439300537109375
2008-07-15,MC.PA,29.04385040390101,1.11201335353787,43.1177978515625
2008-10-06,MC.PA,25.541481560921138,1.0704692662582371,38.83101272583008
2008-10-07,MC.PA,28.75267901866235,1.0377701229278835,39.534759521484375
2008-10-08,MC.PA,24.855789710674607,1.0217268025150457,37.1591796875
2008-10-09,MC.PA,24.089149923367202,1.0059467354899967,36.641197204589844
2008-10-10,MC.PA,24.931766260868084,1.060256201433279,36.81623840332031
2008-11-17,MC.PA,29.99616080797633,1.077525515601439,29.379690170288086
2008-11-18,MC.PA,29.96394081928579,1.1184389295544415,29.361726760864258
2008-11-19,MC.PA,28.04357077268616,1.094198729428569,28.298328399658203
2008-11-20,MC.PA,28.39424030420173,1.144391787783746,28.373781204223633
2008-11-21,MC.PA,27.981708235956205,1.1467023801775384,28.16182518005371
2011-03-15,MC.PA,28.356385334545088,1.0431654745624932,79.1277847290039
2011-03-16,MC.PA,24.368283669486104,1.073412496007513,76.5091781616211
2011-08-08,MC.PA,22.85327466887003,1.0765283822753033,82.28575134277344
2011-08-10,MC.PA,28.25742787682113,1.0951267409002612,81.9401626586914
2012-09-28,MC.PA,29.246826366267932,1.0435897112118495,91.83758544921875
2013-04-18,MC.PA,29.801799733071277,1.0908419647482683,95.60665893554688
2013-06-21,MC.PA,28.07587852661722,1.0280758979858629,97.26399230957031
2013-06-24,MC.PA,25.82722843306125,1.0679246148724824,95.77811431884766
2013-12-05,MC.PA,29.434067306586524,0.9699047675362845,106.31686401367188
2013-12-06,MC.PA,27.866196420161504,0.9765923843929665,105.5473403930664
2013-12-10,MC.PA,26.781313819716274,1.0031102683017468,104.17027282714844
2013-12-11,MC.PA,27.417541375953657,1.0038835438678346,104.2917709350586
2013-12-12,MC.PA,25.143019633507617,1.0216026716027233,103.11723327636719
2013-12-13,MC.PA,25.06579362628741,1.020039342812054,103.07672882080078
2014-01-08,MC.PA,29.535534945041984,1.0230524849996492,101.90216827392578
2014-01-09,MC.PA,24.449704295826503,1.030093545016217,99.59357452392578
2014-07-25,MC.PA,28.33702536732471,0.9741740723521788,108.09540557861328
2014-07-28,MC.PA,28.190785201232828,0.9688329616463222,108.01331329345703
2014-07-29,MC.PA,28.784552635334915,0.9851937357336632,108.13646697998047
2014-07-30,MC.PA,26.50303940168325,0.9938577987564644,106.9458999633789
2014-07-31,MC.PA,24.156635913971964,0.9871695438986512,105.59111022949219
2014-08-01,MC.PA,23.677784862272237,0.9875243907351577,105.30374145507812
2014-08-04,MC.PA,22.576127044062716,1.0015693038480642,104.64685821533203
2014-08-07,MC.PA,27.477476691510056,1.009846466933051,104.236328125
2014-08-08,MC.PA,27.006596635442794,1.0043427896288082,103.9900131225586
2014-10-02,MC.PA,29.402174711451185,1.0095310774263042,103.37421417236328
2014-12-17,MC.PA,27.969453724320182,1.0480730721059852,104.23956298828125
2015-08-21,MC.PA,29.85537492533576,1.0360324931217937,122.12432861328125
2015-08-24,MC.PA,25.712793664629817,1.067120967650772,116.75988006591797
2018-10-10,MC.PA,29.027787420146865,0.9956653884285249,236.7735595703125
2018-10-11,MC.PA,27.634377223712292,0.995991516622397,233.7838134765625
2018-10-12,MC.PA,28.243383138538324,1.0028570825634724,234.274658203125
2018-10-15,MC.PA,27.320440272743774,1.0107507004783334,232.44505310058594
2018-10-18,MC.PA,29.902939004555556,1.017439631251728,232.84669494628906
2018-10-23,MC.PA,29.647722844828152,1.0073631439968278,230.30311584472656
2019-08-05,MC.PA,28.051964182142434,1.0387471009925826,312.22802734375
2020-03-09,MC.PA,25.723237025781714,0.8804734998753314,309.16925048828125
2020-03-10,MC.PA,24.97166564768176,0.9296594052084989,306.2422180175781
2020-03-11,MC.PA,23.87979687371839,0.8721794572904297,301.9888000488281
2020-03-12,MC.PA,18.50979122346786,0.9782752719560864,275.7826232910156
2020-03-13,MC.PA,26.800990606679658,0.9876148555620949,288.0397033691406
2020-03-16,MC.PA,23.479554473446186,1.0463707652238488,272.21533203125
2020-03-18,MC.PA,26.184031447785895,1.2623717487039308,263.388427734375
2020-03-19,MC.PA,29.57956816227187,1.2330905346991954,269.79132080078125
2021-08-19,MC.PA,26.6417143832612,1.0138639956079638,570.4349975585938
2022-03-04,MC.PA,28.841169247019806,1.0295949689140684,539.9147338867188
2022-03-07,MC.PA,27.534549028940873,1.0544204868681974,530.5704345703125
2022-03-08,MC.PA,25.34576195872054,1.0725324814572326,514.0308837890625
2022-05-09,MC.PA,26.861976706766853,1.0597125463219388,512.8543701171875
2023-09-06,MC.PA,27.52853984959347,0.9974025668965607,701.5640258789062
2023-09-07,MC.PA,26.1576007262102,1.0255489800841877,694.4668579101562
2023-09-27,MC.PA,29.632648502978213,1.0197509377655918,670.1063842773438
2024-01-12,MC.PA,29.868992075834015,0.9843260084677254,647.5789184570312
2024-01-15,MC.PA,29.63944020639203,0.990585861894776,646.9022216796875
2024-01-16,MC.PA,28.656886384228102,1.0061533703101588,644.098876953125
2024-01-17,MC.PA,23.247827399884642,1.0556070389491432,625.82861328125
2024-05-29,MC.PA,26.0579410835657,1.0392156270052586,706.7218017578125
2024-08-02,MC.PA,27.58140708683175,1.0087233164752119,615.2831420898438
2024-08-05,MC.PA,26.180452040627433,1.0172994098181967,609.2327880859375
2024-08-06,MC.PA,25.6375974682777,1.019778146043697,606.8907470703125
2024-09-05,MC.PA,29.556100968329286,0.9799740993273927,604.2559204101562
2024-09-06,MC.PA,27.713404906822298,0.9936273960243888,597.2296752929688
2024-09-10,MC.PA,29.35968844057205,0.9923252092370382,597.6200561523438
2024-09-11,MC.PA,27.849951438321707,0.9817133687265251,592.350341796875
2024-09-12,MC.PA,27.792942819509797,1.0118655475696954,592.1551513671875
2024-09-13,MC.PA,28.812880762134412,0.9733597458718838,593.4237670898438
2024-09-16,MC.PA,27.371583876265788,0.9859178178259704,589.0323486328125
2024-09-18,MC.PA,26.872798736026944,1.0362476574623503,581.5182495117188
2025-03-11,MC.PA,28.589838528580703,0.9826030514304684,611.4935913085938
2025-03-12,MC.PA,26.671330326732086,0.9980385811870504,602.6284790039062
2025-03-13,MC.PA,25.290456239331665,0.9991734711905549,595.9304809570312
2025-03-14,MC.PA,25.351632624351595,0.9957032721243239,596.0289306640625
2025-03-17,MC.PA,28.26315883813636,0.9780219165970075,600.5599975585938
2025-03-18,MC.PA,28.459112807496417,0.9808196849869002,600.85546875
2025-03-19,MC.PA,28.877595766483307,0.9736324954721888,601.4464721679688
2025-03-20,MC.PA,27.139441323994212,0.9745244168638599,595.4379272460938
2025-03-21,MC.PA,26.574672914573107,0.9744397498030263,593.4679565429688
2025-03-24,MC.PA,24.848327148511032,0.9587456304061385,587.36083984375
2025-03-25,MC.PA,26.50687594075722,0.961223423057114,589.3308715820312
2025-03-26,MC.PA,25.3616195009965,0.9675358346663336,585.5878295898438
2025-03-27,MC.PA,23.788696957432524,0.9215753365581432,580.268798828125
2025-03-28,MC.PA,23.21443005808085,0.9027422817487185,578.2987670898438
2025-03-31,MC.PA,19.34249761773958,0.8878782712406555,563.129638671875
2025-04-01,MC.PA,22.41904728088062,0.9038428924924035,566.4786376953125
2025-04-02,MC.PA,22.51273264643497,0.8664811946308016,566.5772094726562
2025-04-03,MC.PA,15.856819807539335,0.9655553350207857,534.7614135742188
2025-04-04,MC.PA,14.067931847823365,0.9894340752068342,522.0547485351562
2025-04-07,MC.PA,11.617136693733963,1.0443262144043122,499.9905700683594
2025-04-08,MC.PA,19.811002961487265,0.9400730789651931,512.0076904296875
2025-04-09,MC.PA,16.85857145945517,0.973515276085995,490.9284973144531
2025-04-15,MC.PA,25.308325694083315,1.038176657613096,481.32464599609375
2025-04-16,MC.PA,24.780206554351107,1.0436753369519047,477.9263916015625
2025-04-17,MC.PA,24.975674565954737,1.049505786863798,478.32037353515625
2025-04-22,MC.PA,25.857543273569338,1.0193858627843824,479.994873046875
2000-10-11,ASML,28.827286182793355,0.9071431136299137,20.34395408630371
2000-10-12,ASML,27.523056888187032,1.0367647214946785,19.762699127197266
2000-11-22,ASML,29.683402905177076,1.0480770650617293,15.112653732299805
2001-06-21,ASML,28.170473058320727,1.1058645259437963,15.593160629272461
2001-09-06,ASML,26.26196586540513,0.7749174587236762,11.74137020111084
2001-09-07,ASML,26.5316226569883,0.6949937066784435,11.764615058898926
2001-09-10,ASML,25.46178776958414,0.6790040648235304,11.516615867614746
2001-09-17,ASML,20.418740034205943,0.8642635126221357,10.106103897094727
2001-09-18,ASML,18.549174781971928,1.0,9.439598083496094
2001-09-19,ASML,17.658327698382305,0.9540032530564748,9.098592758178711
2001-09-20,ASML,15.49139388899842,1.0473934412137298,8.1763334274292
2001-09-21,ASML,14.738479949892453,1.111001093334683,7.819828987121582
2001-09-24,ASML,24.831024136206537,0.9689443252124557,8.734336853027344
2001-09-26,ASML,28.591315067245805,1.075893036170812,8.680087089538574
2001-09-27,ASML,28.154861396804087,1.138461230078281,8.563838005065918
2001-09-28,ASML,29.393003543776892,1.14897420475992,8.687838554382324
2001-10-01,ASML,28.436440034837652,1.2408425152991445,8.463086128234863
2002-05-03,ASML,29.222636321045876,1.031853831703276,14.841399192810059
2002-05-06,ASML,29.083129326878538,1.0779697524055318,14.810400009155273
2002-06-10,ASML,29.976404569218197,0.9366565469319088,13.213887214660645
2002-06-11,ASML,25.653293165593404,0.9724133408476957,12.36137866973877
2002-06-12,ASML,24.744908557449683,0.9241554523826965,12.159875869750977
2002-06-13,ASML,23.27689369371693,0.9154651615113225,11.826622009277344
2002-06-14,ASML,23.504193268557046,0.9037957653492319,11.842121124267578
2002-06-18,ASML,29.023437824112985,0.9032884170770368,12.020369529724121
2002-06-19,ASML,25.08176266519567,0.9820688159216613,11.237615585327148
2002-06-20,ASML,23.293967012188315,1.083035036509981,10.826860427856445
2002-06-21,ASML,22.766393873442915,1.0948584755569508,10.702858924865723
2002-06-24,ASML,26.03620286417821,1.0120563616383114,10.9276123046875
2002-06-25,ASML,25.67293656204598,0.9635974202506181,10.857860565185547
2002-06-26,ASML,28.421418082107714,0.9255617038140191,11.036111831665039
2002-07-02,ASML,29.354632340811893,0.9688887940921195,10.462606430053711
2002-07-03,ASML,27.95918382030978,1.0508349199736677,10.21460247039795
2002-09-16,ASML,28.936513885929838,0.8208956357750075,5.711808204650879
2002-09-17,ASML,26.25483504789164,0.8497025016668074,5.208052635192871
2002-09-18,ASML,26.214591900749134,0.962741939447422,5.20030403137207
2002-09-19,ASML,25.458014376838122,1.0275654963202663,5.060800552368164
2002-09-20,ASML,27.70501498296679,0.9254841539771212,5.20030403137207
2002-09-23,ASML,24.758087998064706,1.0231402576780542,4.688798427581787
2002-09-24,ASML,23.378505411477644,1.150613053130553,4.425295352935791
2002-10-07,ASML,27.076811098000924,1.31736515694847,3.8827896118164062
2003-03-10,ASML,29.674474038905608,1.1839999338464369,4.843799114227295
2004-07-26,ASML,29.25635940054333,1.029090920155554,10.65635871887207
2004-07-28,ASML,29.495922431357886,1.0014638497573072,10.586610794067383
2004-08-12,ASML,29.752570898544995,1.089385140188155,9.710850715637207
2005-04-13,ASML,29.23162607846991,0.9947641061339588,11.842121124267578
2005-04-14,ASML,27.928321903221864,1.0363518581851114,11.725869178771973
2005-04-15,ASML,25.333372526092486,1.0472652623333107,11.477865219116211
2005-04-18,ASML,28.678659698947804,1.0347595694246279,11.594118118286133
2005-04-28,ASML,29.776203404887063,1.0448275358734853,11.237615585327148
2005-04-29,ASML,29.683127186206846,1.044168393576896,11.229864120483398
2005-05-02,ASML,29.191867457694904,1.0547092976039592,11.191113471984863
2006-05-18,ASML,29.33379611297261,1.076231177010655,14.639894485473633
2007-03-05,ASML,29.68985544302293,1.0349191531599664,17.75543212890625
2008-01-03,ASML,28.7548495799061,0.9272120233669362,20.632431030273438
2008-01-04,ASML,22.54609546419907,0.9521782186083375,19.44753074645996
2008-01-07,ASML,22.364674323449705,1.0042599908496148,19.40619468688965
2008-01-08,ASML,21.406327274843516,0.9892318695875,19.19264030456543
2008-01-09,ASML,26.134559841756023,0.9049134753172363,19.48886489868164
2008-01-10,ASML,24.235718168877693,0.9229384073561979,19.130638122558594
2008-01-11,ASML,21.37337980257753,0.9661460959358237,18.517515182495117
2008-01-16,ASML,25.339341859813103,1.1218750828042423,17.6357364654541
2008-01-17,ASML,25.58247919442107,1.0741320199688043,17.656400680541992
2008-01-18,ASML,28.427615511609126,1.0658453662322598,17.890625
2008-01-22,ASML,26.927617643479312,1.0709526262910534,17.573732376098633
2008-06-20,ASML,27.468777428794887,0.9907294746839956,17.091508865356445
2008-06-23,ASML,25.901795414400404,1.0,16.809062957763672
2008-06-26,ASML,28.546985763847378,0.9843166610466064,16.69194984436035
2008-07-02,ASML,27.294513251799458,0.9710393289264396,16.17527198791504
2008-07-08,ASML,26.96980118694799,1.0296681276850501,15.789497375488281
2008-07-09,ASML,25.794692810506714,1.003975364407385,15.596603393554688
2008-07-10,ASML,27.732353984536573,1.0219298352135424,15.706825256347656
2008-07-11,ASML,27.159549553071503,1.037477906374238,15.624159812927246
2008-07-14,ASML,29.888773876401377,1.0366972377191543,15.768827438354492
2008-09-12,ASML,27.571201901068186,1.0503738336663717,13.812363624572754
2008-09-15,ASML,26.224313250568454,1.0060788052440706,13.59880542755127
2008-09-17,ASML,28.91959374950902,0.9796452561737694,13.199243545532227
2008-09-29,ASML,25.374365348686823,0.987108785671813,11.222113609313965
2008-10-07,ASML,27.51800359758413,0.9618670709228612,10.478107452392578
2008-10-09,ASML,27.349253232995896,1.0695771928287165,10.099212646484375
2008-10-10,ASML,28.321634484579057,1.0365356474799692,10.18188190460205
2010-05-06,ASML,27.35937662929085,1.005915149179722,21.18474006652832
2010-05-07,ASML,24.653704596009497,1.0104692935697324,20.613872528076172
2010-08-24,ASML,27.244056881262402,0.9332075880171551,18.448755264282227
2010-08-25,ASML,29.797994912002736,0.971225995811764,18.629756927490234
2010-08-26,ASML,28.006287649613483,1.007598919136221,18.323442459106445
2010-08-27,ASML,26.93594003330598,1.0330135780566034,18.135469436645508
2010-08-30,ASML,24.678827495317528,1.0208250194768964,17.717763900756836
2010-08-31,ASML,22.267493600941147,1.055802669808852,17.21651840209961
2011-08-08,ASML,29.677540986315375,1.1521880607875388,22.013181686401367
2013-11-07,ASML,24.4505623159751,1.0183273583098438,78.05999755859375
2013-11-08,ASML,24.881326776083604,1.0293005164320028,78.1225814819336
2013-11-11,ASML,24.947002240903426,1.0169376532343208,78.13150024414062
2013-11-12,ASML,23.952186937255618,1.0250747721748876,77.73807525634766
2013-11-13,ASML,29.074857825639167,1.007413478359749,78.3997573852539
2014-01-17,ASML,28.962158975306895,1.0381517612770672,75.46692657470703
2014-04-16,ASML,28.184109930031564,1.0235925538310713,73.52659606933594
2014-04-17,ASML,27.2293472123758,1.0103908299277387,73.00798797607422
2014-04-21,ASML,27.2293472123758,1.0185551654075538,73.00798797607422
2014-04-22,ASML,27.376887784800193,1.0154606511896498,73.03480529785156
2014-04-23,ASML,29.030326505444204,1.0025059508919782,73.32095336914062
2014-07-29,ASML,28.01591206063233,1.0906580291970063,75.21159362792969
2015-04-17,ASML,28.998501148314137,1.1424932533449,85.34457397460938
2015-07-08,ASML,26.636126154688753,1.0982091853161309,88.38829040527344
2015-08-20,ASML,25.01866198147564,1.051120883588822,79.56222534179688
2015-08-21,ASML,23.193352783971,1.0706552313372324,78.17007446289062
2015-08-24,ASML,22.48885589175746,1.0670574664398607,77.6150131225586
2015-08-25,ASML,28.999380809447928,1.0247098995711323,79.17095947265625
2016-01-07,ASML,27.803283096980085,1.0049703050245435,75.05819702148438
2016-01-08,ASML,24.209318967565004,0.96499738470781,73.04730224609375
2016-01-13,ASML,29.247480520194415,1.0918636301091578,72.8016128540039
2018-09-06,ASML,27.01725354120381,0.9867170481788422,173.03274536132812
2018-09-07,ASML,24.803356845363787,1.0192404038318394,169.67433166503906
2018-09-12,ASML,26.017923036356994,1.0780062999680382,164.51480102539062
2018-10-10,ASML,29.47666082243714,1.076140144657249,161.2783203125
2018-10-11,ASML,29.374176584552398,1.027127826941707,161.14695739746094
2018-10-24,ASML,28.03591808671148,1.0897824669514726,148.37005615234375
2018-12-24,ASML,29.682471297088668,1.0778566499549977,136.0340576171875
2020-03-18,ASML,28.583388812034126,1.3303723454698568,187.7716522216797
2021-09-30,ASML,29.92850990351061,1.0022949714791003,718.6812744140625
2021-10-01,ASML,29.44504282740872,0.9844435474212307,715.498291015625
2021-10-04,ASML,25.55564851971375,1.0125539486770287,687.6522827148438
2022-01-25,ASML,27.382067024596633,1.0507422305238325,627.1922607421875
2022-01-26,ASML,29.01308483068726,1.0512657454306549,631.7276000976562
2022-01-27,ASML,26.473507743702125,1.0177576009208869,613.7405395507812
2022-09-26,ASML,29.839062796262922,1.0020193206850558,420.6948547363281
2022-09-30,ASML,28.921640921261112,1.045527936183015,405.5978698730469
2023-09-15,ASML,27.854887752207645,0.9839776816813305,588.6945190429688
2023-09-18,ASML,28.48942153834027,0.9805931589534724,589.7503051757812
2023-09-19,ASML,27.524630863231703,0.9645317918352485,585.8432006835938
2023-09-20,ASML,26.572651935005997,0.9739777540351015,582.005126953125
2023-09-21,ASML,24.73480742235699,0.9974746363759055,574.3487548828125
2023-09-22,ASML,28.168357929889126,1.0026571462620038,579.2622680664062
2023-09-25,ASML,27.901335147573402,0.9932609677875907,578.3051147460938
2023-09-26,ASML,24.448653100222185,0.9963157329081882,565.0643920898438
2023-09-27,ASML,25.78984421532401,1.0284231329748204,566.8600463867188
2023-10-03,ASML,29.788394805035505,1.0552926276568733,562.9825439453125
2024-09-06,ASML,29.291751169624387,1.084445831059437,748.88232421875
2024-09-09,ASML,29.007678119781698,1.0709770989618108,745.927734375
2024-09-10,ASML,29.39500957073216,1.0722803280914617,747.4796752929688
2025-04-03,ASML,29.27774938663382,1.042248340776699,621.2958374023438
2025-04-04,ASML,26.743806427540452,1.1044670245786445,603.680419921875
2025-04-08,ASML,27.48395674669949,1.1474544615795317,593.5318603515625
2001-01-04,RMS.PA,26.813221127891566,1.073825111277963,33.628604888916016
2001-09-11,RMS.PA,22.948419790954755,0.8785715610798773,35.36852264404297
2001-09-12,RMS.PA,21.82522903274479,0.8920290336356832,34.86325454711914
2001-09-13,RMS.PA,20.732441175016962,0.835294235206079,34.35798645019531
2001-09-14,RMS.PA,15.664542108333421,0.8790322413698834,31.326396942138672
2001-09-17,RMS.PA,23.241958871421595,0.9338523629775488,32.463253021240234
2001-09-18,RMS.PA,20.784023380452435,1.0487802647362823,31.07377815246582
2001-09-19,RMS.PA,20.94767866466733,1.0796099884629426,31.099035263061523
2001-09-20,RMS.PA,17.2919441659994,1.1707744948412115,28.69902801513672
2001-09-21,RMS.PA,15.849571320632682,1.1834865213118848,27.53691291809082
2002-02-13,RMS.PA,29.967396220976124,0.9868751547140224,40.4211540222168
2002-02-14,RMS.PA,27.92734599243824,1.0240811224913564,39.86537170410156
2002-02-15,RMS.PA,27.20213687438505,1.0082806555353863,39.66326141357422
2002-06-20,RMS.PA,29.319457489979307,0.9987397659630037,40.443416595458984
2002-06-21,RMS.PA,28.57515225087721,1.0113853438657698,40.290496826171875
2002-06-24,RMS.PA,25.038772315608526,1.0361287891422901,39.500492095947266
2002-07-11,RMS.PA,28.81141812021109,1.0519037029785132,37.64014434814453
2002-07-12,RMS.PA,29.55951033339741,1.0362260017517635,37.71659851074219
2002-07-15,RMS.PA,25.684056096728607,1.0128036928223914,36.69723129272461
2002-07-16,RMS.PA,28.21792394699788,0.9954492556701322,36.952083587646484
2003-02-24,RMS.PA,29.44308272132418,0.9629631359478114,31.036436080932617
2003-02-25,RMS.PA,21.329521237717987,0.9869674862801646,29.40160369873047
2003-02-26,RMS.PA,26.4454996987213,0.9905663458419085,29.78476333618164
2003-02-27,RMS.PA,25.04245431995662,0.9930673298184597,29.478233337402344
2003-02-28,RMS.PA,27.792815454973912,0.9552495809885259,29.682584762573242
2003-03-04,RMS.PA,26.011992320903733,0.9383803602639225,29.0184268951416
2003-03-07,RMS.PA,26.250622217908404,1.049549412285522,28.354276657104492
2003-03-10,RMS.PA,24.32174284893091,1.1089743966695336,27.894474029541016
2003-03-11,RMS.PA,21.82692503000191,1.1097563546774774,27.230321884155273
2003-03-12,RMS.PA,21.284363875251838,1.1509432925578074,27.077062606811523
2004-10-25,RMS.PA,27.763065863019392,1.0430623462571316,38.56434631347656
2004-11-23,RMS.PA,27.372496078549318,0.9836060703832402,36.982757568359375
2004-11-24,RMS.PA,26.92336936430264,0.9871428534511052,36.90366744995117
2004-11-25,RMS.PA,26.765763688585402,0.9842748122872825,36.87731170654297
2004-11-26,RMS.PA,25.6343552860538,0.9849140146972671,36.69279098510742
2004-11-30,RMS.PA,27.28610474796987,0.9934787295802628,36.37646484375
2004-12-01,RMS.PA,28.13764503412309,1.0007235833944,36.42919158935547
2004-12-02,RMS.PA,27.27782206140204,1.0094407359717368,36.29740905761719
2004-12-03,RMS.PA,26.2413797688473,1.0328228104668025,36.139244079589844
2004-12-06,RMS.PA,24.56604350605658,1.044085208243683,35.87563705444336
2004-12-07,RMS.PA,29.418805690062584,1.0357399432491219,36.139244079589844
2005-04-15,RMS.PA,28.388751824906972,0.993394652138164,39.90869903564453
2005-04-18,RMS.PA,22.49463080344789,1.01753179008614,39.0915412902832
2005-04-27,RMS.PA,26.139695864878853,1.0307166753381405,38.617061614990234
2005-04-28,RMS.PA,26.13969586487886,1.028669305284054,38.617061614990234
2006-05-15,RMS.PA,26.38108298184597,0.9634729381755317,50.416015625
2006-05-16,RMS.PA,23.68862996596687,1.0075350586274656,49.588653564453125
2006-05-17,RMS.PA,22.49241092644712,0.9896906576883134,49.18831253051758
2006-05-18,RMS.PA,22.01358544244407,1.0152421582041393,49.0281867980957
2006-05-19,RMS.PA,28.814017206744897,1.0247045524817162,49.69541931152344
2006-05-22,RMS.PA,24.887609053167463,1.0521975685406335,48.574466705322266
2007-06-05,RMS.PA,25.98420107944172,0.9147500813458955,78.94734954833984
2007-06-06,RMS.PA,21.71682802750024,0.93703034496047,76.89519500732422
2007-06-07,RMS.PA,16.869834701965836,0.9917542735346344,73.5614242553711
2007-06-08,RMS.PA,19.99078634462637,0.9819687654082152,74.10245513916016
2007-06-11,RMS.PA,19.512680534877006,0.9744444057212878,73.77457427978516
2007-06-12,RMS.PA,17.385639487522216,0.9745742469156071,72.21709442138672
2007-06-13,RMS.PA,17.17340097696953,0.9704212598108374,72.05313110351562
2007-06-14,RMS.PA,22.758089941796644,0.9674155036754083,72.9548568725586
2007-06-15,RMS.PA,22.41769661311549,0.9648534058377642,72.76629638671875
2007-06-18,RMS.PA,20.855162082911956,0.9793615690849212,71.88922119140625
2007-06-19,RMS.PA,18.470858613910092,0.978336943824629,70.38092041015625
2007-06-20,RMS.PA,17.803748755544166,0.9847596271037825,69.92189025878906
2007-06-21,RMS.PA,22.130597374012453,0.9745644544688514,70.5776596069336
2007-06-22,RMS.PA,21.446740558028694,0.9796844500173814,70.20880889892578
2007-06-25,RMS.PA,22.816686951228597,0.9643728811538984,70.4055404663086
2007-06-26,RMS.PA,19.876815350173903,0.980952511803989,68.85625457763672
2007-06-27,RMS.PA,19.876815350173903,0.9936905042998286,68.85625457763672
2007-06-28,RMS.PA,19.736373197652135,0.9947563390297353,68.78247833251953
2007-06-29,RMS.PA,19.736373197652135,0.9823621808633772,68.78247833251953
2007-07-02,RMS.PA,17.96943730176837,0.983339365560973,67.8971939086914
2007-07-03,RMS.PA,17.30514002470556,0.9598299873006672,67.54471588134766
2007-07-04,RMS.PA,24.7589741071013,0.9460881875403301,68.42180633544922
2007-07-05,RMS.PA,24.7589741071013,0.9732836629225786,68.42180633544922
2007-07-06,RMS.PA,22.47533622304461,0.9626348904820038,67.56930541992188
2007-07-09,RMS.PA,20.551704854304575,0.969429164232225,66.76598358154297
2007-07-10,RMS.PA,16.818543131000002,0.9973447756404259,64.8314437866211
2007-07-11,RMS.PA,16.652875893271553,0.9877172323992433,64.73306274414062
2007-07-13,RMS.PA,26.5959221102708,0.9766857677453651,65.04457092285156
2007-07-16,RMS.PA,25.8474510231142,0.9769502904479114,64.72489166259766
2007-07-17,RMS.PA,25.687718726632625,0.9901118864088172,64.6593017578125
2007-07-18,RMS.PA,23.93581197773263,0.965640676875593,63.93796157836914
2007-07-19,RMS.PA,24.37751574870431,0.9647750764768531,63.99532699584961
2007-07-20,RMS.PA,23.19604997770046,0.9496772812845723,63.528106689453125
2007-07-23,RMS.PA,22.45576478696506,0.9328492523475895,63.233001708984375
2007-07-24,RMS.PA,28.96607175624439,0.9509599436172705,64.01994323730469
2007-07-25,RMS.PA,22.95571653397154,0.9662778471353022,61.74109649658203
2007-07-26,RMS.PA,22.955716533971536,0.9610994906536634,61.74109649658203
2007-07-27,RMS.PA,19.98085834636617,0.9665759368901142,60.331199645996094
2007-07-30,RMS.PA,17.634256325120727,0.9785993074717273,58.98685836791992
2007-08-01,RMS.PA,27.228753419913637,1.098103791719597,59.659053802490234
2007-08-02,RMS.PA,26.518185440937426,1.1189390780119457,59.33933639526367
2007-08-03,RMS.PA,24.32708570153985,1.150267043330393,58.3146858215332
2007-08-06,RMS.PA,23.14104420458758,1.10337955704983,57.7244987487793
2007-08-07,RMS.PA,26.414334932854306,1.07081519166875,58.224517822265625
2008-01-07,RMS.PA,29.63621635511633,0.8600827120353487,63.331363677978516
2008-01-08,RMS.PA,29.787079254839455,0.8570506780939561,63.36414337158203
2008-01-09,RMS.PA,24.543638573449055,0.9031251821793129,60.331199645996094
2008-01-10,RMS.PA,21.37813916841112,0.9210863575471168,57.96220779418945
2008-01-11,RMS.PA,18.598304866569542,0.9588757139618651,55.412906646728516
2008-01-14,RMS.PA,17.6826508366075,0.9358919042100803,54.470211029052734
2008-01-15,RMS.PA,17.52110768400539,0.952603549323247,54.30628204345703
2008-01-16,RMS.PA,18.404265612712702,0.9477960410105702,54.48662567138672
2008-01-17,RMS.PA,17.19647930158216,1.0440657770598274,53.38819885253906
2008-01-18,RMS.PA,16.919848392159956,1.0851586962048299,53.134090423583984
2008-01-21,RMS.PA,14.751697473551706,1.126225891948427,50.97822952270508
2008-01-22,RMS.PA,18.677362369564122,1.1351608880163424,51.732357025146484
2008-01-23,RMS.PA,18.567290466315992,1.1087298096167775,51.642208099365234
2009-01-13,RMS.PA,27.449078690161382,0.9532776645877248,74.72415924072266
2009-01-14,RMS.PA,25.859870407551472,0.9361079225552466,73.41068267822266
2009-01-15,RMS.PA,28.31105306662396,0.9201533063105575,74.13097381591797
2009-01-16,RMS.PA,27.064049482666015,0.8885159019624008,73.19884490966797
2009-01-19,RMS.PA,25.785327804283376,0.9454413833747298,72.2243423461914
2009-01-20,RMS.PA,24.516165355826463,0.9517009072326379,71.23287200927734
2009-01-21,RMS.PA,21.612955388624705,0.9877302990570992,68.72032165527344
2009-01-22,RMS.PA,21.069202524900057,0.9877012504103442,68.21186065673828
2009-01-23,RMS.PA,18.021653407524283,1.0280131687841398,65.03833770751953
2009-01-26,RMS.PA,29.286729719566146,0.970650288460303,68.28388214111328
2009-01-27,RMS.PA,28.64478849992987,0.9690001354988541,67.79238891601562
2009-01-28,RMS.PA,28.934068245222473,0.9556179400824544,67.87714385986328
2009-01-29,RMS.PA,28.20159501915362,0.9433367501986817,67.37294006347656
2009-01-30,RMS.PA,27.44091949390595,1.0138783448502193,66.86026763916016
2009-02-02,RMS.PA,26.567112754423427,1.0359271139355266,66.27976989746094
2009-02-03,RMS.PA,25.673888468513294,0.9965817401604533,65.69083404541016
2009-02-04,RMS.PA,24.432805922128235,1.047226895994853,64.86461639404297
2009-02-05,RMS.PA,22.570853850919477,1.036066940689441,63.55537033081055
2009-02-23,RMS.PA,29.79353992042021,0.9357190243344667,59.78444290161133
2009-02-24,RMS.PA,27.356549514869226,0.9487797667132868,58.15316390991211
2009-02-25,RMS.PA,27.670980680375806,1.0398719160004577,58.23366928100586
2009-02-26,RMS.PA,26.047812942617938,1.0793184841359629,57.15744400024414
2009-02-27,RMS.PA,25.664874916542114,1.047356796963433,56.90324783325195
2009-03-02,RMS.PA,24.214322947672184,1.0282512859269732,55.94144058227539
2009-03-03,RMS.PA,23.09355022287234,1.1003681913228698,55.17454528808594
2011-09-30,RMS.PA,29.36059079815371,1.0008855544986224,197.2234344482422
2011-10-03,RMS.PA,28.232460099853597,1.048791636523966,195.0839080810547
2011-10-04,RMS.PA,25.304974562067812,1.0653427741466956,189.1021728515625
2011-10-05,RMS.PA,29.282339385058858,1.0777273621168562,192.11492919921875
2012-07-12,RMS.PA,28.2637564861617,1.0346782501656617,205.07870483398438
2012-07-16,RMS.PA,26.787047445333073,0.9844895106449226,201.85826110839844
2012-08-02,RMS.PA,29.335613870361037,1.0786908366404513,192.68898010253906
2013-06-20,RMS.PA,28.115899573520082,0.9937814548894721,225.1443328857422
2013-06-21,RMS.PA,21.446452115238124,1.0329028967666354,216.87925720214844
2013-06-24,RMS.PA,19.537337287458158,1.0595942884755103,213.7177734375
2013-10-25,RMS.PA,29.151293159851726,1.0216427106659196,223.29258728027344
2014-01-27,RMS.PA,28.096634213737147,1.0164813347513593,211.0078887939453
2014-01-30,RMS.PA,24.45331148082582,1.0566328593157082,204.95590209960938
2014-09-05,RMS.PA,25.08368170604079,0.9965050306314813,222.08609008789062
2014-09-08,RMS.PA,26.26362765811767,0.9995897029988638,222.5426788330078
2014-09-09,RMS.PA,29.378136661215255,0.9979594005275277,223.72982788085938
2014-09-10,RMS.PA,28.43297534541232,0.9985659513791446,222.86227416992188
2014-09-11,RMS.PA,26.681543148439076,1.0094940723005716,221.21861267089844
2014-09-12,RMS.PA,26.95069568569528,1.0134102411746024,221.30990600585938
2014-09-26,RMS.PA,28.656682377227128,1.0010531039009258,216.7896270751953
2014-09-29,RMS.PA,27.325435200208986,1.0154565477718507,215.64813232421875
2014-09-30,RMS.PA,29.02977126399348,1.004012668553747,216.19607543945312
2014-10-01,RMS.PA,27.19810354649993,1.003402291074955,214.73495483398438
2014-10-13,RMS.PA,28.33709251659672,0.9969782324102247,211.53883361816406
2014-10-14,RMS.PA,27.418399078362004,1.0184060152291208,210.85397338867188
2015-08-20,RMS.PA,27.953108019899886,1.0220637521024496,293.2080078125
2015-08-21,RMS.PA,27.092741517635677,1.0132437103440455,291.67230224609375
2015-08-24,RMS.PA,23.200605701630227,1.0381969787688263,283.89984130859375
2016-09-14,RMS.PA,27.828747128726878,1.0344192931135494,332.02069091796875
2016-09-15,RMS.PA,29.935208174726807,1.0492959014449386,333.9018249511719
2016-09-16,RMS.PA,29.935208174726807,1.0433802397248224,333.9018249511719
2018-06-19,RMS.PA,28.790012821118587,0.9676577415196234,514.4466552734375
2018-06-20,RMS.PA,25.504960317556968,0.9856385824088676,506.03179931640625
2018-06-21,RMS.PA,24.479531283594596,0.9844164600019178,503.1632385253906
2018-06-22,RMS.PA,27.41291602160716,0.9901700020844162,505.8406066894531
2018-06-25,RMS.PA,24.551928049133174,0.9911740785277754,498.38214111328125
2018-06-26,RMS.PA,24.34143273379328,1.0046100515553344,497.80828857421875
2018-06-27,RMS.PA,25.48775580905357,0.9984664864606229,498.76446533203125
2018-06-28,RMS.PA,24.073640551213153,1.0027027148584995,495.3221740722656
2018-07-02,RMS.PA,27.511257409373506,1.0189702134757535,493.98345947265625
2018-10-10,RMS.PA,28.375656042473373,0.9879304108458267,483.2738037109375
2018-10-11,RMS.PA,26.41641368322046,0.9889648053543093,476.5802001953125
2018-10-12,RMS.PA,24.734854250543812,0.9975610479132556,470.4604187011719
2018-10-15,RMS.PA,23.59743366647964,1.0073845926627918,466.1574401855469
2018-10-19,RMS.PA,29.497770360554703,1.0185411427733149,469.31298828125
2018-10-22,RMS.PA,29.749222458726415,1.014050113703366,469.5998229980469
2018-10-23,RMS.PA,27.791974634586943,1.0286244045797208,464.3406066894531
2020-02-27,RMS.PA,29.960722537722585,1.0111255937961237,617.7305908203125
2020-02-28,RMS.PA,27.356263808963217,1.008732997125326,607.1298217773438
2020-03-09,RMS.PA,28.035524588353656,0.9052181174687828,584.9979248046875
2020-03-10,RMS.PA,26.134398173305517,0.9375628943406892,575.5313110351562
2020-03-11,RMS.PA,25.902783185611057,0.8829466700756197,574.3721923828125
2020-03-12,RMS.PA,20.312653352959206,1.0,540.9492797851562
2020-03-13,RMS.PA,26.621709056351033,1.0583099985163524,553.3139038085938
2020-03-16,RMS.PA,22.87355780321092,1.1006930601433191,529.5507202148438
2020-03-17,RMS.PA,27.519553410679283,1.1478699667471801,539.5968017578125
2020-03-18,RMS.PA,22.751155700702956,1.2499045009364564,507.1400146484375
2022-01-10,RMS.PA,28.82582499298237,0.9788937023574855,1339.1571044921875
2022-01-11,RMS.PA,29.21171634132726,0.9712936324671458,1341.1063232421875
2022-01-12,RMS.PA,28.916229546128235,0.9970857963988711,1337.6949462890625
2022-01-13,RMS.PA,25.46822206247,1.031226504516693,1295.298095703125
2022-01-14,RMS.PA,23.364542463804998,1.0504427173910318,1265.571533203125
2022-02-11,RMS.PA,28.630555114750166,1.0008318154238773,1171.5186767578125
2022-02-14,RMS.PA,27.30824367815102,1.013484072382189,1156.4117431640625
2022-03-08,RMS.PA,29.349902573934394,1.030541266881659,1055.2928466796875
2022-05-05,RMS.PA,29.248886811971897,0.9609666583907128,1055.6082763671875
2022-05-06,RMS.PA,26.18651303435722,1.0268715770624022,1022.2527465820312
2022-05-09,RMS.PA,24.03445602384936,1.049261076195225,995.7644653320312
2022-05-10,RMS.PA,24.40613741012007,1.0727989318621447,997.2360229492188
2024-01-05,RMS.PA,27.99400657199307,1.0093416959536998,1797.3746337890625
2024-09-06,RMS.PA,28.085420885959945,1.0034040170888594,1897.423583984375
2024-09-09,RMS.PA,27.751705319074972,0.9955368618175858,1892.4552001953125
2024-09-10,RMS.PA,27.160859021757055,1.015822803468828,1884.0089111328125
2024-09-11,RMS.PA,28.699488392090412,1.0026260534361,1891.9583740234375
2024-09-16,RMS.PA,29.19038026348188,1.0203059505561851,1884.0089111328125
2025-03-10,RMS.PA,29.869769961865583,0.9963927925879343,2482.28076171875
2025-03-11,RMS.PA,28.31641766941784,0.9890820092143401,2460.39306640625
2025-04-03,RMS.PA,27.21390023707929,0.9781958189217793,2327.076171875
2025-04-04,RMS.PA,23.08098223485721,1.0061591886466497,2261.41259765625
2025-04-07,RMS.PA,17.19934783938943,1.1007026245638265,2124.115966796875
2000-01-27,OR.PA,29.856801033770132,1.0505659589287986,43.80244064331055
2000-03-08,OR.PA,29.627280503308732,1.1161452504992344,40.1329460144043
2001-03-22,OR.PA,26.734490868761558,1.0969783634435302,47.23660659790039
2002-07-23,OR.PA,28.898764603720206,1.098385663021416,43.737457275390625
2002-07-24,OR.PA,28.23114112803272,1.1076684330658466,43.40127182006836
2003-01-23,OR.PA,28.573035238528817,0.9921383151271667,42.76251983642578
2003-01-27,OR.PA,26.306607849112034,1.0327870926097993,41.014366149902344
2003-01-28,OR.PA,24.73421581386756,1.0175143326573355,40.30839157104492
2003-03-10,OR.PA,29.906929849862006,1.1391704130302442,36.47590255737305
2003-03-11,OR.PA,28.334748931345832,1.1226595461998614,35.90437698364258
2003-03-12,OR.PA,24.084048103891252,1.182265987273166,34.12260818481445
2004-07-15,OR.PA,29.797991671725395,0.9834708916356203,41.57644271850586
2004-07-16,OR.PA,28.885501811113645,0.9900414373497786,41.404632568359375
2004-07-19,OR.PA,28.696249020474013,0.9817273797647554,41.37027359008789
2004-07-22,OR.PA,28.4597702243436,1.0058825263572706,40.88922119140625
2004-07-23,OR.PA,29.90639499869212,0.9983235444708793,40.99230194091797
2004-07-26,OR.PA,27.694967202363518,1.001692432930336,40.61433029174805
2004-07-28,OR.PA,29.927383732880102,0.9822183141456236,40.57998275756836
2004-08-04,OR.PA,28.527807356166885,0.9663793597655427,39.858402252197266
2004-08-06,OR.PA,27.450564391257565,0.9648816646139319,39.13682556152344
2004-08-09,OR.PA,25.35892190263091,0.9875664414403311,38.690147399902344
2004-08-10,OR.PA,27.64247159033795,0.9938108986138203,38.8619384765625
2004-08-11,OR.PA,25.933508712335048,1.0044604768121856,38.51833724975586
2004-08-12,OR.PA,24.622005033433375,1.0125785887490537,38.243446350097656
2004-08-13,OR.PA,22.479592764752677,1.0154684404417818,37.76240539550781
2004-08-16,OR.PA,28.684934254954005,1.0206835189577292,38.20909118652344
2004-09-23,OR.PA,29.034420712476216,0.9915413570118714,36.55977249145508
2004-09-24,OR.PA,29.53543125444057,1.0084508043577496,36.59413528442383
2004-09-27,OR.PA,27.448633248651905,1.0284359715782347,36.250526428222656
2005-04-22,OR.PA,26.800480460960323,0.9866904978764492,38.72449493408203
2005-04-25,OR.PA,28.22019028951472,0.9902653840444179,38.82758712768555
2005-04-26,OR.PA,27.83258071017989,0.9955679894492343,38.75885009765625
2005-04-27,OR.PA,25.221730406906357,1.018851042808272,38.27781295776367
2005-04-28,OR.PA,25.22173040690635,1.032315859832361,38.27781295776367
2005-04-29,OR.PA,24.83572758057161,1.0296763749909648,38.20909118652344
2005-05-02,OR.PA,28.935123770643123,1.0250224816396636,38.449615478515625
2006-05-17,OR.PA,28.506207587415254,1.0198966210096811,47.949493408203125
2006-10-17,OR.PA,29.917583464165435,1.0314801343801836,52.75505065917969
2008-01-11,OR.PA,28.367281876110034,0.9750431980338005,62.28306579589844
2008-01-15,OR.PA,28.072368614207534,0.9402582388225313,61.02952575683594
2008-01-16,OR.PA,27.36607909266055,0.8974027511599291,60.6713752746582
2008-01-17,OR.PA,26.53216116360651,0.9986922412624629,60.255916595458984
2008-01-18,OR.PA,29.176919118970616,0.9777069345518017,60.72867965698242
2008-01-21,OR.PA,21.06135290404075,1.0410377909581332,56.02970886230469
2008-01-22,OR.PA,27.332644238311204,0.9975035139865439,57.383514404296875
2008-01-23,OR.PA,23.053847459518217,1.0627546046291336,54.446659088134766
2008-06-24,OR.PA,27.857188399378565,0.987750539013036,50.65144348144531
2008-06-26,OR.PA,27.19144581800503,1.0045689504846538,49.527313232421875
2008-06-27,OR.PA,26.333837105144177,0.989322260282519,49.220726013183594
2008-07-02,OR.PA,29.473233322489996,1.0479398296521132,48.7243766784668
2008-10-10,OR.PA,28.56377739215845,1.0682529368354527,43.26066207885742
2009-01-16,OR.PA,27.69356335991486,0.9470358207172301,39.27877426147461
2009-01-20,OR.PA,29.197101203202497,0.9775488572381436,39.015995025634766
2009-01-22,OR.PA,27.751108461600854,1.0111601203707818,37.93566131591797
2009-01-23,OR.PA,26.08170861456828,1.02237046625084,37.19840621948242
2009-03-05,OR.PA,26.754601562943513,1.07486048131051,34.566917419433594
2009-03-06,OR.PA,25.738960715359628,1.089979579235194,34.27494812011719
2009-03-09,OR.PA,29.99608244416917,1.0970557187329133,34.70926284790039
2011-03-15,OR.PA,26.523577754198673,1.0166414383569018,60.23583221435547
2011-03-16,OR.PA,22.180436540214348,1.0438857787022244,58.759029388427734
2011-08-03,OR.PA,28.141509368759003,0.9324373589224906,63.37942886352539
2011-08-04,OR.PA,22.704176855031665,0.9773446906256615,61.738487243652344
2011-08-05,OR.PA,19.107075156160366,1.0251588174568214,60.253822326660156
2011-08-08,OR.PA,16.112050355536763,1.0567698933287915,58.636314392089844
2011-08-09,OR.PA,24.208848779260634,1.0573674313521895,59.65996170043945
2011-08-10,OR.PA,22.900555887030237,1.0842256478579448,59.097347259521484
2011-09-05,OR.PA,29.160135689036583,1.0017924645536045,56.667198181152344
2011-09-06,OR.PA,28.29644416457488,0.9986126496765694,56.32337951660156
2015-08-21,OR.PA,29.64702503644869,0.990921072467041,129.86460876464844
2015-08-24,OR.PA,23.823010123676024,1.0433895123632635,123.25347137451172
2018-02-06,OR.PA,23.23023490380266,1.017737609079537,150.2401885986328
2018-02-08,OR.PA,29.83909857010608,1.016880014141731,150.10911560058594
2018-10-10,OR.PA,28.982244183429334,0.9814426793107317,170.28997802734375
2018-10-11,OR.PA,25.58426417950621,0.9952024223079962,166.99635314941406
2018-10-12,OR.PA,22.785084804467402,1.0396740229618213,163.7917022705078
2018-10-15,OR.PA,22.785084804467402,1.0380436347084423,163.7917022705078
2018-10-16,OR.PA,28.57531906115432,1.018518772396862,165.83909606933594
2019-08-05,OR.PA,27.047338795839476,1.0182370070307778,208.2974090576172
2019-08-06,OR.PA,25.83573536108572,1.0214347215700184,206.7598114013672
2020-02-28,OR.PA,28.292205157672445,1.0526972080786179,217.97509765625
2020-03-12,OR.PA,23.659549599721007,1.0685445555729365,192.6502227783203
2020-03-13,OR.PA,26.707742126754418,1.050925976549259,195.36358642578125
2020-03-16,OR.PA,23.837643320207828,1.0626205158043922,187.76611328125
2021-09-20,OR.PA,27.378456655749027,0.9993283547051114,345.1398010253906
2021-09-28,OR.PA,29.786875818157554,1.0030329248535945,336.2852783203125
2021-09-30,OR.PA,27.298173568994095,1.014151515090024,330.86138916015625
2022-01-24,OR.PA,29.359904737344987,1.0286610681303003,339.66949462890625
2022-05-09,OR.PA,27.177435495572183,1.0768725262615606,286.2944641113281
2024-04-05,OR.PA,27.09481196448292,1.0043615095539649,399.215087890625
2024-04-08,OR.PA,26.315405410253888,1.0103356361939535,397.76409912109375
2024-06-28,OR.PA,27.067310413176678,1.0,402.7518615722656
2024-07-01,OR.PA,29.393910730318673,0.9835051981507638,404.9127197265625
2024-07-02,OR.PA,26.647531929201833,0.986194982138152,398.43017578125
2024-07-03,OR.PA,26.5665396962459,0.9949437993876158,398.2337646484375
2024-07-04,OR.PA,29.508790673226194,0.9938725474330793,400.7383728027344
2024-07-08,OR.PA,29.48343858556966,1.0020963538034613,398.2337646484375
2024-07-09,OR.PA,26.93178555982844,0.9998750342219055,392.9298400878906
2024-09-11,OR.PA,29.182422645735826,0.9948326684325998,361.1556396484375
2024-09-12,OR.PA,27.82387671255986,1.0377875027884396,358.70013427734375
2024-09-13,OR.PA,29.86327572709076,1.0105005248482846,360.1242980957031
2024-09-16,OR.PA,29.400532644520265,1.0051926668684825,359.3876647949219
2024-11-06,OR.PA,29.66737619628,0.9681670586754532,331.6895751953125
2024-11-13,OR.PA,29.97083846815787,0.9793545797332995,321.13092041015625
2024-11-19,OR.PA,29.044843443961554,1.0326137287256558,316.21990966796875
2024-11-20,OR.PA,28.221467210437034,1.0395065969179773,314.50103759765625
2000-04-03,SAP,28.967713695587094,0.9919725693916186,39.09011459350586
2000-04-04,SAP,27.91247078391011,1.0141171382490832,38.103904724121094
2000-04-13,SAP,29.883818637128197,0.8932160903403779,35.683189392089844
2000-04-14,SAP,26.71547790366561,0.9319729651439443,32.94866180419922
2000-04-20,SAP,29.777828113565274,1.1054848901823917,31.872798919677734
2000-04-24,SAP,28.40657975750103,1.1912406443226722,30.70726203918457
2000-10-11,SAP,29.184246324400164,1.0857523841133836,34.06623458862305
2000-10-12,SAP,29.559565567106656,0.9960529700113505,34.1561164855957
2000-11-22,SAP,29.441918148175578,0.9078501289313562,26.336164474487305
2000-11-29,SAP,29.344785080443398,1.135283430751307,24.583419799804688
2000-11-30,SAP,28.228212276011384,1.1372179836325325,23.909290313720703
2001-03-12,SAP,27.917840909440418,0.9342559364134793,22.859439849853516
2001-03-15,SAP,29.30765149473753,1.0114193307689918,22.03968620300293
2001-03-16,SAP,26.19385836076412,1.0668064941766577,20.558391571044922
2001-03-21,SAP,29.091768269194514,1.0252596763640105,20.78130531311035
2001-04-03,SAP,28.598107048257855,1.2587130063999277,17.53826904296875
2001-07-06,SAP,27.141826234163457,1.1283275279529539,21.13606834411621
2001-07-09,SAP,28.517585557906,1.0856756843633357,21.30198097229004
2001-07-10,SAP,28.76952968909449,1.107203172387042,21.330839157104492
2001-09-06,SAP,29.13699124723122,0.81653942407338,20.760955810546875
2001-09-10,SAP,27.767182462251494,0.845454583039721,19.83760643005371
2001-09-17,SAP,25.865394452424344,0.952830131260779,19.116239547729492
2001-09-18,SAP,21.975295469674748,1.0207467564027706,17.384960174560547
2001-09-19,SAP,21.120103307833922,1.064255024554437,16.952138900756836
2001-09-20,SAP,20.40738021542144,1.1217386506029636,16.591453552246094
2001-09-21,SAP,21.827841133169436,1.114838869037174,16.77179527282715
2002-05-07,SAP,28.032927025890185,1.073043688876585,20.821063995361328
2002-05-22,SAP,29.610570359918825,1.0168840236902867,18.872941970825195
2002-06-21,SAP,28.003390624665712,1.0625547965801174,16.555461883544922
2002-06-24,SAP,27.76160500212297,1.0149190154175562,16.50476837158203
2002-06-25,SAP,27.361798579897815,0.9801587089614963,16.425106048583984
2002-06-26,SAP,29.739305237499792,0.996945859472995,16.598915100097656
2002-07-12,SAP,26.754124998121554,0.9884089115914908,13.745525360107422
2002-07-15,SAP,26.969347683874172,0.9679115605982235,13.767251014709473
2002-07-19,SAP,29.42012469280626,0.9568231108965972,13.586199760437012
2002-07-22,SAP,28.248395385851595,1.038043538937849,13.325481414794922
2002-07-23,SAP,26.36379201789602,1.0955055897154622,12.890954971313477
2002-09-16,SAP,28.229514300922364,0.9058488908859696,10.153437614440918
2002-09-17,SAP,29.275004993684995,0.9151944748683922,10.247586250305176
2002-09-18,SAP,29.53012257423979,0.8892807542239131,10.269312858581543
2002-09-19,SAP,25.275439294361174,0.9448756909861907,9.327838897705078
2002-09-20,SAP,29.64215588155936,0.8589554441127979,9.704424858093262
2002-09-23,SAP,27.327076358571055,0.8858266634744387,9.197480201721191
2002-09-24,SAP,29.44645001553216,0.8725866896289302,9.378534317016602
2002-09-25,SAP,28.240236841340412,0.8501187824074843,9.132302284240723
2002-09-26,SAP,26.71510430419282,0.8816760407627102,8.813648223876953
2002-09-27,SAP,24.5714957173415,0.8931364067060981,8.335668563842773
2002-09-30,SAP,23.76259111801229,0.893333481600442,8.14737319946289
2002-10-01,SAP,24.278851315936663,0.9539823519334911,8.183584213256836
2002-10-02,SAP,22.385205103046047,1.0867534323215793,7.7635416984558105
2002-10-03,SAP,22.497423270070126,1.1705502379895771,7.770782470703125
2002-10-04,SAP,21.02405756243484,1.331711956090105,7.444889068603516
2002-10-07,SAP,20.292556902856727,1.3582086599187382,7.278321266174316
2002-10-08,SAP,28.764376625701626,1.3460110899678759,7.806994915008545
2003-03-04,SAP,27.900328656136956,0.9695875780969417,14.04969310760498
2003-03-05,SAP,27.419525386854353,0.9771902358983657,13.970030784606934
2003-03-10,SAP,25.690123138904937,1.1478871938324826,13.368937492370605
2003-03-11,SAP,29.746057427997346,1.1190857266070808,13.622407913208008
2004-03-15,SAP,29.822727454243914,1.00919656841629,26.92978286743164
2005-01-19,SAP,29.60519736078896,0.981310698981414,29.421621322631836
2005-01-20,SAP,26.377958603828066,0.9794050004190399,28.835092544555664
2005-01-21,SAP,26.377958603828066,0.9832188916802097,28.835092544555664
2005-01-24,SAP,26.840343399304423,0.9834902789655584,28.86441421508789
2005-01-27,SAP,28.5021560789551,1.003894090043994,28.241233825683594
2005-01-28,SAP,29.987414432844723,1.013447277814787,28.351207733154297
2005-02-01,SAP,29.83965543578876,1.0165892516872672,28.285221099853516
2005-04-15,SAP,24.740491204821215,1.0714282496533374,27.097511291503906
2005-04-18,SAP,27.701724672862394,1.0683713387690739,27.236806869506836
2006-06-13,SAP,29.128624649023415,1.0518730719492395,36.21195983886719
2006-06-14,SAP,29.883692619699776,1.062667002582034,36.27903747558594
2006-07-17,SAP,29.115087071453633,0.9735356110576842,34.363338470458984
2006-07-18,SAP,27.076981239711177,0.9882898049672756,33.7371940612793
2006-07-20,SAP,28.878210788517993,0.9997764769357926,33.3644905090332
2006-07-21,SAP,26.205102619875404,1.0479687555608437,32.47745895385742
2008-01-07,SAP,28.587281736987773,1.0368912432302477,36.430423736572266
2008-01-08,SAP,26.781258480273273,1.0223940151788238,36.075557708740234
2008-09-09,SAP,28.465220093275832,1.0782027202229834,40.05356216430664
2008-09-10,SAP,28.04228279082696,1.0475184532053208,39.96932601928711
2008-10-02,SAP,28.49403794052135,0.7115660943713245,37.411399841308594
2008-10-03,SAP,23.201140053795076,0.7419498253032628,34.9607048034668
2008-10-06,SAP,16.89560811296562,0.9803426929634438,30.388633728027344
2008-10-07,SAP,14.66034490779656,1.0541429688413537,28.006860733032227
2008-10-08,SAP,14.487779034840356,0.9289453206317329,27.807741165161133
2008-10-09,SAP,13.46985331457414,1.0348100814614702,26.620683670043945
2008-10-10,SAP,12.909003944762157,1.0581634558135844,25.939088821411133
2008-10-15,SAP,24.613945751508286,1.0160094186515292,25.831871032714844
2008-10-24,SAP,29.936724666102,1.0847407366398547,24.9434871673584
2008-10-27,SAP,27.145867926695683,1.182329712322305,23.143760681152344
2009-10-28,SAP,29.352989456793882,1.0080242894654683,35.910770416259766
2010-05-06,SAP,28.78970229369937,1.003605391167338,34.563438415527344
2010-05-07,SAP,26.66551565570706,0.9974871622633082,34.096153259277344
2010-05-24,SAP,29.300504513837033,1.020581768662204,32.92015838623047
2010-05-25,SAP,28.789330845467305,1.0531562380859394,32.81890869140625
2010-05-26,SAP,26.66955625053191,1.0661218305091054,32.390567779541016
2010-11-30,SAP,29.337258078205124,1.0430432152726066,37.1143913269043
2011-03-16,SAP,28.88650586469334,1.059736869839164,43.29090881347656
2011-08-08,SAP,29.433061882986355,1.0485661978030587,41.09599685668945
2012-05-17,SAP,29.15167969528702,0.9888872935150279,47.98139190673828
2012-05-18,SAP,25.617738280448556,1.0003154025480525,46.91531753540039
2013-09-05,SAP,29.085090341001173,1.045965702256766,58.641204833984375
2014-01-24,SAP,25.18108330551764,0.9864462877017978,64.64971160888672
2014-01-27,SAP,27.30603812572752,0.9656635809726614,64.8917236328125
2014-01-28,SAP,26.741937305108472,0.9711191967665656,64.72481536865234
2014-01-29,SAP,24.964728503466706,0.9754287934498493,64.19073486328125
2014-01-31,SAP,26.817714582202967,1.003533352889298,63.773468017578125
2014-02-03,SAP,23.50234869894213,1.0162469075076948,62.66357421875
2014-02-04,SAP,25.223951748151723,1.0366435549254591,62.85551071166992
2014-02-05,SAP,24.475950619692046,1.039717612384884,62.61349105834961
2014-09-25,SAP,28.576156230770085,0.9868713410027281,61.49757385253906
2014-10-01,SAP,28.03123359411368,0.9712322499427758,60.56269073486328
2014-10-02,SAP,29.168127693265216,0.9651306729220211,60.69019317626953
2014-10-03,SAP,28.11593405799579,0.9676421712392312,60.40971374511719
2014-10-07,SAP,27.010440071618497,0.9744354702885374,59.840293884277344
2014-10-08,SAP,23.61963969698223,0.9830947652068738,58.820438385009766
2014-10-09,SAP,22.872341771840485,0.9641612721586859,58.57396697998047
2014-10-10,SAP,22.50222432869624,1.0030531289465208,58.454986572265625
2014-10-13,SAP,21.109571221524103,0.9623441366496056,58.00455856323242
2014-10-14,SAP,24.5263542630337,0.9629792429536819,58.31050491333008
2014-10-15,SAP,22.839567335302107,0.9426809165606993,57.82606506347656
2014-10-16,SAP,18.92887756307338,0.995635926521615,56.47475051879883
2014-10-20,SAP,28.329516382082236,0.9958892142804375,55.82034683227539
2014-10-22,SAP,26.29022895355829,1.031649483165347,54.51152801513672
2015-07-06,SAP,27.889667860167894,1.0635803254796616,58.924171447753906
2015-08-21,SAP,29.2249872281303,0.9963077655249345,58.44939422607422
2015-08-24,SAP,22.95322760072581,1.0273407154930114,56.5157585144043
2016-11-14,SAP,28.079028530142576,1.0323487769431159,71.6468505859375
2016-11-15,SAP,29.53237980630111,1.043499659830392,71.84876251220703
2018-10-24,SAP,29.33489015439913,1.0376317442491074,93.34110260009766
2019-07-19,SAP,29.097249284299036,1.0189360713549291,114.07183074951172
2019-07-22,SAP,29.791772575347824,1.0128174351681136,114.25489044189453
2019-08-05,SAP,26.361676139767994,1.003116230402367,108.67166137695312
2019-08-06,SAP,24.966897252571723,1.0278792768753444,107.68315887451172
2020-02-27,SAP,28.25787422138281,0.971716968256256,114.23658752441406
2020-02-28,SAP,26.711239824798756,0.9831675453610207,113.10163116455078
2020-03-09,SAP,22.342623370627297,0.8743497804311654,102.05416107177734
2020-03-12,SAP,23.8392290694807,0.9279375990791453,92.84640502929688
2020-03-16,SAP,27.69819324238112,1.0085135635434934,89.23103332519531
2020-03-19,SAP,29.48005502364198,1.2243707292813806,86.15567016601562
2020-03-20,SAP,29.691812029277955,1.1694590458952816,86.31128692626953
2020-10-26,SAP,16.887012507674896,0.9201008634415817,106.7957763671875
2020-10-27,SAP,16.73044208821312,0.9581659448689497,106.31295776367188
2020-10-28,SAP,14.901990859690988,1.040144291372441,100.3798599243164
2020-10-29,SAP,15.709292746756184,1.0648992698486082,100.8626708984375
2020-10-30,SAP,15.172710282840903,1.0775998302927712,99.19139099121094
2020-11-02,SAP,14.868847945245692,1.088727112585701,98.26288604736328
2020-11-03,SAP,21.44260462895246,1.0644426118034778,101.8654556274414
2020-11-04,SAP,25.800052813621647,1.062783523211664,104.40953826904297
2021-09-20,SAP,27.97156220298735,1.0239275956657126,131.34080505371094
2021-09-30,SAP,29.386814657415787,1.0045912331052493,127.4431381225586
2021-10-04,SAP,29.181287588799375,1.010091779046665,126.24459838867188
2021-10-05,SAP,28.675785383512594,1.009069286017462,125.91426849365234
2021-11-24,SAP,29.11560448336994,0.9738889301518538,126.14077758789062
2021-11-26,SAP,25.366847032134736,0.9869911985856765,123.32841491699219
2021-11-30,SAP,26.950854228323635,1.0471815546237027,121.21443939208984
2022-01-27,SAP,24.093395846588255,1.0116849380963635,115.49534606933594
2022-01-28,SAP,23.72103130025593,1.034188721914646,115.10841369628906
2022-02-14,SAP,29.338110361793785,0.959526837330899,111.69205474853516
2022-02-18,SAP,29.395513335277023,0.9729496075563584,109.20057678222656
2022-02-22,SAP,27.11798605261051,0.9620465622082601,107.17152404785156
2022-02-23,SAP,24.649899654706896,1.0199133948123427,104.73667907714844
2022-02-24,SAP,27.327864466301534,0.9737382900328364,105.652099609375
2022-03-01,SAP,28.638755551693563,0.972173842521045,103.10399627685547
2022-03-07,SAP,29.007257858996077,1.0483947236645699,99.06477355957031
2022-04-26,SAP,29.997222664208394,1.002104447069231,94.17617797851562
2022-04-27,SAP,29.61859011589491,1.0304431606428293,93.93080139160156
2022-09-23,SAP,29.849963612053532,1.0223983838701673,77.2017593383789
2022-09-27,SAP,29.53182931127379,1.1127401539522412,76.86174774169922
2023-09-26,SAP,29.35793273720437,1.0059757733958543,125.60379791259766
2024-04-19,SAP,29.682933230998593,1.0592250744275546,173.5915985107422
2025-04-07,SAP,28.20247330519105,1.0744804421347018,241.5399932861328
2025-04-08,SAP,26.444147362234528,1.1028501359884255,237.52999877929688
2001-09-21,ACN,29.10522136286459,1.0,8.956428527832031
2001-09-26,ACN,28.958542170511137,1.0614751503358584,8.57007884979248
2001-09-27,ACN,27.007502302379134,1.138395754542808,8.324219703674316
2002-04-11,ACN,28.364023835816248,1.024390270333664,15.840593338012695
2002-04-12,ACN,28.258075773528844,1.0870341788740103,15.819517135620117
2002-04-15,ACN,27.95821024488446,1.0877895456850764,15.763321876525879
2002-04-29,ACN,28.064549753813537,0.9970387877195898,14.231948852539062
2002-07-01,ACN,26.50260033949644,0.9910446338560984,11.766294479370117
2002-07-02,ACN,28.151477799141023,0.902366684465555,11.871665000915527
2002-07-10,ACN,26.091380057083825,0.9803279987394251,10.712594985961914
2002-07-11,ACN,28.98902812989804,0.893890638746626,10.923335075378418
2002-07-12,ACN,24.075853084756186,1.053191660420214,9.90476131439209
2002-07-15,ACN,27.279672504456197,1.0276819151235004,10.150623321533203
2002-07-18,ACN,27.613055793073617,1.060431743633099,9.764266967773438
2002-10-04,ACN,29.75796660398182,1.17458989877903,8.57007884979248
2004-10-13,ACN,25.161489748807604,1.011282859502932,16.80999755859375
2004-10-14,ACN,23.291631411854897,1.0327379127968719,16.521989822387695
2004-10-15,ACN,23.2916314118549,1.0140303691371821,16.521989822387695
2004-10-18,ACN,25.178907136894978,1.0029612450414767,16.606279373168945
2005-04-15,ACN,29.59933813383615,0.9666670347300372,15.805466651916504
2005-04-19,ACN,29.78953715726606,0.960338049860243,15.763321876525879
2005-04-20,ACN,25.862542630852747,0.9803651079706431,15.383990287780762
2005-04-21,ACN,27.01368160833619,0.9845174852073878,15.426133155822754
2005-04-22,ACN,25.520021070591458,0.9977008011710777,15.278623580932617
2005-04-25,ACN,27.573748133128234,1.0054922642612005,15.348868370056152
2005-04-26,ACN,25.318089094350366,1.0255229056134996,15.138117790222168
2005-04-27,ACN,24.73705139661456,1.0293436795881665,15.081927299499512
2005-04-28,ACN,28.070702854970037,1.0092509680982824,15.187297821044922
2005-04-29,ACN,29.85519422281402,1.0138250445149304,15.243494987487793
2006-03-29,ACN,25.61793957507682,1.0202677396404334,20.696334838867188
2006-05-18,ACN,26.838447438304737,1.0100934530270689,19.722305297851562
2006-05-19,ACN,26.40178183852534,1.009754502874111,19.67963981628418
2006-05-22,ACN,23.517795156479636,1.0165077228733017,19.38103485107422
2006-05-23,ACN,25.60144599658417,1.028874887287523,19.452125549316406
2006-06-12,ACN,26.966623282094137,0.976324428432906,18.91891098022461
2006-06-13,ACN,22.55440916862261,1.011153600460771,18.485219955444336
2006-06-14,ACN,22.424806060364308,1.0504235748396782,18.47099494934082
2006-06-15,ACN,27.992491862497477,1.0236372858088634,18.648733139038086
2006-06-16,ACN,24.5736127586913,1.0512026032382302,18.328800201416016
2006-06-19,ACN,28.73943496000479,1.049268591336271,18.47099494934082
2007-03-01,ACN,27.1922851675936,1.0150523099590198,25.31113052368164
2007-03-05,ACN,29.363108233843743,1.0418341730223353,25.088274002075195
2007-11-08,ACN,29.105155164815148,1.0423660896291136,25.548765182495117
2007-11-09,ACN,28.04290532655657,1.0553644291724105,25.32357406616211
2008-09-17,ACN,29.11997303653416,1.0371424132466622,25.62141227722168
2008-10-07,ACN,29.852611128031114,1.05028627682524,23.187854766845703
2008-10-09,ACN,28.460650293040597,1.0266133317284132,22.184181213378906
2008-10-10,ACN,26.19810423700571,1.086504839713012,21.328102111816406
2010-05-20,ACN,29.456575588999595,1.0076397021927042,28.80832862854004
2010-05-26,ACN,28.903284699268916,1.0117616874517636,28.39093017578125
2010-06-01,ACN,29.927480657713573,0.9926451252568804,27.85969352722168
2010-08-31,ACN,29.97236300493469,1.0418030478051454,27.776226043701172
2011-08-08,ACN,27.742989927969084,1.0425131745037597,41.075775146484375
2011-08-10,ACN,29.540574538329896,1.0527125662840486,40.0172004699707
2011-08-18,ACN,29.259801566888765,1.0386816370440959,37.75325393676758
2011-08-19,ACN,27.16276586320528,1.0876892465106212,36.656036376953125
2012-05-11,ACN,29.891808057560738,0.9836207345911755,46.32456588745117
2012-05-18,ACN,28.25301614990476,0.9963572439292003,45.56580352783203
2012-06-01,ACN,27.78527990209771,1.0587916672523556,43.69258499145508
2013-06-28,ACN,25.83814203003095,1.0348808904806905,58.15635299682617
2013-07-01,ACN,26.463900897408266,1.0277392398718848,58.26951599121094
2013-07-02,ACN,26.559238640013294,1.0309205783899489,58.285682678222656
2013-07-03,ACN,29.321755269497835,1.034672236090652,58.738258361816406
2015-08-24,ACN,23.666483137575643,1.0172655662693786,78.67364501953125
2015-08-25,ACN,22.910920176471752,1.0016278262511513,78.22370147705078
2016-06-24,ACN,29.690240156105464,1.0185735182736753,96.56236267089844
2016-06-27,ACN,25.916156894274128,1.0348613004878529,94.69091033935547
2018-10-10,ACN,28.835261260561378,0.9914204242384769,145.72152709960938
2018-10-11,ACN,22.260734776824105,1.0104337339665994,140.54998779296875
2018-12-20,ACN,27.564284242382946,0.9743556427035839,130.46963500976562
2018-12-21,ACN,22.89018463477359,1.027769779209338,124.74172973632812
2018-12-24,ACN,20.765389964843784,1.0517695092612291,121.53223419189453
2020-02-25,ACN,29.616357104811176,0.9245052937395771,182.1647186279297
2020-02-26,ACN,28.270203097790525,0.9651963978601273,180.8430938720703
2020-02-27,ACN,21.48273632914752,0.9791889838659102,172.31251525878906
2020-02-28,ACN,18.457880916911243,0.9898113378315804,166.90574645996094
2020-03-03,ACN,29.009491644588575,0.9579630091876781,168.41224670410156
2020-03-09,ACN,24.43326423931549,0.9294984056568999,151.674560546875
2020-03-12,ACN,26.32379147989005,1.03913952363433,140.97203063964844
2022-01-19,ACN,29.411015314331863,0.9597081211747639,326.36834716796875
2022-01-20,ACN,29.03032637914407,0.9727739466972332,325.3714904785156
2022-01-21,ACN,26.54240991286504,1.0215116237868127,318.66827392578125
2022-01-24,ACN,29.642004138460326,1.043008944086211,321.8679504394531
2022-01-25,ACN,28.107046528605633,1.0551424940012752,318.0226135253906
2022-01-26,ACN,26.2762935879029,1.0896660498878603,313.2183532714844
2022-01-27,ACN,29.659845566795866,1.036567245127149,316.5129089355469
2022-09-21,ACN,27.789739299805248,0.9868507993096078,253.65594482421875
2022-09-22,ACN,26.15033986821257,0.9845607622123167,250.69332885742188
2022-09-23,ACN,24.953656250497403,0.9896914415252636,248.45700073242188
2022-09-26,ACN,23.734055453732196,1.0285391374861594,246.12518310546875
2022-09-27,ACN,23.135149617552216,1.0701022784385004,244.9783172607422
2022-09-29,ACN,29.43945550742224,1.0433654513105395,246.82281494140625
2022-09-30,ACN,28.83526008611934,1.009366476316357,245.89576721191406
2023-03-10,ACN,29.909618461585307,0.9883376156471956,243.80679321289062
2023-03-13,ACN,28.825156020604897,1.0049341309549487,242.22607421875
2023-03-15,ACN,26.57154494868194,1.0288418877893928,237.27186584472656
2024-03-22,ACN,29.812415532906527,1.0049482292896372,330.32452392578125
2024-03-25,ACN,28.512991995908276,1.0079084241324439,326.7227783203125
2024-04-12,ACN,28.00232499331387,1.004692517959837,309.8896179199219
2024-04-15,ACN,27.108794444585797,1.013247421867804,307.7968444824219
2024-04-16,ACN,27.8883084848262,1.0092055777817155,308.4551696777344
2024-04-17,ACN,28.624401209026967,0.9968207058198977,309.044677734375
2024-04-24,ACN,29.720171459023266,0.9525419581597253,308.0621337890625
2024-04-25,ACN,26.901994786871263,0.9719740223892996,303.6014709472656
2024-04-26,ACN,26.31599825370261,0.9860392838631216,302.6287841796875
2024-04-29,ACN,23.60338106367635,1.0095660111942248,297.86346435546875
2024-04-30,ACN,22.447402208700332,1.0324017947654773,295.6528015136719
2024-05-01,ACN,21.32277133819693,1.044632677348089,293.4421081542969
2024-05-02,ACN,24.36959623580445,1.020876356920282,295.0927429199219
2024-05-29,ACN,29.732439202043796,0.9906387927776001,288.6375427246094
2024-05-30,ACN,23.85609388601044,1.0243681074195574,279.82421875
2024-05-31,ACN,22.515146708299866,1.021644457207869,277.35809326171875
2024-06-03,ACN,22.231014070602804,1.0307708571811565,276.83740234375
2025-02-28,ACN,29.258814461200416,0.9818651272077653,346.7803955078125
2025-03-03,ACN,27.508307668898013,0.9719122424148031,343.2876892089844
2025-03-04,ACN,28.544549162906502,0.9479726617619002,344.0738220214844
2025-03-06,ACN,28.21278330442431,0.9275392328574318,340.15325927734375
2025-03-07,ACN,28.67600638258488,0.9317318782048731,340.4915771484375
2025-03-10,ACN,25.140739833219577,0.9713987949761893,333.6455078125
2025-03-11,ACN,21.958451265577313,0.9886513155894219,326.1725769042969
2025-03-12,ACN,20.660876406258026,1.0004316701189244,322.7296447753906
2025-03-13,ACN,18.227047150506703,0.9490333398978033,315.5054931640625
2025-03-14,ACN,20.653416299130253,0.9576563806899975,317.2468566894531
2025-03-17,ACN,29.52039955115946,0.9431088975520427,324.10284423828125
2025-03-18,ACN,28.69832426235498,0.9531891045175006,322.470947265625
2025-03-19,ACN,29.21606255492149,0.9589792594735046,322.86895751953125
2025-03-20,ACN,20.002728147503444,1.0253231747103368,299.42523193359375
2025-03-21,ACN,24.78411209935482,0.9967574251458511,303.8134765625
2025-03-24,ACN,26.772075610209267,1.015821374725477,305.6642761230469
2025-03-25,ACN,28.65008972069298,1.0151504801883224,307.37579345703125
2025-03-27,ACN,29.839144404196094,0.9770848504765296,307.00762939453125
2025-03-28,ACN,27.827129134260048,0.9366805403846931,302.8283386230469
2025-04-04,ACN,25.806778769015587,1.0024205048976547,283.6534118652344
2025-04-07,ACN,25.692812594300435,1.022854110804683,283.3150939941406
2025-04-08,ACN,24.549320175919636,1.030922854062156,280.0015563964844
2001-09-19,TTE,27.73671731072323,0.9643950733984774,9.636857986450195
2001-09-20,TTE,21.903174391804505,1.069377830936636,9.155023574829102
2001-09-21,TTE,20.56237664080242,1.0939275782280287,9.016307830810547
2001-09-24,TTE,19.203201707206798,1.0950109473766627,8.867376327514648
2001-09-25,TTE,25.060808172746235,1.0970093025078047,9.030911445617676
2001-11-15,TTE,27.96135984542274,1.0528021613165344,9.014851570129395
2002-07-19,TTE,28.914373039162,0.9895913659702072,10.033493995666504
2002-07-22,TTE,24.478149748172427,1.0996070573811914,9.496391296386719
2002-07-23,TTE,22.842580895061694,1.145595651799719,9.26363754272461
2006-06-13,TTE,27.53253181925644,1.0307452121317606,20.339038848876953
2006-09-11,TTE,28.599281096423713,1.0140715395912678,22.096256256103516
2007-01-10,TTE,29.92398483073744,1.0058941338317482,23.48244285583496
2007-03-05,TTE,29.932378644582315,1.0331669486830992,22.68395233154297
2007-08-16,TTE,29.165557571155905,1.0352808771976536,25.287527084350586
2008-01-23,TTE,26.67549554021037,1.0233545416718581,25.96331787109375
2008-08-15,TTE,29.181010787041867,1.0278172334447049,26.215898513793945
2008-09-03,TTE,29.636202656582576,0.9337483353819873,25.232336044311523
2008-09-04,TTE,25.072401003506144,0.9726870474658085,24.372177124023438
2008-09-05,TTE,23.449261042779813,1.009188700291053,24.013158798217773
2008-09-08,TTE,23.296994542492687,0.9504056779401161,23.979501724243164
2008-09-09,TTE,19.073279532007557,1.007507388020976,22.913677215576172
2008-09-10,TTE,27.648202394938604,0.9642853991401139,23.560651779174805
2008-09-11,TTE,29.46270946996873,0.93816051995674,23.706501007080078
2008-09-15,TTE,28.312260464123877,1.0759759862551916,22.790254592895508
2008-09-17,TTE,29.71320447735195,1.0454321910102926,22.719192504882812
2008-09-18,TTE,27.569983979623558,1.098537026382134,22.240503311157227
2008-10-06,TTE,29.447289959162713,0.9721648690462728,19.884435653686523
2008-10-07,TTE,27.6658744485346,1.0406662319748918,19.312252044677734
2008-10-08,TTE,28.18571655561436,0.9067750460352764,19.37582778930664
2008-10-09,TTE,23.908085252429494,0.9979110462099672,17.906099319458008
2008-10-10,TTE,22.346740064727392,1.0562770228246343,17.27780532836914
2010-01-28,TTE,28.88953593518679,0.9806965593589929,23.608964920043945
2010-01-29,TTE,27.829657909031514,0.96075732337959,23.43400001525879
2010-02-05,TTE,27.375420455870152,1.0290976220564803,22.514387130737305
2010-02-08,TTE,27.02867357777366,1.060540193984936,22.449270248413086
2010-05-04,TTE,28.21375813635344,0.9743538710612762,21.102401733398438
2010-05-05,TTE,25.862867925411315,1.0027536081292752,20.68735694885254
2010-05-06,TTE,21.797464760525205,1.0291461665711295,19.824703216552734
2010-05-07,TTE,20.170705883701824,1.0083842427168412,19.41371726989746
2010-05-20,TTE,29.271831173022356,1.0644744098510783,18.90101432800293
2010-11-30,TTE,29.414612400499095,1.0604874793769572,21.100746154785156
2011-08-04,TTE,27.422073383951588,0.9473468346386948,21.79205894470215
2011-08-05,TTE,29.52954972399614,0.9562397544446606,21.95216941833496
2011-08-08,TTE,22.720762853667726,1.0592464944993465,20.417821884155273
2011-08-10,TTE,27.22719996260122,1.0890624693363635,19.92417335510254
2012-04-10,TTE,29.899260851571402,1.0171523485390868,22.586254119873047
2012-05-09,TTE,28.908636955932877,0.992385009107238,20.840595245361328
2012-05-15,TTE,28.501812942176752,1.0174195376881334,20.364498138427734
2012-06-01,TTE,29.182941504774206,1.0327246813606095,19.68303871154785
2014-10-09,TTE,29.72192237000446,0.945689998048013,31.190048217773438
2014-10-10,TTE,26.27072283642398,0.9906112000213125,30.35651969909668
2014-10-13,TTE,28.631444064990657,0.9744985967014109,30.57700538635254
2014-10-14,TTE,26.805457551527123,1.0167704574173584,30.141427993774414
2014-10-15,TTE,25.162517695391607,1.0115775454748963,29.727338790893555
2014-10-16,TTE,24.268072091579295,1.0519596545886503,29.496116638183594
2014-10-20,TTE,29.536273232769606,1.0216569988874906,29.79724884033203
2014-12-10,TTE,28.89038060215633,1.0019321334412596,28.22917938232422
2014-12-11,TTE,27.475543563732312,1.0351427941823388,27.94005584716797
2014-12-12,TTE,24.764967317866567,1.064046169784534,27.340030670166016
2014-12-15,TTE,21.85226143869599,1.0771443482939516,26.587247848510742
2014-12-16,TTE,26.443091206039142,1.0793201427777994,26.958179473876953
2015-01-05,TTE,29.05135209036257,1.0081148667840047,26.21630859375
2015-01-06,TTE,28.08037651014127,1.0180443097400227,25.998119354248047
2015-03-13,TTE,29.459610626423004,1.0896343889328062,25.72536849975586
2015-08-24,TTE,23.88339377300285,1.0600866563557254,24.544775009155273
2015-08-25,TTE,21.41015664869164,1.0617689031131394,23.967185974121094
2015-08-26,TTE,21.226277665662895,1.0679797818322725,23.922319412231445
2016-01-07,TTE,27.438530823838903,1.0290658982843799,24.05770492553711
2016-01-08,TTE,24.354807442462292,1.0137895206859877,23.468257904052734
2016-01-11,TTE,26.108408082218702,1.0222985181309763,23.583837509155273
2016-01-12,TTE,26.748406989004366,0.983610677599502,23.624286651611328
2016-01-13,TTE,25.20345187604316,1.01459658756446,23.358461380004883
2018-10-24,TTE,25.307696706749024,1.028792057330373,38.12569808959961
2019-07-31,TTE,28.007851406451806,0.9424043577966831,36.012142181396484
2019-08-01,TTE,24.577433631970965,0.9683877821633566,35.44837188720703
2019-08-02,TTE,19.649671195763162,0.9878517580467469,34.376495361328125
2019-08-05,TTE,18.984237855065395,0.9896216564439484,34.202491760253906
2019-08-06,TTE,18.524781067068453,1.0093938896404313,34.08415603637695
2019-08-07,TTE,17.947043245596085,0.9909760344435536,33.9379997253418
2019-08-08,TTE,24.69222443776651,0.9742500654808147,34.3277702331543
2019-08-09,TTE,22.783306006957357,0.984013016229735,33.95888137817383
2019-08-12,TTE,22.224755629341157,1.0057575144884563,33.84752655029297
2019-08-14,TTE,26.65075537859976,1.0165564927022037,33.631744384765625
2019-08-15,TTE,25.65357276549363,1.0191462399196998,33.44383239746094
2019-08-16,TTE,25.50127285192762,1.0022913767770243,33.41598129272461
2020-01-27,TTE,24.9802962424813,0.9545365730395678,36.35218048095703
2020-01-28,TTE,28.212810734573463,0.9577049882395243,36.5381965637207
2020-01-29,TTE,25.199429503127334,0.9928574201804856,36.058834075927734
2020-01-30,TTE,23.17074972558089,1.005612080936142,35.6939582824707
2020-01-31,TTE,18.976880620634113,1.016876184690718,34.76386260986328
2020-02-03,TTE,18.724261546842826,1.0076285181759277,34.699485778808594
2020-02-04,TTE,23.707705836252167,1.008178428449271,34.99281311035156
2020-02-24,TTE,21.61500572602563,0.9754065808339107,32.58173370361328
2020-02-25,TTE,18.368584305522333,0.9850544867750868,31.594409942626953
2020-02-26,TTE,17.845687707652267,1.0209519308628476,31.415552139282227
2020-02-27,TTE,15.623241815328019,1.0184796110521834,30.58561897277832
2020-02-28,TTE,19.26379490125883,0.980759942177614,30.864654541015625
2020-03-02,TTE,29.946730348728863,0.7827553810437603,31.780437469482422
2020-03-03,TTE,27.164525750094775,0.8510344178379805,31.122215270996094
2020-03-06,TTE,28.692332864155063,0.7378872137746804,30.270816802978516
2020-03-09,TTE,16.819620336460826,0.7563991151901306,24.87630844116211
2020-03-10,TTE,26.58253625039374,0.7463531766344057,26.48607635498047
2020-03-11,TTE,23.29747494461179,0.7186322284978327,24.690290451049805
2020-03-12,TTE,18.111721163579052,0.8505667598109177,20.82684326171875
2020-03-13,TTE,25.124880617893037,0.8142215192013617,22.336448669433594
2020-03-16,TTE,20.67789249909037,1.0950568573114725,18.816417694091797
2020-03-17,TTE,24.564811916722064,1.1932684414326828,19.767967224121094
2020-03-18,TTE,22.084948187213,1.4564514289442902,17.74323844909668
2020-03-19,TTE,22.05106385847114,1.4592170195776868,17.71462059020996
2020-03-20,TTE,24.119782605706316,1.414498910869595,18.186817169189453
2020-09-21,TTE,27.023434775434012,0.9816867117594664,26.249195098876953
2020-09-22,TTE,25.380538427613814,0.980294200360466,25.92862892150879
2020-09-23,TTE,22.444124406721826,1.0343787554540704,25.288042068481445
2020-09-24,TTE,24.78692065471636,1.0062930495616158,25.44818878173828
2020-09-25,TTE,22.456162333653946,1.0192660454325002,24.93724250793457
2020-10-27,TTE,27.455076707091315,1.0543971695802876,23.412029266357422
2020-10-28,TTE,22.436083837695058,1.1090535533584003,22.237613677978516
2020-10-29,TTE,27.875963797779917,1.0904200999915006,22.687551498413086
2021-07-19,TTE,26.26182563084747,1.048184107345836,33.18741226196289
2021-07-20,TTE,26.127491869754056,1.0470189398668002,33.155269622802734
2022-03-01,TTE,28.761179075821875,1.0176505663987725,40.892242431640625
2024-11-01,TTE,29.838500038048622,0.9801504549952452,60.70504379272461
2024-11-12,TTE,27.245692653010746,1.0191371532778555,57.8869743347168
2024-11-13,TTE,29.49497941970232,1.0108569560421172,58.178497314453125
2024-11-25,TTE,27.76860934544871,0.9795743108440614,56.61398696899414
2024-11-26,TTE,25.589087809624495,0.9854014359507276,55.914329528808594
2024-11-27,TTE,24.496273906181422,1.0050735519087028,55.54506301879883
2024-12-02,TTE,26.626532480490784,1.0200071825823698,54.884273529052734
2024-12-04,TTE,29.820972326058847,0.9996472492433687,55.098060607910156
2024-12-16,TTE,25.933909776495607,1.001476486064603,52.649261474609375
2024-12-17,TTE,26.509606193852626,1.0012902764560763,52.717281341552734
2024-12-18,TTE,24.817937205049454,1.01304021063133,52.163387298583984
2024-12-19,TTE,24.758234495839755,1.016026805910855,52.143951416015625
2024-12-20,TTE,29.248695819395827,1.0060941514979833,52.6201057434082
2025-04-07,TTE,27.24967647484535,1.0227067630820086,55.4900016784668
2025-04-08,TTE,23.479485436107492,1.0618324771052043,53.369998931884766
2000-09-22,SIE.DE,27.78145551877805,0.9688122732447484,59.7814826965332
2000-09-29,SIE.DE,29.5254035431283,0.9828765199221767,57.91703414916992
2000-10-04,SIE.DE,25.925488910474044,1.008610893598088,55.28300476074219
2000-11-13,SIE.DE,29.247918176306715,0.9722541343820887,51.61360168457031
2000-11-14,SIE.DE,29.247918176306715,0.9953115978512063,51.61360168457031
2001-02-22,SIE.DE,28.65260829866853,0.9376715930007181,52.68070602416992
2001-02-23,SIE.DE,20.172585462396174,1.0489103120104488,48.27288818359375
2001-03-01,SIE.DE,29.839963065431284,1.0778735024148247,49.39720153808594
2001-03-14,SIE.DE,15.839599325762418,1.4507794094776503,30.918420791625977
2001-04-30,SIE.DE,27.01843288462494,1.0129776935546473,33.415985107421875
2001-05-01,SIE.DE,27.018432884624932,1.0108146304710153,33.415985107421875
2001-05-02,SIE.DE,29.02812224965795,0.9683469055746444,34.25118637084961
2001-05-03,SIE.DE,28.254679424515533,0.9906451693027926,33.48023223876953
2001-05-04,SIE.DE,29.227747648698145,1.0026096858031606,33.849647521972656
2001-05-07,SIE.DE,29.227747648698145,0.985409335365756,33.849647521972656
2001-05-08,SIE.DE,29.138069126775314,0.9873988851361348,33.777366638183594
2001-05-09,SIE.DE,28.347148496348108,1.0326877632831095,33.167030334472656
2001-05-10,SIE.DE,28.347148496348108,1.0605329460863822,33.167030334472656
2001-06-14,SIE.DE,29.184841551419687,0.9156702334972409,31.568912506103516
2001-06-15,SIE.DE,29.184841551419684,0.909946480020001,31.568912506103516
2001-06-18,SIE.DE,23.052356176559123,0.989910195474054,29.44878578186035
2001-06-19,SIE.DE,26.994690289596985,0.9620643287045025,29.954723358154297
2001-06-20,SIE.DE,23.72248840829463,0.9718683260819675,28.68988800048828
2001-06-21,SIE.DE,25.392070363214046,0.9952773402928572,28.906713485717773
2001-06-22,SIE.DE,24.90288242305074,1.01341922305379,28.72602081298828
2001-06-25,SIE.DE,28.401991427740835,1.0071625875711256,29.151653289794922
2001-06-26,SIE.DE,27.328229271219502,1.021039734528655,28.818370819091797
2001-06-27,SIE.DE,24.525222262177852,1.0275058223713958,27.882793426513672
2001-07-05,SIE.DE,28.211206400684603,0.9375918742811302,27.280488967895508
2001-07-06,SIE.DE,23.78285176109983,0.9946909150679925,25.71448516845703
2001-07-09,SIE.DE,21.850734534648613,0.9838711605142805,24.89535140991211
2001-07-10,SIE.DE,21.231565923886084,1.0057074878950503,24.622310638427734
2001-07-11,SIE.DE,20.477987146828116,0.9933882430051331,24.293048858642578
2001-07-16,SIE.DE,27.32887387049135,0.9983605121238703,24.493818283081055
2001-07-17,SIE.DE,29.453570790004623,0.9169773904226503,24.762842178344727
2001-07-18,SIE.DE,27.4297329890898,0.9552412545249525,24.132429122924805
2001-07-24,SIE.DE,26.64458341895583,1.1379311532391039,22.706966400146484
2001-07-25,SIE.DE,29.327904864030245,1.1234977709820586,23.052291870117188
2001-08-17,SIE.DE,29.778759656462906,1.082879028332643,22.09261703491211
2001-08-20,SIE.DE,28.61472388766597,1.1051567282092931,21.803508758544922
2001-08-21,SIE.DE,29.439805838013513,1.088073549460658,21.88381576538086
2001-09-07,SIE.DE,29.897587015221628,0.8814892762505605,19.41436004638672
2001-09-10,SIE.DE,29.06170145958572,0.908614703395935,19.15736961364746
2001-09-11,SIE.DE,25.82947344599078,0.9602665206803211,18.089279174804688
2001-09-12,SIE.DE,28.87214602770993,0.8915213779112352,18.470746994018555
2001-09-13,SIE.DE,28.711909290251867,0.8173496173304844,18.422557830810547
2001-09-14,SIE.DE,24.70153862254076,0.8833879878012966,17.113550186157227
2001-09-17,SIE.DE,27.15514891348073,0.8685122802088557,17.406667709350586
2001-09-18,SIE.DE,27.038169294088625,0.9290338590735202,17.370529174804688
2001-09-19,SIE.DE,24.22818676262969,1.0241408886446204,16.467065811157227
2001-09-20,SIE.DE,20.62683274631272,1.1333335275600047,15.057670593261719
2001-09-21,SIE.DE,21.16615915478124,1.1126162861702096,15.117904663085938
2001-09-24,SIE.DE,21.16615915478124,1.0996013694440772,15.117904663085938
2002-06-12,SIE.DE,29.953451875211822,0.9694381393132749,25.171974182128906
2002-06-14,SIE.DE,28.55764490171497,1.0067352823082698,24.56397819519043
2002-06-26,SIE.DE,29.07796395600436,1.015200847599636,22.855789184570312
2002-08-05,SIE.DE,28.429570196811323,1.120048199046161,17.226627349853516
2002-09-19,SIE.DE,28.889287128985664,1.02564108627912,15.32404899597168
2002-09-20,SIE.DE,29.600530969169824,0.9761073404917844,15.406771659851074
2002-09-23,SIE.DE,28.174230725189588,0.9363812466681208,15.01798152923584
2002-09-30,SIE.DE,27.83680714025335,0.9447056927059008,14.062556266784668
2002-10-04,SIE.DE,28.228467364468052,1.1470047381602193,13.533143043518066
2002-10-07,SIE.DE,27.238764490696614,1.1481942107812693,13.284976959228516
2002-10-08,SIE.DE,27.11930748463604,1.2792513642135404,13.256025314331055
2002-10-09,SIE.DE,28.89443870826318,1.217766838954088,13.40906047821045
2004-03-15,SIE.DE,28.968506834057848,0.9821520651382958,25.90735626220703
2004-03-23,SIE.DE,29.67862478693507,1.0581780756664887,25.282024383544922
2004-03-24,SIE.DE,29.370870323120457,1.0483421123405534,25.233585357666016
2004-05-17,SIE.DE,28.34009093690808,1.054413042174299,24.198698043823242
2005-04-20,SIE.DE,28.618643792708504,0.9851546936639085,26.098209381103516
2005-04-21,SIE.DE,28.533166518777797,0.9808323503253887,26.089200973510742
2005-04-27,SIE.DE,28.44392495407276,1.0033291913485685,25.710773468017578
2005-04-28,SIE.DE,27.333604384159326,1.0147886770161914,25.58913230895996
2005-04-29,SIE.DE,26.628758066609752,1.0150098845544744,25.512540817260742
2005-05-02,SIE.DE,28.837359339332753,1.00123204307464,25.5981388092041
2005-05-10,SIE.DE,29.791470276160197,1.0095962694458327,25.35036849975586
2005-05-11,SIE.DE,29.419386256671494,1.0338077366905427,25.318828582763672
2006-05-15,SIE.DE,29.999510587021145,0.9579878550975731,32.18128967285156
2006-05-17,SIE.DE,24.25061519225876,0.988104149380997,30.925859451293945
2006-05-18,SIE.DE,27.41722963236482,1.0029498990650139,31.178781509399414
2006-05-22,SIE.DE,28.120897372162094,1.017303140720679,30.82928466796875
2006-06-06,SIE.DE,29.603146878921816,0.9620494206750496,29.445093154907227
2006-06-08,SIE.DE,28.320253331261764,0.9797253806419924,28.805879592895508
2006-06-13,SIE.DE,28.81750815426949,1.1090905308090129,28.327634811401367
2006-06-14,SIE.DE,28.33146415411986,1.1161810005124226,28.221851348876953
2006-06-15,SIE.DE,28.331464154119868,1.1077077106302637,28.221851348876953
2006-06-16,SIE.DE,28.331464154119868,1.1064042159506875,28.221851348876953
2007-08-02,SIE.DE,29.64102526857427,1.0193483619481594,42.93110275268555
2007-08-03,SIE.DE,29.01816938672181,1.012972739080181,42.68706512451172
2007-08-16,SIE.DE,26.9461314823706,1.0569651570847705,40.69724655151367
2008-01-21,SIE.DE,22.759109864244373,1.0107940900640309,39.500553131103516
2008-01-22,SIE.DE,26.88299213815664,1.0287701158430504,40.21857452392578
2008-01-23,SIE.DE,23.79763642217358,1.0735382234095152,38.59950637817383
2008-01-24,SIE.DE,29.011226245740907,1.045006636886975,39.561561584472656
2008-03-17,SIE.DE,22.784699383339525,1.0281539054624516,31.862869262695312
2008-03-20,SIE.DE,28.688492719787206,1.024473896314355,32.145904541015625
2008-03-25,SIE.DE,29.635155762443073,1.064047397210177,32.35697555541992
2008-09-17,SIE.DE,29.841260877410203,1.0317704277721724,31.40713119506836
2008-09-18,SIE.DE,28.901910431121408,1.0469302554928954,31.17687225341797
2008-10-02,SIE.DE,29.74757784650214,0.8329221792157703,29.171649932861328
2008-10-06,SIE.DE,23.34477545445733,0.9402957629570386,26.595561981201172
2008-10-07,SIE.DE,22.407674808996433,0.9875319467029341,26.163822174072266
2008-10-08,SIE.DE,17.75196786465,0.943358003364677,23.544553756713867
2008-10-09,SIE.DE,22.723911238935457,0.8525171520527514,24.297714233398438
2008-10-10,SIE.DE,19.59563683831611,0.9658122642500864,22.450796127319336
2008-10-15,SIE.DE,29.291461098315512,1.0125271674001333,22.2109432220459
2008-10-16,SIE.DE,26.80069803244179,1.0078741527792818,20.714218139648438
2008-10-27,SIE.DE,26.833351043360004,1.3249999751501291,17.269845962524414
2008-10-28,SIE.DE,26.484309754117803,1.4183559077272698,17.039579391479492
2011-03-16,SIE.DE,28.44001053129834,1.0598173648016673,46.437599182128906
2011-08-01,SIE.DE,27.595815760397237,0.8429251328091819,46.21194839477539
2011-08-02,SIE.DE,24.149807622487206,0.8829685929761751,45.174983978271484
2011-08-03,SIE.DE,20.17207719060712,0.8678153511997851,43.65446853637695
2011-08-04,SIE.DE,16.793281031373013,0.9261917238919761,41.929779052734375
2011-08-05,SIE.DE,15.134825540791486,0.9738467586371508,40.8820686340332
2011-08-08,SIE.DE,12.65665872056046,1.0270346205903607,38.95321273803711
2011-08-09,SIE.DE,19.533787023143205,1.0055225381067179,39.888092041015625
2011-08-10,SIE.DE,16.529274432642634,1.053042130010589,37.88401794433594
2011-08-11,SIE.DE,22.612165709704644,0.9655504527047456,38.83501434326172
2011-08-12,SIE.DE,28.39080063858556,0.9211875778801835,39.812870025634766
2011-08-15,SIE.DE,29.51203624240652,0.9214341842805627,40.00629806518555
2011-08-17,SIE.DE,29.542953475249373,0.9555555151817781,39.89346694946289
2011-08-18,SIE.DE,23.913141138366118,1.0101737018901067,37.49716567993164
2011-08-19,SIE.DE,22.340358616161602,1.0203633951286244,36.67512130737305
2011-08-22,SIE.DE,23.578608147118015,1.0256523052459787,36.8631706237793
2011-08-23,SIE.DE,25.834540536784207,1.0161780837315235,37.1962890625
2011-08-26,SIE.DE,29.781854719788303,1.0018665761462353,37.42195129394531
2011-09-05,SIE.DE,27.250769363091067,0.9771072110471466,35.439369201660156
2011-09-06,SIE.DE,26.87504292846573,0.9867579075728166,35.29967498779297
2011-09-12,SIE.DE,29.73356784381973,1.0645461286368474,34.6280632019043
2012-05-08,SIE.DE,27.15361045704195,1.0012035567546778,37.37181091308594
2013-04-19,SIE.DE,28.299024538908675,1.0365115467064674,44.640724182128906
2013-04-22,SIE.DE,29.587303780740577,1.0408643687564314,44.763851165771484
2013-06-24,SIE.DE,27.456353421394436,1.0477632445981138,44.55864334106445
2014-07-10,SIE.DE,29.80595404450826,1.002698341445938,58.007728576660156
2014-07-11,SIE.DE,29.402430165332337,0.9997837111582386,57.920074462890625
2014-10-06,SIE.DE,29.876871758035804,0.9394107768784568,56.31727600097656
2014-10-07,SIE.DE,25.48210779042497,0.9630514673030852,55.07134246826172
2014-10-08,SIE.DE,23.075787717182532,0.950259597747598,54.25116729736328
2014-10-09,SIE.DE,25.16709890442444,0.947247411226703,54.47655487060547
2014-10-10,SIE.DE,19.702794268218206,1.0071772329561943,52.34156036376953
2014-10-13,SIE.DE,24.370175935251826,0.9831952326176929,52.90505599975586
2014-10-14,SIE.DE,25.458921117898065,1.0084995479461218,53.036537170410156
2014-10-15,SIE.DE,21.66787501580403,1.0387417587788397,51.55269241333008
2014-10-16,SIE.DE,22.089574036423713,1.0512009810045686,51.60277557373047
2014-10-20,SIE.DE,28.764913226619658,1.0298505054605995,52.01599884033203
2015-07-07,SIE.DE,28.393596167824015,1.078433744855246,56.59572219848633
2015-08-24,SIE.DE,25.145480098068095,1.0519682366115162,54.65243911743164
2015-09-18,SIE.DE,27.751495100252733,0.9837678015022876,52.852134704589844
2015-09-22,SIE.DE,28.687272363360716,0.9852830510772406,52.11122131347656
2015-09-23,SIE.DE,29.356335313054238,0.9951450366062164,52.208709716796875
2015-09-24,SIE.DE,26.27658794909829,1.005598761081986,51.07783508300781
2015-09-28,SIE.DE,29.823495439169662,1.0361231872616203,51.09733200073242
2016-01-18,SIE.DE,29.6681486625601,1.02557493648863,52.85863494873047
2016-01-20,SIE.DE,29.844680205653866,1.151071672730146,52.189212799072266
2017-08-04,SIE.DE,28.7489359714232,0.9789331942808257,78.29155731201172
2017-08-07,SIE.DE,28.200621540360988,0.9905617734677111,78.08099365234375
2017-08-09,SIE.DE,28.598626705284207,1.017202264542614,77.51952362060547
2017-08-10,SIE.DE,25.397995373882637,1.0262428566795576,76.22109985351562
2017-08-11,SIE.DE,28.204375455999674,1.0192307175436286,76.64220428466797
2018-02-09,SIE.DE,26.091599715329423,1.0388712041664854,77.72359466552734
2018-03-02,SIE.DE,25.41540384759302,1.0264128212151304,74.78954315185547
2018-03-05,SIE.DE,29.849816371898818,1.0269229720270183,75.53031921386719
2018-03-06,SIE.DE,29.775027340519006,1.0109659349677211,75.50125885009766
2018-03-26,SIE.DE,29.621610684390664,1.007571177387417,72.90128326416016
2018-10-05,SIE.DE,25.589649986846442,0.9464895423474454,76.54708099365234
2018-10-08,SIE.DE,23.970289907957934,0.9591524458352829,76.09679412841797
2018-10-09,SIE.DE,23.30428780633364,0.9737850760783882,75.90796661376953
2018-10-10,SIE.DE,18.90868430445384,0.9976583263674829,74.44094848632812
2018-10-11,SIE.DE,15.742547397921353,1.0085572523719943,72.9884262084961
2018-10-12,SIE.DE,14.757935053623095,1.003408064552306,72.45101165771484
2018-10-15,SIE.DE,20.137159934693425,0.9974131206046282,72.9884262084961
2018-10-16,SIE.DE,28.53797171109127,0.9770091321891554,73.91804504394531
2018-10-18,SIE.DE,29.058857150052475,0.9990134324094968,73.61300659179688
2018-10-19,SIE.DE,26.070543757275523,0.9998001818303366,72.69792938232422
2018-10-22,SIE.DE,26.96928601009791,1.0133677552200584,72.79961395263672
2018-10-23,SIE.DE,25.09226178931042,1.0070394197575978,72.2186050415039
2018-10-24,SIE.DE,28.699489012904557,1.0174035749860253,72.61077880859375
2019-08-01,SIE.DE,26.903588844647263,0.952421101907047,72.03739166259766
2019-08-02,SIE.DE,22.07891716115486,0.9658165646193364,69.87626647949219
2019-08-05,SIE.DE,18.990458678257447,0.9874093723003948,68.05638122558594
2019-08-06,SIE.DE,18.860225779984347,0.9955377226087824,67.97296142578125
2019-08-07,SIE.DE,18.512251057388152,0.9640778951988302,67.7606430053711
2019-08-08,SIE.DE,24.511976051657015,0.9394340453700893,68.60993194580078
2019-08-09,SIE.DE,22.187251324105464,0.9644944426369206,67.48765563964844
2019-08-12,SIE.DE,21.620289691003055,0.9843151217294692,67.19950866699219
2019-08-13,SIE.DE,24.98831669472098,0.9773645834601711,67.66964721679688
2019-08-14,SIE.DE,20.3052390879066,1.0344747082620922,65.3265380859375
2019-08-15,SIE.DE,18.88659730957649,1.046235396708475,64.45450592041016
2019-08-16,SIE.DE,23.11219743720318,1.0273764722939909,65.09146881103516
2019-08-19,SIE.DE,29.64379100922338,1.0153616763988926,66.14549255371094
2019-08-20,SIE.DE,29.624311250305958,1.020407946678842,66.1379165649414
2020-02-24,SIE.DE,26.21055743801471,0.9082258898886024,79.53717803955078
2020-02-25,SIE.DE,23.677299203131636,0.9267579405734458,78.2444076538086
2020-02-26,SIE.DE,22.587785643105892,0.9336039532571422,77.64531707763672
2020-02-27,SIE.DE,20.2151977318659,0.9315408067680704,76.2264175415039
2020-02-28,SIE.DE,16.570478618053794,0.9351930650784955,73.46744537353516
2020-03-02,SIE.DE,15.250647589392383,0.8783282354684447,72.23772430419922
2020-03-03,SIE.DE,16.850845552125747,0.8694422413958179,72.51362609863281
2020-03-04,SIE.DE,16.82152415943649,0.8667898729935338,72.48997497558594
2020-03-05,SIE.DE,15.053935109814635,0.7725354654259305,71.00801849365234
2020-03-06,SIE.DE,12.803544479639656,0.7984166836470965,68.70624542236328
2020-03-09,SIE.DE,9.361128488048102,0.8189837251195331,63.44843292236328
2020-03-10,SIE.DE,9.158368580993294,0.8458365517577711,63.046409606933594
2020-03-11,SIE.DE,9.046652670696728,0.7637686918178702,62.83357620239258
2020-03-12,SIE.DE,6.061892600705117,0.8749820847751569,54.8562126159668
2020-03-13,SIE.DE,6.061892600705117,0.9626383505628945,54.8562126159668
2020-03-16,SIE.DE,5.323221275503343,1.0301881902972063,51.963233947753906
2020-03-17,SIE.DE,10.838724381846319,1.1198816796956537,53.32695770263672
2020-03-18,SIE.DE,8.70224343239128,1.2557490739146546,47.990318298339844
2020-03-19,SIE.DE,8.73086952977275,1.260141255579899,47.99820327758789
2020-03-20,SIE.DE,24.31566037665096,1.0889685571537528,52.80669403076172
2020-03-23,SIE.DE,26.358081904692277,1.1082314923414116,53.53190994262695
2022-03-04,SIE.DE,29.41934393787628,1.1241829793391067,104.50932312011719
2022-06-16,SIE.DE,26.247882278446443,0.9702834090069378,94.4294662475586
2022-06-17,SIE.DE,29.381233203950202,0.9903493429683563,95.64791107177734
2022-06-20,SIE.DE,29.29998732265125,1.005794804281667,95.57406616210938
2022-06-21,SIE.DE,28.870111074265175,1.009695570559982,95.204833984375
2022-06-22,SIE.DE,27.153991148079644,0.9986212574298294,93.7279281616211
2022-06-23,SIE.DE,24.884032093655716,0.9781381942510172,91.62334442138672
2022-06-30,SIE.DE,28.57461265501659,1.0063858726072346,89.62029266357422
2022-07-01,SIE.DE,27.47746201680597,1.0400000551019497,88.61415100097656
2022-07-05,SIE.DE,27.153823417245306,1.0326434950458505,86.52803039550781
2023-07-06,SIE.DE,27.85121514841847,1.0582195655900486,135.12149047851562
2023-07-07,SIE.DE,28.915697981792803,1.055952961562807,135.5015106201172
2023-08-11,SIE.DE,29.97162601844547,0.9780235377989703,130.56106567382812
2023-08-18,SIE.DE,28.592731018417457,1.0148809041909337,127.6917953491211
2023-10-26,SIE.DE,26.573917059875495,1.0531353390059315,115.15064239501953
2024-08-02,SIE.DE,29.853136031723388,0.9960709143357594,154.19235229492188
2024-08-05,SIE.DE,27.674064920062015,1.0132783629760773,151.59315490722656
2024-08-06,SIE.DE,26.772139311927518,1.032077998695168,150.47921752929688
2025-04-04,SIE.DE,25.24885895724912,0.9733864746721522,185.6199951171875
2025-04-07,SIE.DE,22.191618558911046,1.0515288251994312,176.60000610351562
2025-04-08,SIE.DE,28.535099368081546,1.0140089607181801,182.74000549316406
2025-04-09,SIE.DE,26.42651114379109,1.0506886178703534,177.16000366210938
2011-08-08,IDEXY,26.15806275764027,1.1055014739512197,5.5252180099487305
2013-04-18,IDEXY,28.114621532236377,1.0974294280723256,8.84634780883789
2014-01-31,IDEXY,28.167750383197305,1.02853293329144,11.145378112792969
2014-02-03,IDEXY,24.189599956858416,1.029512737128509,10.902191162109375
2014-02-04,IDEXY,25.753108763098894,1.039685597434465,10.935861587524414
2014-02-05,IDEXY,25.626653418258005,1.0359465437405175,10.928380966186523
2014-08-05,IDEXY,29.394798664682288,1.0212463914174774,10.685480117797852
2014-08-07,IDEXY,27.76427834665919,1.0372762968246017,10.5568265914917
2014-09-29,IDEXY,27.14268063305278,1.0163446374676381,10.186016082763672
2014-10-02,IDEXY,27.96977163260807,0.9872086903832861,10.057363510131836
2014-10-14,IDEXY,29.96692716496389,1.0378374512157562,9.800066947937012
2014-10-15,IDEXY,28.376627032428285,1.0303975299612715,9.709256172180176
2014-10-16,IDEXY,26.72217286747548,1.0535431767611296,9.610877990722656
2016-01-06,IDEXY,29.98425402515644,0.9925880541978234,12.594074249267578
2016-01-08,IDEXY,29.83373095333125,0.963285523463867,12.500727653503418
2016-01-11,IDEXY,29.61812000296519,0.9781930450472663,12.485169410705566
2016-01-15,IDEXY,27.600386667229582,1.0206719707135137,12.041769981384277
2016-01-20,IDEXY,29.966132114325983,1.0336786700803329,12.01065444946289
2016-11-10,IDEXY,26.648889520644985,1.0096852014896258,13.109721183776855
2016-11-11,IDEXY,27.386136578367925,1.0030229203554033,13.125592231750488
2016-11-14,IDEXY,27.38613657836792,1.0096734904525342,13.125592231750488
2017-02-27,IDEXY,27.701250656591032,1.0234029458022762,12.54628849029541
2017-09-05,IDEXY,26.652713813424857,1.0334051970152522,14.871036529541016
2017-09-06,IDEXY,29.542383627171148,1.028418360427659,14.943146705627441
2017-09-08,IDEXY,29.112093369861984,1.055615349935298,14.83898639678955
2018-02-05,IDEXY,28.15658813315322,0.9885404161725058,13.42798900604248
2018-02-07,IDEXY,27.67690668711546,1.009833893862268,13.176926612854004
2018-02-08,IDEXY,23.89353502184645,1.0467170394645728,12.8286714553833
2018-02-09,IDEXY,28.31126459695502,1.033083716148369,12.974452018737793
2018-03-01,IDEXY,29.595175757940993,0.9899666974348416,12.107867240905762
2018-03-02,IDEXY,29.431991909317386,0.9926323263061955,12.091670989990234
2018-03-05,IDEXY,29.640900730457666,1.0013387950749744,12.099769592285156
2018-03-08,IDEXY,29.259627311210647,1.0581080556394504,11.986385345458984
2018-03-09,IDEXY,29.76307785379946,1.0721996951918384,12.002583503723145
2018-08-02,IDEXY,28.676773826356495,0.9993814546590912,13.293415069580078
2018-08-03,IDEXY,27.948935727119544,0.9938005724838797,13.260527610778809
2018-08-06,IDEXY,24.588889853993358,0.9962332512177341,13.096110343933105
2018-08-08,IDEXY,28.953088428756697,0.9768461341175158,13.137213706970215
2018-08-14,IDEXY,28.340830438104668,1.0279542017937309,12.939909934997559
2018-08-15,IDEXY,26.241992788418543,1.0570146697329617,12.833036422729492
2018-08-16,IDEXY,24.725127805432763,1.0554479697775876,12.750825881958008
2018-09-04,IDEXY,28.38115087267204,1.0150067928907012,12.052037239074707
2018-09-05,IDEXY,28.031676567140813,1.0554035722934452,12.019153594970703
2018-09-06,IDEXY,27.664818764064425,1.0658435781792837,11.9862699508667
2018-09-07,IDEXY,27.66481876406443,1.0603566928949044,11.9862699508667
2018-10-10,IDEXY,29.318790806652622,0.9957777255491401,11.682089805603027
2018-12-20,IDEXY,28.495506726385265,0.9976580568596326,10.693465232849121
2018-12-21,IDEXY,27.350814559140108,1.0039495160044871,10.56824779510498
2018-12-24,IDEXY,26.072514733111717,1.020016178829113,10.426336288452148
2018-12-26,IDEXY,28.812480975320447,0.9952456855947868,10.534856796264648
2020-02-24,IDEXY,29.556819028006558,0.9818977097611508,13.806139945983887
2020-02-25,IDEXY,26.459905047635484,0.9777212918344322,13.538979530334473
2020-02-26,IDEXY,28.79263849151061,1.005696183913971,13.61654281616211
2020-02-27,IDEXY,22.955068338995506,1.0118969272823257,13.039133071899414
2020-03-09,IDEXY,27.823131010838775,0.7686931321421452,12.332452774047852
2020-03-10,IDEXY,27.62717725970129,0.8102240615256716,12.306596755981445
2020-03-11,IDEXY,21.196849208137586,0.8126911696600964,11.272428512573242
2020-03-12,IDEXY,16.42726932707013,0.9161677740704969,10.074517250061035
2020-03-13,IDEXY,27.213048884880486,0.8955343960391164,10.807053565979004
2020-03-16,IDEXY,21.73896189457227,1.0072726698393197,9.47987174987793
2020-03-17,IDEXY,27.548234723186184,1.0933448437500148,9.971100807189941
2020-03-18,IDEXY,24.339551971220697,1.185324538559618,9.161003112792969
2020-03-19,IDEXY,25.138723242647686,1.225956991216021,9.229948043823242
2020-03-23,IDEXY,29.658406439924136,1.1308664361784417,9.548815727233887
2020-10-29,IDEXY,29.87909650947299,1.1064852927404933,10.906821250915527
2020-10-30,IDEXY,29.389816774642807,1.1101286752312032,10.8631591796875
2020-11-02,IDEXY,29.286518951013228,1.2550282730395685,10.854426383972168
2021-07-15,IDEXY,25.8141100318144,1.026944090283885,14.427284240722656
2021-07-16,IDEXY,28.854590021141913,1.0327868390453958,14.550971031188965
2021-07-19,IDEXY,26.514063909939374,1.0531191710480206,14.303596496582031
2022-02-03,IDEXY,28.511310163525707,1.0142954325420601,13.118879318237305
2022-02-04,IDEXY,25.81493361650206,0.9937758317199952,12.913479804992676
2022-02-07,IDEXY,22.967257730564473,1.0070520421446143,12.663426399230957
2022-02-23,IDEXY,29.96484660826132,0.9117860013884843,12.350857734680176
2022-02-24,IDEXY,25.66806313257502,0.870991822107465,11.975778579711914
2022-02-28,IDEXY,25.988259259845982,0.8158096391723428,11.636419296264648
2022-03-01,IDEXY,22.735813398128744,0.9252783274960342,11.23454761505127
2022-03-02,IDEXY,23.42386626159895,0.9881046240929103,11.26133918762207
2022-03-03,IDEXY,18.055930329513824,1.0171233039530452,10.430805206298828
2022-03-04,IDEXY,15.866477261367626,1.0564516808113795,9.966419219970703
2022-03-07,IDEXY,14.00273603447281,1.1382880059150673,9.49310302734375
2022-08-26,IDEXY,28.77999346154158,0.9564031706853817,10.072233200073242
2022-08-29,IDEXY,28.77999346154158,0.9527700700146627,10.072233200073242
2022-08-30,IDEXY,28.77999346154158,0.972752076361866,10.072233200073242
2022-08-31,IDEXY,25.94733232776511,0.9795158436802566,9.825228691101074
2022-09-01,IDEXY,24.324013655099616,1.017029269411234,9.669709205627441
2022-09-02,IDEXY,23.944420409424403,1.0683760328377614,9.633115768432617
2022-09-06,IDEXY,23.54865841042332,1.0285987345522063,9.596522331237793
2022-09-08,IDEXY,28.040270744096972,1.0589354702951337,9.623967170715332
2025-04-07,IDEXY,28.59850616994155,1.126875310823022,23.329999923706055
2000-12-04,CDI.PA,28.138751422736867,1.1383647494362805,24.434839248657227
2001-03-12,CDI.PA,26.225173759335053,0.938423672426373,20.79778289794922
2001-03-13,CDI.PA,25.192443222885736,0.9975069029076569,20.541643142700195
2001-03-14,CDI.PA,23.972544136378914,0.9873417757315128,20.23429298400879
2001-03-15,CDI.PA,22.974143148425057,0.9256409323725446,19.97816276550293
2001-03-16,CDI.PA,22.569226932582726,0.9819590915873806,19.875707626342773
2001-03-19,CDI.PA,21.163365501826053,1.065616767120139,19.517131805419922
2001-03-22,CDI.PA,24.490911669596702,1.1551251200176247,18.492605209350586
2001-07-06,CDI.PA,25.681314178390423,1.0789474934431158,19.672334671020508
2001-09-07,CDI.PA,27.809113565263345,0.8029407940149258,17.601566314697266
2001-09-11,CDI.PA,21.992781930522852,0.8699999969297304,15.530791282653809
2001-09-12,CDI.PA,22.522405157158403,0.8338875222275841,15.58255672454834
2001-09-13,CDI.PA,20.987734200168624,0.8178695311044984,15.064863204956055
2001-09-14,CDI.PA,18.538990048316677,0.772893910816806,14.133015632629395
2001-09-17,CDI.PA,18.158714319042428,0.8740744157206594,13.977706909179688
2001-09-18,CDI.PA,17.030141418982552,0.9770114447651091,13.511788368225098
2001-09-19,CDI.PA,15.851306470970108,1.0318719564433843,12.994099617004395
2001-09-20,CDI.PA,14.450867431584365,1.0714286709451266,12.32109260559082
2001-09-21,CDI.PA,12.066461647684799,1.2511848986719234,10.923321723937988
2001-09-24,CDI.PA,24.490172114643133,1.0720337527737804,12.21755599975586
2002-06-24,CDI.PA,29.015369842738515,1.0664821004399179,19.542705535888672
2002-07-12,CDI.PA,29.99712826906193,1.0457316653976974,17.756256103515625
2002-07-15,CDI.PA,26.623805566631916,1.0543134493276192,16.944229125976562
2002-10-08,CDI.PA,28.576850659453928,1.2230763268223235,14.075084686279297
2002-10-09,CDI.PA,25.985932888637553,1.2749006064470105,13.587862014770508
2003-01-22,CDI.PA,26.081983484311817,1.0175437950836252,15.548051834106445
2004-05-17,CDI.PA,27.37441167988744,1.0852594655642689,27.921445846557617
2004-08-04,CDI.PA,29.11520811596837,0.9626553101910773,29.189699172973633
2004-08-05,CDI.PA,29.11520811596838,0.9502073634086782,29.189699172973633
2004-08-06,CDI.PA,24.21617032857985,0.9574469239986413,28.462980270385742
2004-08-09,CDI.PA,21.318848249577808,0.9956612141085317,27.917945861816406
2004-08-11,CDI.PA,28.00463982166754,0.9956902839225367,28.099618911743164
2004-08-12,CDI.PA,25.892687500182305,1.017467242001536,27.73626708984375
2004-08-13,CDI.PA,23.362769622284297,1.026667039012617,27.251792907714844
2006-05-17,CDI.PA,25.464707757990823,1.0139300109790685,48.03173828125
2006-12-01,CDI.PA,28.582401414323034,1.018018127571599,51.13262939453125
2008-01-11,CDI.PA,29.093402207692137,0.9385888791114801,52.59278869628906
2008-01-14,CDI.PA,28.741482523331435,0.8846254377066716,52.45237731933594
2008-01-15,CDI.PA,25.5972193089196,0.938399276818191,51.12835693359375
2008-01-16,CDI.PA,22.754033368319533,0.9291287357284773,49.724098205566406
2008-01-17,CDI.PA,22.002094523878625,1.0033892511040472,49.32289123535156
2008-01-18,CDI.PA,22.278655756906513,1.013004728823692,49.363006591796875
2008-01-21,CDI.PA,17.37837909937123,1.0482772999293717,46.40070724487305
2008-01-22,CDI.PA,26.6361347312034,1.041811960826749,47.97881317138672
2008-01-23,CDI.PA,23.44710549520189,1.0723692923733614,46.20008850097656
2008-03-17,CDI.PA,29.920331073443577,1.089995442947127,43.24445343017578
2008-06-24,CDI.PA,29.236555350563435,0.960798737723513,46.23536682128906
2008-06-27,CDI.PA,29.933211923451147,0.9489140290159122,45.312156677246094
2008-06-30,CDI.PA,27.32943831213486,0.9876335282022253,44.463619232177734
2008-07-01,CDI.PA,27.207079244729567,0.9778423576013173,44.422882080078125
2008-07-02,CDI.PA,27.141689108574347,0.9937317093957176,44.40252685546875
2008-07-03,CDI.PA,28.072883616223116,0.9534778331135882,44.50434112548828
2008-07-04,CDI.PA,23.321618457127286,0.9663719852601629,42.99734115600586
2008-07-08,CDI.PA,29.33785390322318,0.9546803672416359,43.438575744628906
2008-07-10,CDI.PA,28.88171378503387,1.0383940082308256,42.433902740478516
2008-07-11,CDI.PA,26.395634112840156,1.0807056663156898,41.55142593383789
2008-07-15,CDI.PA,28.491104021800812,1.0815193494678552,41.46995544433594
2008-09-26,CDI.PA,29.30336047654788,0.8355321985231771,38.591697692871094
2008-09-29,CDI.PA,25.415517497420627,0.8454767338601835,36.2429313659668
2008-09-30,CDI.PA,25.084049309003014,0.8347466937203957,36.02570724487305
2008-10-01,CDI.PA,23.651465462632963,0.8287870464580112,35.08891677856445
2008-10-02,CDI.PA,22.555731819781027,0.8521735079268055,34.3489990234375
2008-10-03,CDI.PA,19.752849975053678,0.8738948836648042,32.244606018066406
2008-10-06,CDI.PA,17.926524874144096,1.073327580227075,30.642555236816406
2008-10-07,CDI.PA,17.31295130292596,1.1221216387816066,30.07234001159668
2008-10-08,CDI.PA,16.270547041155844,1.1202148364803572,29.081239700317383
2008-10-09,CDI.PA,17.298920139939696,1.0470783258436154,29.27130699157715
2008-10-10,CDI.PA,16.076224095111396,1.1021439263767552,28.178396224975586
2008-11-17,CDI.PA,28.627846764638814,1.0155620894900714,23.55553436279297
2008-11-18,CDI.PA,28.110314789239503,1.03414021113158,23.263643264770508
2008-11-19,CDI.PA,26.322595505187348,1.0192250905171127,22.245384216308594
2008-11-20,CDI.PA,25.372642525899646,1.105011042421666,21.68874168395996
2008-11-21,CDI.PA,25.34861754658596,1.1456910972603909,21.675167083740234
2011-01-24,CDI.PA,29.937308903681842,1.0330449128241994,70.4046401977539
2011-03-15,CDI.PA,29.69490234505681,1.0122579960806957,69.766845703125
2011-03-16,CDI.PA,25.29916876976472,1.0485684903090549,67.59976196289062
2011-03-17,CDI.PA,29.966437023404463,1.064854370316039,68.50569915771484
2011-08-08,CDI.PA,24.811342561263558,1.0521640517322965,70.13481140136719
2011-08-10,CDI.PA,26.74086088116507,1.05244213654039,69.20367431640625
2011-08-19,CDI.PA,29.972415171958293,1.0253164830066144,67.1874771118164
2011-08-22,CDI.PA,29.181943285158102,1.0558732391109926,66.65959167480469
2011-10-04,CDI.PA,29.88540108474107,1.158608662190043,58.84404754638672
2013-06-20,CDI.PA,27.7613306569639,0.9850980247491165,97.61719512939453
2013-06-21,CDI.PA,22.985169868789075,1.001211158232718,94.82268524169922
2013-06-24,CDI.PA,20.535495689146334,1.048971148560077,93.0234603881836
2013-06-25,CDI.PA,24.058994125677284,1.0208246918463018,93.75080108642578
2013-12-12,CDI.PA,27.950187160808216,1.006095314414486,101.75672912597656
2013-12-13,CDI.PA,26.630067688058812,1.0279802663877724,101.13650512695312
2013-12-16,CDI.PA,29.756340377524825,1.0121998490916686,101.67919921875
2013-12-17,CDI.PA,28.540215434319872,1.0180078896073317,101.17525482177734
2013-12-18,CDI.PA,29.020975321716264,1.0359877414664669,101.2528076171875
2014-07-30,CDI.PA,27.824379946097118,0.980977081597463,104.79663848876953
2014-07-31,CDI.PA,23.236632760735112,1.014214614966669,101.74769592285156
2014-08-01,CDI.PA,25.443180178565903,0.9950303225828594,102.25587463378906
2014-08-04,CDI.PA,25.262700756664835,1.0156906698855874,102.13859558105469
2014-08-05,CDI.PA,29.735132477370435,1.0079605824205728,103.11579895019531
2014-08-06,CDI.PA,29.134323254331175,1.0041825335475436,102.8031005859375
2014-08-08,CDI.PA,28.051107023210857,1.0172877371895628,101.74769592285156
2014-12-17,CDI.PA,27.500879333039506,1.078947852679843,105.30831909179688
2015-08-24,CDI.PA,24.089157852598447,1.048494675533317,125.78083801269531
2015-12-14,CDI.PA,28.5081033839916,1.002570819830792,125.55996704101562
2016-01-06,CDI.PA,28.333569847238266,1.0064344586378688,119.14476776123047
2016-01-07,CDI.PA,27.071584196162956,0.9911114021691481,118.01505279541016
2016-01-08,CDI.PA,26.481860464669687,1.0027470622200763,117.49057006835938
2016-01-11,CDI.PA,25.6038955895556,1.004148179638454,116.72394561767578
2017-07-07,CDI.PA,25.34518402895457,0.9749999731369846,198.80776977539062
2017-07-11,CDI.PA,25.975877057879426,1.0090545599315843,196.6954345703125
2017-07-12,CDI.PA,24.277013720997175,1.0237789144773173,195.08013916015625
2017-07-13,CDI.PA,20.594828340435683,1.050314284508976,190.979736328125
2017-07-14,CDI.PA,28.71061110791089,1.044017010016028,193.8375701904297
2018-10-10,CDI.PA,22.747814168985016,1.0198139768857906,271.6612854003906
2018-10-11,CDI.PA,24.527088982951508,1.0058551056201208,272.9228210449219
2018-10-12,CDI.PA,25.512505962112414,1.0126036467967245,273.5956726074219
2018-10-15,CDI.PA,25.15875087171857,1.0092450801648416,272.9228210449219
2018-10-18,CDI.PA,29.70000819366841,1.0251225668662258,274.52081298828125
2019-08-05,CDI.PA,25.813300987227137,1.0337027787416302,369.8307800292969
2019-08-06,CDI.PA,27.57551137472425,1.0275863140090176,371.3674621582031
2020-01-27,CDI.PA,29.866020093651883,0.9866050517528572,394.1031799316406
2020-02-25,CDI.PA,28.402463347606687,0.9584584014699983,363.7035217285156
2020-02-27,CDI.PA,26.16598785901118,0.9726380842478596,352.5994567871094
2020-02-28,CDI.PA,24.485904754323208,0.9559053582542235,346.7744140625
2020-03-02,CDI.PA,28.938922566720287,0.8826267113369417,352.0533142089844
2020-03-03,CDI.PA,27.782947207188048,0.8725848965805173,348.5946960449219
2020-03-05,CDI.PA,28.7186291102019,0.7770701487118521,342.95166015625
2020-03-06,CDI.PA,25.327315075595962,0.8182316748253461,331.4835205078125
2020-03-09,CDI.PA,20.58931580429768,0.8096074417197707,310.7316589355469
2020-03-10,CDI.PA,19.357793685012734,0.8270495479226111,304.178466796875
2020-03-11,CDI.PA,19.1183294942711,0.7608172935243485,302.9042053222656
2020-03-12,CDI.PA,13.847634792061159,0.8784152238911938,266.49749755859375
2020-03-13,CDI.PA,17.049194896667323,0.8912752210223709,271.2303161621094
2020-03-16,CDI.PA,14.61894394916539,0.9312591454991482,251.57066345214844
2020-03-17,CDI.PA,14.61894394916539,1.1222868289345473,251.57066345214844
2020-03-18,CDI.PA,12.414583372880873,1.3333337306032154,230.4547576904297
2020-03-19,CDI.PA,14.800010704323252,1.3444788315230145,234.095458984375
2020-03-20,CDI.PA,19.743295347973813,1.2018074663777938,241.74085998535156
2020-03-23,CDI.PA,18.608278813692177,1.208236447860565,234.27748107910156
2020-07-31,CDI.PA,29.344295918872522,0.9872389004496291,315.92059326171875
2022-03-04,CDI.PA,29.3976624689132,1.005328827854684,524.1015014648438
2022-03-07,CDI.PA,26.556643902256205,1.0626729582608718,505.0179748535156
2022-03-08,CDI.PA,24.61932506691206,1.0777989374965242,490.58892822265625
2022-05-09,CDI.PA,26.952926725820348,1.054913305620624,488.9676513671875
2022-05-10,CDI.PA,27.758093306788588,1.0768491831187372,490.38079833984375
2023-09-07,CDI.PA,29.422873677611065,1.017106194773186,670.9295043945312
2023-09-26,CDI.PA,29.773860108574812,1.0254491900359233,638.8893432617188
2024-01-11,CDI.PA,27.715051042295098,0.9922480346290371,621.9519653320312
2024-01-12,CDI.PA,25.093687593156943,1.0031422745919185,613.7556762695312
2024-01-15,CDI.PA,25.539867420265683,1.011773931843771,614.2378540039062
2024-01-16,CDI.PA,24.44243100778804,1.0149960363207704,610.8629150390625
2024-01-17,CDI.PA,22.104413192223568,1.047961700827637,603.1487426757812
2024-04-12,CDI.PA,29.483977881015782,1.012269860297079,707.2896118164062
2024-05-29,CDI.PA,29.39779828954373,1.0258435271260504,678.441650390625
2024-07-24,CDI.PA,29.426933629308305,0.9854369808137454,601.9769287109375
2024-07-25,CDI.PA,26.281663759305392,0.9892472962239025,588.8269653320312
2024-08-02,CDI.PA,27.281288553709516,1.0059726717946438,570.806640625
2024-08-05,CDI.PA,25.548426048644302,1.017301029809781,563.0140380859375
2024-08-06,CDI.PA,25.86534715787336,1.0172860775869679,563.5010375976562
2024-09-06,CDI.PA,27.99631417683371,0.9903762731908243,556.6825561523438
2024-09-11,CDI.PA,29.536627086269352,0.991158270351319,550.8380737304688
2025-03-10,CDI.PA,29.205248200450324,0.973160121263917,568.1934814453125
2025-03-11,CDI.PA,27.23045577361099,0.989464421836184,560.3223876953125
2025-03-12,CDI.PA,26.15896527777149,1.0017699150023573,555.8948974609375
2025-03-13,CDI.PA,24.433341491779743,1.0026905880492714,548.5158081054688
2025-03-14,CDI.PA,25.83829600834583,0.9955317163320646,550.4835815429688
2025-03-17,CDI.PA,27.64905306175291,0.9857652066544643,552.9432373046875
2025-03-18,CDI.PA,28.772811582359232,0.9858030988147654,554.4190673828125
2025-03-20,CDI.PA,28.38337218277318,0.9812164225241794,549.9916381835938
2025-03-21,CDI.PA,27.738137954878265,0.9721722991977901,548.0238647460938
2025-03-24,CDI.PA,26.755611551597426,0.9521660859017053,545.0722045898438
2025-03-25,CDI.PA,28.1264637317783,0.9558955058286522,546.5480346679688
2025-03-26,CDI.PA,27.570752000496405,0.9575811466885872,545.0722045898438
2025-03-27,CDI.PA,25.57542787304928,0.9124886066789771,539.6608276367188
2025-03-28,CDI.PA,23.267440211320835,0.9019390390359084,532.7736206054688
2025-03-31,CDI.PA,19.480974654735896,0.883412279302914,518.999267578125
2025-04-01,CDI.PA,22.860689620610074,0.8990584135921539,522.4428100585938
2025-04-02,CDI.PA,22.71401001973117,0.8769086244596506,521.9508666992188
2025-04-03,CDI.PA,16.056998096036697,0.9610389481614783,492.4343566894531
2025-04-04,CDI.PA,14.243739702789343,0.9823915112328635,480.5293273925781
2025-04-07,CDI.PA,11.62626896575617,1.0506438080191505,458.4903259277344
2025-04-08,CDI.PA,19.712519172497473,0.9409300525113268,469.70660400390625
2025-04-09,CDI.PA,17.832054779873815,0.9634565738315174,457.7032165527344
2025-04-10,CDI.PA,27.48055181225377,0.9239085056756737,473.24859619140625
2025-04-11,CDI.PA,27.2191303846829,0.9420592082526275,472.06793212890625
2025-04-15,CDI.PA,24.4557865958941,1.0448884076844784,441.9610595703125
2025-04-16,CDI.PA,24.290502271059637,1.0431378953822645,440.9771728515625
2025-04-17,CDI.PA,23.636760453833812,1.0593763235104026,437.2384033203125
2025-04-22,CDI.PA,27.820806678586234,1.0213261296039953,444.7159423828125
2000-03-03,RELIANCE.NS,28.519104838479088,0.8077854204305757,17.7583065032959
2000-03-06,RELIANCE.NS,25.577045559306477,0.8001575689287425,16.799114227294922
2000-03-07,RELIANCE.NS,23.481108092926707,0.9046637458285357,16.02845001220703
2000-03-08,RELIANCE.NS,21.92802110248105,1.0163126009918007,15.409936904907227
2000-03-09,RELIANCE.NS,21.655806879683784,1.0153481935158717,15.300786972045898
2000-03-10,RELIANCE.NS,19.38610324232412,1.0830068690952144,14.344901084899902
2000-03-13,RELIANCE.NS,17.5182842400778,1.155757893603173,13.441938400268555
2000-03-14,RELIANCE.NS,26.462196365552625,1.085310114413761,14.500357627868652
2000-10-16,RELIANCE.NS,27.291103731783856,0.9212052530017173,20.5267391204834
2000-10-17,RELIANCE.NS,24.137082361124794,0.9693657330153523,19.974374771118164
2000-10-18,RELIANCE.NS,22.9078797065292,1.022456697144326,19.73623275756836
2000-10-19,RELIANCE.NS,28.161047338729254,1.0079169156614223,20.053754806518555
2000-10-20,RELIANCE.NS,26.142680916947135,1.0162698797287655,19.71969223022461
2000-10-23,RELIANCE.NS,22.01984374729125,1.0529998164201115,18.909339904785156
2000-10-24,RELIANCE.NS,28.783259976405905,1.0322856307232233,19.36247444152832
2001-04-10,RELIANCE.NS,25.920886906114255,0.9592210243609327,21.7373046875
2001-04-11,RELIANCE.NS,25.006149086210215,1.009098111818342,21.449546813964844
2001-04-12,RELIANCE.NS,20.24766540805703,1.2434840122767965,19.670082092285156
2001-04-13,RELIANCE.NS,20.247665408057028,1.2068267087425826,19.670082092285156
2001-04-16,RELIANCE.NS,26.73898675051891,1.149115955174686,20.384510040283203
2001-07-26,RELIANCE.NS,29.924730835262807,1.0424798105149107,20.589309692382812
2001-09-13,RELIANCE.NS,26.66148940047715,0.8263864251156645,19.60661506652832
2001-09-14,RELIANCE.NS,16.734397010069706,0.829123679752615,17.64797592163086
2001-09-17,RELIANCE.NS,18.26019082454165,0.8419951408677409,17.739154815673828
2001-09-18,RELIANCE.NS,16.033641299241506,0.8161169344461214,17.097532272338867
2001-09-19,RELIANCE.NS,14.758637536018792,0.9200079609091907,16.6754150390625
2001-09-20,RELIANCE.NS,13.466958870368698,1.0075030165335468,16.202640533447266
2001-09-21,RELIANCE.NS,10.256220570112811,1.2213247669837508,14.632354736328125
2001-09-24,RELIANCE.NS,14.504886038310078,1.1736377882350508,14.93628215789795
2001-09-25,RELIANCE.NS,12.452175807034846,1.2562925134616352,13.953585624694824
2001-09-26,RELIANCE.NS,27.95907913653274,1.0856264014644603,15.341514587402344
2002-05-21,RELIANCE.NS,27.554095073072165,0.9914202309992479,17.712142944335938
2002-05-22,RELIANCE.NS,25.811545828937167,1.025313981337494,17.475753784179688
2002-05-23,RELIANCE.NS,23.64872638042894,1.029128269545015,17.15831756591797
2002-08-08,RELIANCE.NS,24.639226880415244,1.0231610198002443,15.746750831604004
2002-08-09,RELIANCE.NS,27.37888102631021,1.0347323109095987,15.848062515258789
2002-10-04,RELIANCE.NS,29.13599198930536,1.0146091332599902,15.949370384216309
2002-10-24,RELIANCE.NS,29.314616277087264,1.1548499831096644,15.52724838256836
2002-10-25,RELIANCE.NS,24.556827054202174,1.1555706673122152,15.064605712890625
2002-10-28,RELIANCE.NS,22.676332144512106,1.1976797962305425,14.84510326385498
2004-05-11,RELIANCE.NS,27.351752516982643,0.8846505499853223,33.11106872558594
2004-05-17,RELIANCE.NS,19.97868701238134,1.1456091707827358,27.306076049804688
2007-03-05,RELIANCE.NS,28.362960147908435,1.0447453840861003,138.93409729003906
2008-01-22,RELIANCE.NS,26.270116629617963,1.0930877162556472,260.0788269042969
2008-06-09,RELIANCE.NS,27.95235178245244,1.0553244452089925,239.84988403320312
2008-06-23,RELIANCE.NS,27.685877063588375,1.0342843624711915,224.65618896484375
2008-10-06,RELIANCE.NS,26.70435196044343,0.9874816628457889,182.05836486816406
2008-10-07,RELIANCE.NS,29.818205018372666,0.9077718535987251,185.72369384765625
2008-10-08,RELIANCE.NS,28.778424943511478,0.8443480953338747,182.82913208007812
2008-10-10,RELIANCE.NS,24.51261955838619,0.8549685809211508,169.4154052734375
2008-10-13,RELIANCE.NS,28.63790112857343,0.8405880597684017,174.27294921875
2008-10-15,RELIANCE.NS,29.117511236937666,0.8662016784286396,168.59474182128906
2008-10-16,RELIANCE.NS,24.997648441584417,0.8747799471102077,154.37142944335938
2008-10-17,RELIANCE.NS,22.682685886466217,0.7805979888232374,144.8448486328125
2008-10-20,RELIANCE.NS,23.99312133973133,0.8153531113639687,146.49176025390625
2008-10-22,RELIANCE.NS,27.706856883286584,1.044539763302184,146.03704833984375
2008-10-23,RELIANCE.NS,24.775260821194237,1.1840019190854199,135.04103088378906
2008-10-24,RELIANCE.NS,20.179874389431067,1.423835137661715,113.06559753417969
2008-10-27,RELIANCE.NS,24.55311124710092,1.178319484906617,119.44251251220703
2009-11-03,RELIANCE.NS,26.756042205981316,1.129746207917353,201.68263244628906
2010-08-11,RELIANCE.NS,29.065033917553546,0.9810323973090772,218.0906982421875
2010-08-12,RELIANCE.NS,26.436074051481633,1.0047296000235395,215.72848510742188
2010-08-16,RELIANCE.NS,29.951557554093956,1.0,216.68226623535156
2010-08-17,RELIANCE.NS,28.22092752338782,1.001802952251922,215.29595947265625
2010-08-18,RELIANCE.NS,26.61765885906484,1.0033174313057225,213.95404052734375
2010-08-27,RELIANCE.NS,29.0580308645277,0.9748314376872377,210.62696838378906
2010-08-30,RELIANCE.NS,28.60840807703586,1.0049581038375177,210.26097106933594
2010-08-31,RELIANCE.NS,22.17129515794577,1.0468885613368613,203.88404846191406
2010-09-03,RELIANCE.NS,29.645230364671093,1.0721616625041588,205.32579040527344
2010-11-26,RELIANCE.NS,29.474202115503807,1.0452538193442913,213.45497131347656
2011-01-27,RELIANCE.NS,29.41252260882632,1.0012728275401874,209.0965118408203
2011-01-28,RELIANCE.NS,24.93674714649491,1.0076670368802,202.50885009765625
2011-01-31,RELIANCE.NS,27.458440440416997,1.0106059933703,203.90623474121094
2011-02-01,RELIANCE.NS,24.156838741762858,1.0220547604771675,198.6272430419922
2011-05-18,RELIANCE.NS,26.91465677805952,1.0046016107353881,200.03570556640625
2011-06-17,RELIANCE.NS,29.594843005778554,1.0030503492527552,192.69393920898438
2011-06-20,RELIANCE.NS,24.097045048083192,1.0459644794037954,184.81983947753906
2011-06-22,RELIANCE.NS,29.6858518431378,1.0466423072812514,187.60348510742188
2011-08-05,RELIANCE.NS,29.535768793203545,0.9607323405714943,175.6703338623047
2011-08-08,RELIANCE.NS,27.46506532810195,0.9724588429206722,173.15283203125
2011-08-09,RELIANCE.NS,24.92045934934982,0.9865411947363921,169.7481231689453
2011-08-10,RELIANCE.NS,28.388253726122482,0.9591718332574106,171.4005584716797
2011-08-11,RELIANCE.NS,28.28439974969618,0.9486532323234933,171.27857971191406
2011-08-12,RELIANCE.NS,26.166152380473388,0.9948744436698267,168.7721710205078
2011-08-16,RELIANCE.NS,25.84335389816637,1.0080352768872447,168.38400268554688
2011-08-17,RELIANCE.NS,25.05403715771783,1.0083443212956413,167.46351623535156
2011-08-18,RELIANCE.NS,22.583896109856518,1.016594692846525,164.402587890625
2011-08-19,RELIANCE.NS,21.174675649814084,0.9820489174582455,162.48397827148438
2011-08-26,RELIANCE.NS,27.263086202988195,1.1419238458671885,159.5672149658203
2012-05-09,RELIANCE.NS,29.031392617497183,0.9726658291243434,154.17733764648438
2012-05-10,RELIANCE.NS,28.76516745301579,0.98703435369036,153.9666290283203
2012-05-14,RELIANCE.NS,26.399480018497563,1.0208424945966428,151.1164093017578
2012-05-15,RELIANCE.NS,26.65534200841147,1.0138634383502985,151.1940460205078
2012-05-16,RELIANCE.NS,25.16169906153607,1.0158999151096915,149.96302795410156
2012-11-20,RELIANCE.NS,26.853346616852352,1.028026381937665,169.7592010498047
2013-03-26,RELIANCE.NS,29.491116415896414,0.9798301430263585,173.751708984375
2013-03-28,RELIANCE.NS,27.170281941197928,1.0093156376982217,171.43382263183594
2014-09-25,RELIANCE.NS,27.92131819809811,0.9960208637648961,208.73416137695312
2014-09-26,RELIANCE.NS,29.542922656083263,1.0036968245518212,209.4973907470703
2014-09-29,RELIANCE.NS,29.521887556757605,1.023040249414524,209.47494506835938
2014-12-11,RELIANCE.NS,27.818714188238808,0.9712520561196903,203.4139404296875
2014-12-12,RELIANCE.NS,23.399903880623707,1.0206267718476518,198.0712890625
2014-12-15,RELIANCE.NS,22.817689446416615,1.0296996427989384,197.2743682861328
2014-12-16,RELIANCE.NS,20.608854499848622,1.0337151908143507,194.0867156982422
2014-12-17,RELIANCE.NS,23.3656945656881,1.0168487435852234,195.1866912841797
2014-12-18,RELIANCE.NS,29.101164189989397,1.0099419981882496,197.5662078857422
2015-01-06,RELIANCE.NS,27.39400638011648,1.008431929824647,187.6890106201172
2015-08-24,RELIANCE.NS,22.54731379844919,1.0317642718886375,186.21865844726562
2015-08-25,RELIANCE.NS,28.259841133287,0.9902140320838952,190.39401245117188
2015-08-26,RELIANCE.NS,29.832941036099154,0.9954886929388036,191.57254028320312
2016-05-20,RELIANCE.NS,28.435192075549775,1.043352624498521,209.7106475830078
2016-05-23,RELIANCE.NS,27.504615693401984,1.0416129944229593,208.767822265625
2016-11-15,RELIANCE.NS,29.14245177233897,1.0162878333495322,221.20411682128906
2016-11-16,RELIANCE.NS,29.791839642293727,1.0227561450348808,221.46224975585938
2016-11-17,RELIANCE.NS,27.699687730671585,1.0098183511190577,219.48683166503906
2018-10-05,RELIANCE.NS,24.026244912683442,1.074081137572832,477.81109619140625
2019-07-30,RELIANCE.NS,29.26969157674339,0.955457747158006,537.9674072265625
2019-07-31,RELIANCE.NS,27.219540979029038,0.9512539930954645,531.2935180664062
2019-08-05,RELIANCE.NS,27.396261290637458,1.1149253596672335,520.8612670898438
2019-08-06,RELIANCE.NS,25.550344337429635,1.141761879769066,514.005126953125
2019-08-07,RELIANCE.NS,23.41654234749614,1.1519740669313643,505.39508056640625
2020-01-31,RELIANCE.NS,29.364317396784106,1.0155846322741453,643.0872192382812
2020-02-03,RELIANCE.NS,26.517193512635508,1.036160253186272,631.1743774414062
2020-02-28,RELIANCE.NS,28.357740359920413,0.9566100737119815,605.2759399414062
2020-03-02,RELIANCE.NS,27.17730108581206,0.8465219883984842,599.58154296875
2020-03-05,RELIANCE.NS,29.96147279768055,0.8430003397632897,597.3037719726562
2020-03-06,RELIANCE.NS,26.13046183051708,0.7991346169049865,579.0130615234375
2020-03-09,RELIANCE.NS,16.990591869317033,0.9047256286371825,507.5589599609375
2020-03-11,RELIANCE.NS,24.166112461090382,0.8395821704308123,525.5079345703125
2020-03-12,RELIANCE.NS,19.90708733307507,0.863311398606806,484.2572326660156
2020-03-13,RELIANCE.NS,26.429983245147852,0.9209716949193016,503.52728271484375
2020-03-16,RELIANCE.NS,22.289112677793696,0.8703849694312666,462.7093811035156
2020-03-17,RELIANCE.NS,21.97054464549598,0.9359126445343221,459.20159912109375
2020-03-18,RELIANCE.NS,20.362724939539927,1.11744963193432,441.20709228515625
2020-03-19,RELIANCE.NS,18.488782854234724,1.1618175204631354,418.0647888183594
2020-03-23,RELIANCE.NS,25.761202711090686,1.165601436102458,402.73529052734375
2020-10-26,RELIANCE.NS,29.117674271693755,0.9252624791574713,933.133056640625
2020-10-28,RELIANCE.NS,28.246500689870874,0.9511545899575381,925.0162963867188
2020-11-02,RELIANCE.NS,23.887859061616997,1.0922793436454883,863.3930053710938
2020-11-03,RELIANCE.NS,22.58790194769378,1.1265402000570937,850.953369140625
2022-09-26,RELIANCE.NS,28.204671982132517,0.9966980371559865,1093.28466796875
2022-09-28,RELIANCE.NS,26.920406899584027,1.0384359413117232,1072.63623046875
2022-09-29,RELIANCE.NS,26.435807965713316,1.0460371456946838,1069.34814453125
2023-01-27,RELIANCE.NS,26.0714022585276,0.996427572052727,1074.8896484375
2023-02-01,RELIANCE.NS,29.004761296035937,1.0051497980227797,1076.0623779296875
2023-02-02,RELIANCE.NS,27.77166139525786,1.0125055952808455,1070.10693359375
2023-02-03,RELIANCE.NS,28.291378423297957,1.003284690209378,1071.0496826171875
2023-02-06,RELIANCE.NS,26.53133400783554,1.0051483000021935,1062.9788818359375
2023-02-07,RELIANCE.NS,25.980888759651776,1.031310985419042,1060.4266357421875
2023-03-20,RELIANCE.NS,29.72432566390111,1.0164905764559993,1012.3005981445312
2023-09-25,RELIANCE.NS,29.51128429300344,0.9904718967320967,1170.2249755859375
2023-10-09,RELIANCE.NS,29.72729556339626,1.019928227489666,1149.125
2023-10-23,RELIANCE.NS,29.656776473629122,1.0109137291024972,1131.5999755859375
2023-10-25,RELIANCE.NS,28.93620010288384,1.017471579098288,1128.9749755859375
2023-10-26,RELIANCE.NS,25.01513323555295,1.0420839663920392,1113.25
2024-10-04,RELIANCE.NS,29.70082774029244,0.9895962578575017,1386.5250244140625
2024-10-07,RELIANCE.NS,27.67431592515191,1.001313209330964,1370.7249755859375
2024-10-15,RELIANCE.NS,28.080891430218628,0.9994977408784339,1344.0250244140625
2024-10-25,RELIANCE.NS,29.584338094081165,1.0081334857300872,1327.8499755859375
2024-11-04,RELIANCE.NS,28.910492780339407,0.9773835021387498,1302.1500244140625
2024-11-11,RELIANCE.NS,28.42923822602044,0.9756031052494168,1272.699951171875
2024-11-12,RELIANCE.NS,29.057153375909806,0.9597802628997449,1274.25
2024-11-13,RELIANCE.NS,25.59383785252604,1.0106624935628032,1252.050048828125
2024-11-19,RELIANCE.NS,27.434245611448077,1.0415172759990392,1241.6500244140625
2024-11-21,RELIANCE.NS,24.78620574460474,1.0390842590581562,1223.0
2025-03-03,RELIANCE.NS,29.301429139971834,1.0573319311966383,1171.25
2025-03-04,RELIANCE.NS,27.468808081863745,1.0735003206985292,1161.9000244140625
2003-03-31,TCS.NS,26.5807387586919,1.0,27.976625442504883
2003-04-02,TCS.NS,26.580738758691908,1.0,27.976625442504883
2003-04-03,TCS.NS,26.5807387586919,1.0,27.976625442504883
2003-04-04,TCS.NS,26.580738758691908,1.0,27.976625442504883
2003-04-07,TCS.NS,26.580738758691908,1.0,27.976625442504883
2003-04-08,TCS.NS,26.580738758691908,1.0,27.976625442504883
2003-04-09,TCS.NS,26.5807387586919,1.0,27.976625442504883
2003-04-10,TCS.NS,26.580738758691908,1.0,27.976625442504883
2003-04-11,TCS.NS,26.5807387586919,1.0,27.976625442504883
2003-04-14,TCS.NS,26.5807387586919,1.0,27.976625442504883
2003-04-15,TCS.NS,26.580738758691908,1.0,27.976625442504883
2003-04-16,TCS.NS,26.580738758691908,1.0,27.976625442504883
2003-04-17,TCS.NS,26.580738758691908,1.0,27.976625442504883
2003-04-18,TCS.NS,26.580738758691915,1.0,27.976625442504883
2003-04-21,TCS.NS,26.580738758691915,1.0,27.976625442504883
2003-04-22,TCS.NS,26.580738758691915,1.0,27.976625442504883
2003-04-23,TCS.NS,26.580738758691915,1.0,27.976625442504883
2003-04-24,TCS.NS,26.580738758691908,1.0,27.976625442504883
2003-04-25,TCS.NS,26.580738758691915,1.0,27.976625442504883
2003-04-28,TCS.NS,26.580738758691908,1.0,27.976625442504883
2003-04-29,TCS.NS,26.580738758691915,1.0,27.976625442504883
2003-04-30,TCS.NS,26.580738758691915,1.0,27.976625442504883
2003-05-01,TCS.NS,26.580738758691915,1.0,27.976625442504883
2003-05-02,TCS.NS,26.58073875869192,1.0,27.976625442504883
2003-05-05,TCS.NS,26.580738758691915,1.0,27.976625442504883
2003-05-06,TCS.NS,26.580738758691915,1.0,27.976625442504883
2003-05-07,TCS.NS,26.580738758691915,1.0,27.976625442504883
2003-05-08,TCS.NS,26.580738758691915,1.0,27.976625442504883
2003-05-09,TCS.NS,26.580738758691915,1.0,27.976625442504883
2003-05-12,TCS.NS,26.580738758691915,1.0,27.976625442504883
2003-05-13,TCS.NS,26.580738758691915,1.0,27.976625442504883
2003-05-14,TCS.NS,26.580738758691908,1.0,27.976625442504883
2003-05-15,TCS.NS,26.5807387586919,1.0,27.976625442504883
2003-05-16,TCS.NS,26.5807387586919,1.0,27.976625442504883
2003-05-19,TCS.NS,26.5807387586919,1.0,27.976625442504883
2003-05-20,TCS.NS,26.5807387586919,1.0,27.976625442504883
2003-05-21,TCS.NS,26.5807387586919,1.0,27.976625442504883
2003-05-22,TCS.NS,26.5807387586919,1.0,27.976625442504883
2003-05-23,TCS.NS,26.5807387586919,1.0,27.976625442504883
2003-05-26,TCS.NS,26.580738758691897,1.0,27.976625442504883
2003-05-27,TCS.NS,26.580738758691897,1.0,27.976625442504883
2003-05-28,TCS.NS,26.580738758691897,1.0,27.976625442504883
2003-05-29,TCS.NS,26.580738758691897,1.0,27.976625442504883
2003-05-30,TCS.NS,26.580738758691897,1.0,27.976625442504883
2003-06-02,TCS.NS,26.5807387586919,1.0,27.976625442504883
2003-06-03,TCS.NS,26.5807387586919,1.0,27.976625442504883
2003-06-04,TCS.NS,26.5807387586919,1.0,27.976625442504883
2003-06-05,TCS.NS,26.5807387586919,1.0,27.976625442504883
2003-06-06,TCS.NS,26.580738758691908,1.0,27.976625442504883
2003-06-09,TCS.NS,26.580738758691908,1.0,27.976625442504883
2003-06-10,TCS.NS,26.5807387586919,1.0,27.976625442504883
2003-06-11,TCS.NS,26.580738758691908,1.0,27.976625442504883
2003-06-12,TCS.NS,26.580738758691908,1.0,27.976625442504883
2003-06-13,TCS.NS,26.580738758691908,1.0,27.976625442504883
2003-06-16,TCS.NS,26.5807387586919,1.0,27.976625442504883
2003-06-17,TCS.NS,26.5807387586919,1.0,27.976625442504883
2003-06-18,TCS.NS,26.5807387586919,1.0,27.976625442504883
2003-06-19,TCS.NS,26.580738758691908,1.0,27.976625442504883
2003-06-20,TCS.NS,26.580738758691908,1.0,27.976625442504883
2003-06-23,TCS.NS,26.5807387586919,1.0,27.976625442504883
2003-06-24,TCS.NS,26.5807387586919,1.0,27.976625442504883
2003-06-25,TCS.NS,26.5807387586919,1.0,27.976625442504883
2003-06-26,TCS.NS,26.5807387586919,1.0,27.976625442504883
2003-06-27,TCS.NS,26.5807387586919,1.0,27.976625442504883
2003-06-30,TCS.NS,26.580738758691897,1.0,27.976625442504883
2003-07-01,TCS.NS,26.5807387586919,1.0,27.976625442504883
2003-07-02,TCS.NS,26.5807387586919,1.0,27.976625442504883
2003-07-03,TCS.NS,26.5807387586919,1.0,27.976625442504883
2003-07-04,TCS.NS,26.5807387586919,1.0,27.976625442504883
2003-07-07,TCS.NS,26.5807387586919,1.0,27.976625442504883
2003-07-08,TCS.NS,26.580738758691897,1.0,27.976625442504883
2003-07-09,TCS.NS,26.580738758691897,1.0,27.976625442504883
2003-07-10,TCS.NS,26.580738758691897,1.0,27.976625442504883
2003-07-11,TCS.NS,26.5807387586919,1.0,27.976625442504883
2003-07-14,TCS.NS,26.580738758691897,1.0,27.976625442504883
2003-07-15,TCS.NS,26.580738758691897,1.0,27.976625442504883
2003-07-16,TCS.NS,26.580738758691897,1.0,27.976625442504883
2003-07-17,TCS.NS,26.580738758691897,1.0,27.976625442504883
2003-07-18,TCS.NS,26.5807387586919,1.0,27.976625442504883
2003-07-21,TCS.NS,26.5807387586919,1.0,27.976625442504883
2003-07-22,TCS.NS,26.580738758691897,1.0,27.976625442504883
2003-07-23,TCS.NS,26.5807387586919,1.0,27.976625442504883
2003-07-24,TCS.NS,26.580738758691897,1.0,27.976625442504883
2003-07-25,TCS.NS,26.580738758691897,1.0,27.976625442504883
2003-07-28,TCS.NS,26.580738758691897,1.0,27.976625442504883
2003-07-29,TCS.NS,26.580738758691897,1.0,27.976625442504883
2003-07-30,TCS.NS,26.580738758691897,1.0,27.976625442504883
2003-07-31,TCS.NS,26.5807387586919,1.0,27.976625442504883
2003-08-01,TCS.NS,26.5807387586919,1.0,27.976625442504883
2003-08-04,TCS.NS,26.5807387586919,1.0,27.976625442504883
2003-08-05,TCS.NS,26.5807387586919,1.0,27.976625442504883
2003-08-06,TCS.NS,26.580738758691897,1.0,27.976625442504883
2003-08-07,TCS.NS,26.580738758691897,1.0,27.976625442504883
2003-08-08,TCS.NS,26.58073875869189,1.0,27.976625442504883
2003-08-11,TCS.NS,26.58073875869189,1.0,27.976625442504883
2003-08-12,TCS.NS,26.58073875869189,1.0,27.976625442504883
2003-08-13,TCS.NS,26.58073875869189,1.0,27.976625442504883
2003-08-14,TCS.NS,26.58073875869189,1.0,27.976625442504883
2003-08-15,TCS.NS,26.58073875869189,1.0,27.976625442504883
2003-08-18,TCS.NS,26.580738758691897,1.0,27.976625442504883
2003-08-19,TCS.NS,26.58073875869189,1.0,27.976625442504883
2003-08-20,TCS.NS,26.580738758691897,1.0,27.976625442504883
2003-08-21,TCS.NS,26.58073875869189,1.0,27.976625442504883
2003-08-22,TCS.NS,26.58073875869189,1.0,27.976625442504883
2003-08-25,TCS.NS,26.58073875869189,1.0,27.976625442504883
2003-08-26,TCS.NS,26.58073875869189,1.0,27.976625442504883
2003-08-27,TCS.NS,26.58073875869189,1.0,27.976625442504883
2003-08-28,TCS.NS,26.58073875869189,1.0,27.976625442504883
2003-08-29,TCS.NS,26.58073875869189,1.0,27.976625442504883
2003-09-01,TCS.NS,26.580738758691897,1.0,27.976625442504883
2003-09-02,TCS.NS,26.580738758691897,1.0,27.976625442504883
2003-09-03,TCS.NS,26.58073875869189,1.0,27.976625442504883
2003-09-04,TCS.NS,26.58073875869189,1.0,27.976625442504883
2003-09-05,TCS.NS,26.58073875869189,1.0,27.976625442504883
2003-09-08,TCS.NS,26.58073875869189,1.0,27.976625442504883
2003-09-09,TCS.NS,26.58073875869189,1.0,27.976625442504883
2003-09-10,TCS.NS,26.58073875869189,1.0,27.976625442504883
2003-09-11,TCS.NS,26.58073875869189,1.0,27.976625442504883
2003-09-12,TCS.NS,26.58073875869189,1.0,27.976625442504883
2003-09-15,TCS.NS,26.58073875869189,1.0,27.976625442504883
2003-09-16,TCS.NS,26.58073875869189,1.0,27.976625442504883
2003-09-17,TCS.NS,26.580738758691897,1.0,27.976625442504883
2003-09-18,TCS.NS,26.580738758691897,1.0,27.976625442504883
2003-09-19,TCS.NS,26.580738758691897,1.0,27.976625442504883
2003-09-22,TCS.NS,26.580738758691897,1.0,27.976625442504883
2003-09-23,TCS.NS,26.580738758691897,1.0,27.976625442504883
2003-09-24,TCS.NS,26.580738758691897,1.0,27.976625442504883
2003-09-25,TCS.NS,26.580738758691897,1.0,27.976625442504883
2003-09-26,TCS.NS,26.580738758691897,1.0,27.976625442504883
2003-09-29,TCS.NS,26.580738758691897,1.0,27.976625442504883
2003-09-30,TCS.NS,26.580738758691908,1.0,27.976625442504883
2003-10-01,TCS.NS,26.5807387586919,1.0,27.976625442504883
2003-10-02,TCS.NS,26.5807387586919,1.0,27.976625442504883
2003-10-03,TCS.NS,26.5807387586919,1.0,27.976625442504883
2003-10-06,TCS.NS,26.5807387586919,1.0,27.976625442504883
2003-10-07,TCS.NS,26.5807387586919,1.0,27.976625442504883
2003-10-08,TCS.NS,26.580738758691897,1.0,27.976625442504883
2003-10-09,TCS.NS,26.5807387586919,1.0,27.976625442504883
2003-10-10,TCS.NS,26.580738758691897,1.0,27.976625442504883
2003-10-13,TCS.NS,26.5807387586919,1.0,27.976625442504883
2003-10-14,TCS.NS,26.580738758691897,1.0,27.976625442504883
2003-10-15,TCS.NS,26.58073875869189,1.0,27.976625442504883
2003-10-16,TCS.NS,26.58073875869189,1.0,27.976625442504883
2003-10-17,TCS.NS,26.58073875869189,1.0,27.976625442504883
2003-10-20,TCS.NS,26.580738758691897,1.0,27.976625442504883
2003-10-21,TCS.NS,26.580738758691897,1.0,27.976625442504883
2003-10-22,TCS.NS,26.580738758691897,1.0,27.976625442504883
2003-10-23,TCS.NS,26.58073875869189,1.0,27.976625442504883
2003-10-24,TCS.NS,26.580738758691897,1.0,27.976625442504883
2003-10-27,TCS.NS,26.580738758691897,1.0,27.976625442504883
2003-10-28,TCS.NS,26.580738758691897,1.0,27.976625442504883
2003-10-29,TCS.NS,26.5807387586919,1.0,27.976625442504883
2003-10-30,TCS.NS,26.5807387586919,1.0,27.976625442504883
2003-10-31,TCS.NS,26.5807387586919,1.0,27.976625442504883
2003-11-03,TCS.NS,26.5807387586919,1.0,27.976625442504883
2003-11-04,TCS.NS,26.5807387586919,1.0,27.976625442504883
2003-11-05,TCS.NS,26.5807387586919,1.0,27.976625442504883
2003-11-06,TCS.NS,26.580738758691908,1.0,27.976625442504883
2003-11-07,TCS.NS,26.5807387586919,1.0,27.976625442504883
2003-11-10,TCS.NS,26.5807387586919,1.0,27.976625442504883
2003-11-11,TCS.NS,26.580738758691908,1.0,27.976625442504883
2003-11-12,TCS.NS,26.580738758691908,1.0,27.976625442504883
2003-11-13,TCS.NS,26.580738758691908,1.0,27.976625442504883
2003-11-14,TCS.NS,26.580738758691915,1.0,27.976625442504883
2003-11-17,TCS.NS,26.580738758691908,1.0,27.976625442504883
2003-11-18,TCS.NS,26.5807387586919,1.0,27.976625442504883
2003-11-19,TCS.NS,26.580738758691908,1.0,27.976625442504883
2003-11-20,TCS.NS,26.580738758691908,1.0,27.976625442504883
2003-11-21,TCS.NS,26.5807387586919,1.0,27.976625442504883
2003-11-24,TCS.NS,26.5807387586919,1.0,27.976625442504883
2003-11-25,TCS.NS,26.5807387586919,1.0,27.976625442504883
2003-11-26,TCS.NS,26.5807387586919,1.0,27.976625442504883
2003-11-27,TCS.NS,26.5807387586919,1.0,27.976625442504883
2003-11-28,TCS.NS,26.5807387586919,1.0,27.976625442504883
2003-12-01,TCS.NS,26.580738758691897,1.0,27.976625442504883
2003-12-02,TCS.NS,26.580738758691897,1.0,27.976625442504883
2003-12-03,TCS.NS,26.5807387586919,1.0,27.976625442504883
2003-12-04,TCS.NS,26.5807387586919,1.0,27.976625442504883
2003-12-05,TCS.NS,26.5807387586919,1.0,27.976625442504883
2003-12-08,TCS.NS,26.5807387586919,1.0,27.976625442504883
2003-12-09,TCS.NS,26.5807387586919,1.0,27.976625442504883
2003-12-10,TCS.NS,26.5807387586919,1.0,27.976625442504883
2003-12-11,TCS.NS,26.5807387586919,1.0,27.976625442504883
2003-12-12,TCS.NS,26.580738758691908,1.0,27.976625442504883
2003-12-15,TCS.NS,26.5807387586919,1.0,27.976625442504883
2003-12-16,TCS.NS,26.5807387586919,1.0,27.976625442504883
2003-12-17,TCS.NS,26.5807387586919,1.0,27.976625442504883
2003-12-18,TCS.NS,26.5807387586919,1.0,27.976625442504883
2003-12-19,TCS.NS,26.5807387586919,1.0,27.976625442504883
2003-12-22,TCS.NS,26.580738758691897,1.0,27.976625442504883
2003-12-23,TCS.NS,26.5807387586919,1.0,27.976625442504883
2003-12-24,TCS.NS,26.5807387586919,1.0,27.976625442504883
2003-12-25,TCS.NS,26.5807387586919,1.0,27.976625442504883
2003-12-26,TCS.NS,26.5807387586919,1.0,27.976625442504883
2003-12-29,TCS.NS,26.580738758691908,1.0,27.976625442504883
2003-12-30,TCS.NS,26.5807387586919,1.0,27.976625442504883
2003-12-31,TCS.NS,26.5807387586919,1.0,27.976625442504883
2004-01-01,TCS.NS,26.5807387586919,1.0,27.976625442504883
2004-01-02,TCS.NS,26.5807387586919,1.0,27.976625442504883
2004-01-05,TCS.NS,26.580738758691908,1.0,27.976625442504883
2004-01-06,TCS.NS,26.580738758691908,1.0,27.976625442504883
2004-01-07,TCS.NS,26.580738758691908,1.0,27.976625442504883
2004-01-08,TCS.NS,26.580738758691908,1.0,27.976625442504883
2004-01-09,TCS.NS,26.580738758691908,1.0,27.976625442504883
2004-01-12,TCS.NS,26.580738758691915,1.0,27.976625442504883
2004-01-13,TCS.NS,26.580738758691915,1.0,27.976625442504883
2004-01-14,TCS.NS,26.580738758691915,1.0,27.976625442504883
2004-01-15,TCS.NS,26.580738758691915,1.0,27.976625442504883
2004-01-16,TCS.NS,26.580738758691915,1.0,27.976625442504883
2004-01-19,TCS.NS,26.58073875869192,1.0,27.976625442504883
2004-01-20,TCS.NS,26.58073875869192,1.0,27.976625442504883
2004-01-21,TCS.NS,26.580738758691915,1.0,27.976625442504883
2004-01-22,TCS.NS,26.58073875869192,1.0,27.976625442504883
2004-01-23,TCS.NS,26.580738758691915,1.0,27.976625442504883
2004-01-26,TCS.NS,26.580738758691915,1.0,27.976625442504883
2004-01-27,TCS.NS,26.580738758691915,1.0,27.976625442504883
2004-01-28,TCS.NS,26.580738758691915,1.0,27.976625442504883
2004-01-29,TCS.NS,26.580738758691915,1.0,27.976625442504883
2004-01-30,TCS.NS,26.580738758691915,1.0,27.976625442504883
2004-02-02,TCS.NS,26.580738758691915,1.0,27.976625442504883
2004-02-03,TCS.NS,26.580738758691915,1.0,27.976625442504883
2004-02-04,TCS.NS,26.580738758691915,1.0,27.976625442504883
2004-02-05,TCS.NS,26.580738758691915,1.0,27.976625442504883
2004-02-06,TCS.NS,26.58073875869192,1.0,27.976625442504883
2004-02-09,TCS.NS,26.58073875869192,1.0,27.976625442504883
2004-02-10,TCS.NS,26.58073875869192,1.0,27.976625442504883
2004-02-11,TCS.NS,26.58073875869192,1.0,27.976625442504883
2004-02-12,TCS.NS,26.58073875869192,1.0,27.976625442504883
2004-02-13,TCS.NS,26.58073875869192,1.0,27.976625442504883
2004-02-16,TCS.NS,26.580738758691925,1.0,27.976625442504883
2004-02-17,TCS.NS,26.58073875869192,1.0,27.976625442504883
2004-02-18,TCS.NS,26.58073875869192,1.0,27.976625442504883
2004-02-19,TCS.NS,26.58073875869192,1.0,27.976625442504883
2004-02-20,TCS.NS,26.580738758691925,1.0,27.976625442504883
2004-02-23,TCS.NS,26.580738758691925,1.0,27.976625442504883
2004-02-24,TCS.NS,26.580738758691925,1.0,27.976625442504883
2004-02-25,TCS.NS,26.58073875869193,1.0,27.976625442504883
2004-02-26,TCS.NS,26.58073875869193,1.0,27.976625442504883
2004-02-27,TCS.NS,26.580738758691936,1.0,27.976625442504883
2004-03-01,TCS.NS,26.58073875869193,1.0,27.976625442504883
2004-03-02,TCS.NS,26.580738758691936,1.0,27.976625442504883
2004-03-03,TCS.NS,0.0,1.0,27.976625442504883
2004-03-04,TCS.NS,0.0,1.0,27.976625442504883
2004-03-05,TCS.NS,0.0,1.0,27.976625442504883
2004-03-08,TCS.NS,0.0,1.0,27.976625442504883
2004-03-09,TCS.NS,0.0,1.0,27.976625442504883
2004-03-10,TCS.NS,0.0,1.0,27.976625442504883
2004-03-11,TCS.NS,0.0,1.0,27.976625442504883
2004-03-12,TCS.NS,0.0,1.0,27.976625442504883
2004-03-15,TCS.NS,0.0,1.0,27.976625442504883
2004-03-16,TCS.NS,0.0,1.0,27.976625442504883
2004-03-17,TCS.NS,0.0,1.0,27.976625442504883
2004-03-18,TCS.NS,0.0,1.0,27.976625442504883
2004-03-19,TCS.NS,0.0,1.0,27.976625442504883
2004-03-22,TCS.NS,0.0,1.0,27.976625442504883
2004-03-23,TCS.NS,0.0,1.0,27.976625442504883
2004-03-24,TCS.NS,0.0,1.0,27.976625442504883
2004-03-25,TCS.NS,0.0,1.0,27.976625442504883
2004-03-26,TCS.NS,0.0,1.0,27.976625442504883
2004-03-29,TCS.NS,0.0,1.0,27.976625442504883
2004-03-30,TCS.NS,0.0,1.0,27.976625442504883
2004-03-31,TCS.NS,0.0,1.0,27.976625442504883
2004-04-01,TCS.NS,0.0,1.0,27.976625442504883
2004-04-02,TCS.NS,0.0,1.0,27.976625442504883
2004-04-05,TCS.NS,0.0,1.0,27.976625442504883
2004-04-06,TCS.NS,0.0,1.0,27.976625442504883
2004-04-07,TCS.NS,0.0,1.0,27.976625442504883
2004-04-08,TCS.NS,0.0,1.0,27.976625442504883
2004-04-09,TCS.NS,0.0,1.0,27.976625442504883
2004-04-12,TCS.NS,0.0,1.0,27.976625442504883
2004-04-13,TCS.NS,0.0,1.0,27.976625442504883
2004-04-14,TCS.NS,0.0,1.0,27.976625442504883
2004-04-15,TCS.NS,0.0,1.0,27.976625442504883
2004-04-16,TCS.NS,0.0,1.0,27.976625442504883
2004-04-19,TCS.NS,0.0,1.0,27.976625442504883
2004-04-20,TCS.NS,0.0,1.0,27.976625442504883
2004-04-21,TCS.NS,0.0,1.0,27.976625442504883
2004-04-22,TCS.NS,0.0,1.0,27.976625442504883
2004-04-23,TCS.NS,0.0,1.0,27.976625442504883
2004-04-26,TCS.NS,0.0,1.0,27.976625442504883
2004-04-27,TCS.NS,0.0,1.0,27.976625442504883
2004-04-28,TCS.NS,0.0,1.0,27.976625442504883
2004-04-29,TCS.NS,0.0,3.0188860517613776,27.976625442504883
2004-04-30,TCS.NS,0.0,2.913056748966393,27.976625442504883
2004-05-03,TCS.NS,0.0,2.8941707653815234,27.976625442504883
2004-05-04,TCS.NS,0.0,2.743406598763319,27.976625442504883
2004-05-05,TCS.NS,0.0,2.564636613416496,27.976625442504883
2005-04-19,TCS.NS,26.371060752712193,0.9404321526894015,110.69835662841797
2005-04-20,TCS.NS,21.00700611213721,0.9995164589781231,102.22679138183594
2005-04-21,TCS.NS,25.621914149837167,0.9758403072573656,104.62635040283203
2005-04-22,TCS.NS,29.732202590046448,0.9694370248062991,106.85729217529297
2005-04-25,TCS.NS,29.037014470244493,0.9757461713993095,105.95980834960938
2005-04-26,TCS.NS,27.600171050088257,0.9752789231169035,104.10429382324219
2005-04-27,TCS.NS,26.15285432328735,1.0046606366161708,102.17736053466797
2005-04-28,TCS.NS,26.092634196450103,1.019787750492835,102.0986099243164
2005-04-29,TCS.NS,29.410776092674713,1.0321808899645557,103.59141540527344
2005-05-02,TCS.NS,29.220042728323275,1.0410667646237122,103.38987731933594
2005-05-03,TCS.NS,27.451448092241154,1.0395999048680722,101.53072357177734
2006-06-13,TCS.NS,29.43157032517192,1.0265406304276767,145.2735595703125
2006-06-14,TCS.NS,25.405955353927773,1.1094704243928915,137.25302124023438
2007-06-20,TCS.NS,28.4898204637193,0.987925019063798,214.9691925048828
2007-06-21,TCS.NS,28.19219922996074,0.9923621047311201,214.70677185058594
2007-06-22,TCS.NS,26.96796760239809,1.008246113112426,213.6478729248047
2007-06-25,TCS.NS,24.131703097857894,1.0077283091549305,210.986572265625
2007-06-26,TCS.NS,23.385531540686515,1.0052150945247678,210.23684692382812
2007-07-05,TCS.NS,28.756335922801668,1.0457877936714957,208.343994140625
2007-08-21,TCS.NS,28.754663556368133,1.0132970998813504,190.7581024169922
2007-08-23,TCS.NS,29.49120321653495,1.037801591038668,189.37701416015625
2007-11-12,TCS.NS,29.783197143821038,1.0307623327127582,181.59161376953125
2007-11-13,TCS.NS,27.297952575183572,1.0147255768392458,178.48301696777344
2008-01-21,TCS.NS,22.887761384910092,1.031844768133285,156.57179260253906
2008-01-22,TCS.NS,20.62830619951321,1.0883660973708311,150.7690887451172
2008-07-16,TCS.NS,29.108715468011816,1.181911545487861,138.44337463378906
2008-09-18,TCS.NS,29.210134930878784,0.9545858858155614,137.614013671875
2008-09-26,TCS.NS,28.96011361735573,0.915409245426639,129.03636169433594
2008-09-29,TCS.NS,23.425081196308422,0.9288711568298449,118.31192016601562
2008-10-06,TCS.NS,29.799936248837717,0.9575123078733574,118.12107849121094
2008-10-07,TCS.NS,25.94252674032808,0.9430450839947189,109.89653015136719
2008-10-08,TCS.NS,23.69682853185522,0.9055983091251928,104.30529022216797
2008-10-10,TCS.NS,22.159835374402597,0.8648056169592407,100.14532470703125
2008-10-16,TCS.NS,27.76608924753987,1.1056570246565474,94.45869445800781
2008-10-17,TCS.NS,24.99440585369655,1.0991516389727558,86.60623931884766
2010-05-25,TCS.NS,28.795487804009767,1.0566791687872943,274.6848449707031
2011-08-05,TCS.NS,29.856194451470223,0.8952691595489988,424.01318359375
2011-08-08,TCS.NS,23.08154826391971,0.968418950280938,402.93170166015625
2011-08-09,TCS.NS,19.42266563199032,1.0363806361814842,386.6798095703125
2011-08-10,TCS.NS,25.46320716612584,0.977948675331171,394.3948974609375
2011-08-11,TCS.NS,24.868719710539853,0.9495071670814306,392.1104431152344
2011-08-12,TCS.NS,21.86020018890563,0.9692763692559656,379.6059265136719
2011-08-16,TCS.NS,29.632131458713012,1.0082169241702814,390.2066955566406
2011-08-19,TCS.NS,28.226325469170614,1.0209913860832895,372.3116760253906
2011-08-22,TCS.NS,27.176468075873352,1.1106144786185475,367.94305419921875
2012-12-11,TCS.NS,28.346008024563158,0.9925799275987475,497.0738525390625
2013-04-26,TCS.NS,27.207667927771002,1.071457581990692,559.3353271484375
2013-04-29,TCS.NS,27.621035232831726,1.0735730588069727,559.9072875976562
2013-04-30,TCS.NS,29.961215509326607,1.0737808844062475,563.0322265625
2014-05-19,TCS.NS,29.950301926352445,1.0575933437328473,844.4373779296875
2014-12-15,TCS.NS,24.811272494633798,1.0656094911069518,991.203369140625
2015-11-16,TCS.NS,29.22875685240676,1.0069273496627886,1013.5712280273438
2015-11-18,TCS.NS,28.956530232103677,0.9974907646664054,1003.689697265625
2016-09-08,TCS.NS,26.32703403678866,1.0170534604465855,1006.4677124023438
2016-09-14,TCS.NS,29.750183573192494,1.036483577678842,1009.2197265625
2016-09-15,TCS.NS,29.64605189969438,1.0219385179752594,1008.5697631835938
2016-11-09,TCS.NS,25.67556318226703,0.9849528234078899,943.0017700195312
2016-11-10,TCS.NS,24.743572044824287,0.9859190435408567,936.74365234375
2016-11-11,TCS.NS,21.56479258931167,1.0151105823872941,913.145263671875
2016-11-15,TCS.NS,25.395019059338075,1.0064580980687343,921.9022827148438
2017-04-19,TCS.NS,29.189241583792082,1.0048716917922949,1002.044677734375
2018-10-26,TCS.NS,28.28705705926367,1.0635595576005803,1618.2725830078125
2019-09-23,TCS.NS,26.825052295897883,1.0414227309230486,1836.0616455078125
2020-03-12,TCS.NS,24.30694964255176,0.9313250258850938,1619.659912109375
2020-03-13,TCS.NS,28.633708562681644,1.0023710797392609,1653.016357421875
2020-03-16,TCS.NS,24.1510756510871,0.9914524027275882,1552.4425048828125
2020-03-17,TCS.NS,22.807540180535433,1.034737190251794,1517.3013916015625
2020-03-18,TCS.NS,22.680153312104277,1.0656966716397598,1514.0068359375
2020-03-19,TCS.NS,22.45154971086785,1.0944785639493286,1508.4298095703125
2021-10-28,TCS.NS,29.040571546842266,1.0254262671019754,3218.875732421875
2021-10-29,TCS.NS,27.745189567480043,1.0309029170387967,3196.391845703125
2022-02-24,TCS.NS,27.028766115072667,1.0360710347222646,3205.68359375
2022-05-19,TCS.NS,29.191193869797527,0.9959339969431116,3074.031982421875
2022-05-25,TCS.NS,28.734851417532447,1.059207959319539,3005.272216796875
2023-03-20,TCS.NS,28.328567490942557,0.9933191096262702,3004.90478515625
2023-03-21,TCS.NS,25.999668490268473,1.0031549618912472,2969.343017578125
2023-03-23,TCS.NS,29.666553382041233,1.0260030558079722,2987.07568359375
2023-03-24,TCS.NS,29.353676774832334,1.0254766133603475,2983.10888671875
2023-03-27,TCS.NS,29.699975204885575,1.0376325233862875,2984.829345703125
2023-03-28,TCS.NS,29.152705629897675,1.0336339392798883,2978.711181640625
2024-10-11,TCS.NS,29.576835404124186,0.996121705344646,4074.156982421875
2024-10-14,TCS.NS,28.657705316039895,0.9886752453978327,4061.83349609375
2024-10-15,TCS.NS,27.217079232653035,0.9777731272990049,4042.342529296875
2024-10-16,TCS.NS,25.686382129428182,0.9954139018683928,4020.8876953125
2024-10-17,TCS.NS,28.47207283956608,0.9875335107016407,4034.68359375
2024-10-21,TCS.NS,29.419118076018464,1.0026961751810475,4015.834228515625
2024-10-22,TCS.NS,24.960154706369618,1.0148798458746038,3952.493896484375
2024-10-31,TCS.NS,29.390796243577615,1.045975111317559,3906.18212890625
2025-02-19,TCS.NS,27.14567083227794,0.9546655626434466,3784.10009765625
2025-02-20,TCS.NS,26.895764310914128,0.9216410250314881,3779.39990234375
2025-02-21,TCS.NS,27.899534330768006,0.9226228338161978,3786.0
2025-02-24,TCS.NS,22.367221508186415,0.9609451395651938,3675.60009765625
2025-02-25,TCS.NS,20.537815458309936,0.9772699097986989,3629.550048828125
2025-02-27,TCS.NS,19.89103200878764,0.9969689136416457,3612.550048828125
2025-02-28,TCS.NS,15.8122329845132,1.036732922176667,3483.25
2025-03-03,TCS.NS,17.198125009622533,1.0276548724367787,3493.050048828125
2025-03-04,TCS.NS,22.654879053435756,1.0122450133497825,3532.050048828125
2025-03-05,TCS.NS,24.7100251257207,0.9884833602306384,3547.050048828125
2025-03-12,TCS.NS,26.81827609612458,1.0162426421667254,3506.199951171875
2025-03-13,TCS.NS,27.5206718984374,1.019096865010655,3511.050048828125
2025-03-17,TCS.NS,26.759341217279786,1.0375246595855159,3497.699951171875
2025-03-18,TCS.NS,26.75934121727978,1.0457586559917758,3497.699951171875
2025-03-19,TCS.NS,26.72082051273787,1.0396614186893969,3497.10009765625
2025-04-03,TCS.NS,28.408978237791832,0.9495614629771275,3403.14990234375
2025-04-04,TCS.NS,23.59077777586042,0.9844820413750074,3299.39990234375
2025-04-07,TCS.NS,22.58295970222643,0.9999236419736194,3274.050048828125
2025-04-08,TCS.NS,25.15038744062724,1.0018068756768554,3292.949951171875
2025-04-09,TCS.NS,23.124962337680508,1.0231010896765953,3246.60009765625
2025-04-11,TCS.NS,22.489531922799824,1.0256536909620146,3231.5
2025-04-15,TCS.NS,24.94583466300714,1.0507358079260696,3248.199951171875
2025-04-16,TCS.NS,28.677144879754945,1.0390372188044508,3273.800048828125
2002-06-28,HDB,28.2025297566047,1.0286820362196252,1.1179524660110474
2002-10-18,HDB,28.252520532239505,1.0,1.1543508768081665
2002-10-21,HDB,28.252520532239505,0.9977475879590603,1.1543508768081665
2002-10-22,HDB,20.939525678845364,1.04563331979428,1.101486325263977
2002-10-23,HDB,29.907921093255,1.0269440641118908,1.1257517337799072
2002-11-18,HDB,28.836360342609368,0.9832136626166538,1.0841535329818726
2002-11-20,HDB,26.341185181996973,1.0122453209940256,1.0616211891174316
2002-11-21,HDB,28.53066870074753,0.9951259019997781,1.0668209791183472
2002-11-22,HDB,27.085624047291535,1.0065519465786195,1.058154821395874
2004-05-17,HDB,26.51456826137519,1.153007792162583,2.027280569076538
2005-03-23,HDB,28.56032377857991,1.0507497458782913,3.534926652908325
2005-10-20,HDB,29.676498624857196,0.9487179811805023,3.9546868801116943
2005-10-24,HDB,29.533448133865953,1.0095958073051519,3.893312454223633
2005-10-25,HDB,27.865699855551707,1.0451912447600473,3.8381643295288086
2005-10-26,HDB,27.40866234582302,1.0697997954974006,3.823042869567871
2005-10-27,HDB,25.305263711433458,1.0893786281809414,3.751882553100586
2005-10-28,HDB,28.693771045978412,1.0494843115979586,3.792799234390259
2006-06-08,HDB,29.439688714819816,1.0913133544497895,4.223005294799805
2006-06-12,HDB,27.246607096985194,1.0739758027818715,4.039590358734131
2006-06-13,HDB,26.411860832862427,1.1077441832685742,3.985907793045044
2007-02-26,HDB,28.15547550534061,0.9070007845710254,6.032097339630127
2007-02-27,HDB,21.47892595974082,1.0268986200938321,5.6545329093933105
2007-03-05,HDB,25.85428017871827,1.0938675398936217,5.47111701965332
2008-03-10,HDB,29.591919881011382,0.943735695244171,8.407294273376465
2008-06-10,HDB,29.896685683670803,1.0317763952901835,7.586157321929932
2008-06-11,HDB,27.43874774384118,1.0443201858700752,7.2997846603393555
2008-06-23,HDB,29.699362676898083,0.9133315946360226,7.110379695892334
2008-06-24,HDB,27.27020518011127,0.9124126772889358,6.870225429534912
2008-06-26,HDB,26.21078023812182,0.9793842979073413,6.5938215255737305
2008-06-27,HDB,25.231058159240465,0.9963667397980409,6.485072135925293
2008-06-30,HDB,25.48102685727201,1.0403292795671284,6.494134426116943
2008-07-01,HDB,23.384583597461468,1.060575278011331,6.2684807777404785
2008-07-02,HDB,26.622292710001243,1.0467261741513847,6.380854606628418
2008-07-03,HDB,28.842162589207117,0.9987371491468724,6.457885265350342
2008-07-07,HDB,28.9510906630012,0.9712482738064534,6.461510181427002
2008-07-15,HDB,27.23321398163953,1.296290625101404,6.010201930999756
2011-01-10,HDB,28.194012458264005,1.0159160072072326,13.536524772644043
2011-01-11,HDB,29.790071965533155,1.0118438389063185,13.623620986938477
2011-01-28,HDB,25.757363978366016,1.0064806128320904,12.873680114746094
2011-08-08,HDB,24.96086764666875,1.1052977086179359,14.027704238891602
2011-11-23,HDB,27.035914404512212,1.089356610024079,11.622823715209961
2012-05-16,HDB,27.17008190871102,0.9701188608896979,13.593809127807617
2012-05-17,HDB,24.268324877673262,1.0038382978269398,13.229154586791992
2012-05-18,HDB,28.43593473972345,0.9841704952159132,13.41379165649414
2012-05-22,HDB,29.358587453954755,1.0165318721408094,13.122987747192383
2013-06-11,HDB,27.178534102778585,0.9918653882009373,17.298730850219727
2013-06-12,HDB,27.386906481739366,0.9886176960620257,17.308115005493164
2013-06-19,HDB,29.929647681748918,0.9553178751127642,17.111108779907227
2013-06-20,HDB,23.773264312503102,1.0286944481166878,16.346548080444336
2013-06-21,HDB,29.608646052982035,1.0219968097464425,16.632671356201172
2013-06-24,HDB,24.48041239048885,1.0648778398332488,15.905635833740234
2013-08-06,HDB,28.72367253687509,1.0250237516107044,14.808052062988281
2013-08-07,HDB,26.912383212828374,1.0481109045904142,14.526618957519531
2013-08-12,HDB,29.720468296034518,0.9384221588676088,14.62511920928955
2013-08-19,HDB,27.44799339704392,1.0061516679024898,13.724535942077637
2013-08-27,HDB,27.89397794833959,1.0464860962785731,12.814569473266602
2015-08-24,HDB,24.19722547585766,1.0038755040507739,26.999130249023438
2015-08-25,HDB,27.55070162263455,0.9769190786621585,27.19887924194336
2015-09-01,HDB,27.935556406797517,1.0180777840013477,26.571104049682617
2015-11-13,HDB,29.859427897339664,1.0312062207838275,27.12754249572754
2016-11-16,HDB,27.38993711338964,0.9541592152470395,31.534582138061523
2016-11-17,HDB,24.547515323951792,0.9881264302091133,31.041561126708984
2016-11-18,HDB,23.82371287932796,0.9733621920745346,30.907533645629883
2016-11-21,HDB,19.294347467280414,1.0300799561975378,29.91669273376465
2016-11-22,HDB,20.474239702184008,1.029848294242806,29.988492965698242
2016-11-23,HDB,22.189323543519045,1.0170219814408694,30.089012145996094
2016-11-28,HDB,27.84568461668234,1.0097056337119135,30.084224700927734
2016-12-16,HDB,29.597438913436534,1.002631113014603,29.107746124267578
2016-12-19,HDB,27.304962866158235,1.0169972626956896,28.724807739257812
2017-01-03,HDB,27.876814270790774,1.0457924327843058,28.327516555786133
2017-01-04,HDB,27.97289356071661,1.0809258014824812,28.33230209350586
2018-08-15,HDB,29.10121127135339,1.0181542665590315,47.996524810791016
2018-09-11,HDB,25.759343305569406,0.9816881185618501,45.99727249145508
2018-09-12,HDB,28.139622941267728,0.9839622584622618,46.18122482299805
2018-09-18,HDB,27.793219115009197,0.9899227902495762,45.15497589111328
2018-09-24,HDB,27.999475888032748,1.0242916714774266,44.24006271362305
2018-10-04,HDB,29.638674578911534,0.9568066335266835,43.59623336791992
2018-10-05,HDB,26.49216004511806,1.0108438085843428,42.855594635009766
2018-10-08,HDB,28.26124652481285,1.01226635001195,43.01534652709961
2018-10-09,HDB,26.165219069906186,1.0325590946549756,42.521583557128906
2018-10-10,HDB,23.69724574952625,1.018841771025365,41.87775421142578
2018-10-11,HDB,23.09746175187179,1.0140419773246214,41.713165283203125
2019-07-23,HDB,28.17094143803954,0.9877721780300494,56.10506820678711
2019-07-30,HDB,28.50475144137236,0.983357040811164,55.41902542114258
2019-08-05,HDB,24.767759063015585,1.0323465468144313,53.35108184814453
2019-08-22,HDB,27.597841483107665,1.0149962816404987,51.362117767333984
2020-01-30,HDB,29.228968148072177,1.034554600053617,56.14928436279297
2020-01-31,HDB,28.03127121766003,1.0258380381484493,55.84703826904297
2020-02-25,HDB,27.32028020713475,0.9641063159334586,54.32606506347656
2020-02-26,HDB,26.22543332625199,0.955800019665235,54.0433235168457
2020-02-27,HDB,24.613708914101377,0.9363520679062305,53.61433029174805
2020-02-28,HDB,24.106057757206205,0.9371012345340844,53.47782897949219
2020-03-02,HDB,23.36472400812159,0.9000914676753121,53.2828369140625
2020-03-03,HDB,20.246636291077216,0.94359639975904,52.376102447509766
2020-03-04,HDB,18.16888959727763,0.9133635124163407,51.65460968017578
2020-03-05,HDB,14.861800130094993,0.8691007774698779,50.20188903808594
2020-03-06,HDB,14.687890307571088,0.9274318170625055,50.114139556884766
2020-03-09,HDB,11.216890018485309,0.8770074726326402,47.95942687988281
2020-03-10,HDB,24.293934998898692,0.9220753408453684,49.42190170288086
2020-03-11,HDB,19.541120419227838,0.8518290147824117,47.17943572998047
2020-03-12,HDB,14.654734025349885,0.8120669826222119,43.63050079345703
2020-03-13,HDB,29.816200376641298,0.7505769143642074,46.477447509765625
2020-03-16,HDB,22.99215486806751,0.6944830754273089,42.06077575683594
2020-03-18,HDB,28.02547650944564,0.8976225162445032,40.188812255859375
2020-03-19,HDB,23.302467761205506,1.1342874323252758,35.43088912963867
2020-03-20,HDB,22.8270584980557,1.098658624559548,34.8848991394043
2020-03-23,HDB,18.583633931404513,1.2937249297456634,29.21049690246582
2020-03-24,HDB,26.268310105205213,1.1658077538285794,32.16469955444336
2021-04-12,HDB,25.919777599441506,0.9904222199410053,67.18609619140625
2021-04-13,HDB,27.161222235863065,0.9903194655512834,67.47858428955078
2021-11-30,HDB,28.495814026043032,1.0279518204307005,64.05708312988281
2021-12-20,HDB,28.54708118901192,1.0350169455098739,60.63261413574219
2022-03-04,HDB,29.271520228741306,0.9935359244535308,56.004695892333984
2022-03-07,HDB,25.504993817883097,1.0859029790332941,53.30426025390625
2022-03-08,HDB,28.27776720159284,1.0879638718425932,54.057640075683594
2022-05-09,HDB,28.35680693646388,1.0573294631014516,49.6058349609375
2023-08-16,HDB,29.060469569130277,1.0040900131741173,63.56999969482422
2023-08-17,HDB,27.92341595296916,0.9969955338968477,63.2400016784668
2023-08-18,HDB,26.598823508846735,0.9980907090724246,62.849998474121094
2023-09-20,HDB,28.782095491761307,0.987829593939145,59.15999984741211
2023-09-22,HDB,28.803134298762963,1.002378110959547,58.869998931884766
2023-09-25,HDB,28.173660297173193,0.9878901093939082,58.630001068115234
2023-09-26,HDB,27.05915798098866,0.9881463900092546,58.209999084472656
2023-09-27,HDB,28.722009466063657,1.014031480391744,58.439998626708984
2023-10-02,HDB,29.522018994643233,1.016401947392478,57.91999816894531
2023-10-03,HDB,28.28793523072322,1.0260778857451753,57.52000045776367
2024-01-17,HDB,21.309203619830726,0.9857887945069458,55.59000015258789
2024-01-18,HDB,25.9999100137119,0.9984076406252836,56.52000045776367
2024-01-19,HDB,24.834239337133404,1.013789406440895,55.84000015258789
2024-01-22,HDB,26.196706024199205,0.9868093068824076,56.099998474121094
2024-01-23,HDB,22.584951823557216,1.032425420797076,53.970001220703125
2024-01-24,HDB,26.818969945420474,1.0125912856024204,54.79999923706055
2025-01-07,HDB,29.110637805740357,0.9624206714264224,61.470001220703125
2025-01-08,HDB,25.259354914656768,0.9711824834765425,60.380001068115234
2025-01-10,HDB,20.557051074106507,0.9960771015172059,58.630001068115234
2025-01-13,HDB,19.296969119142346,1.0137788359996245,58.060001373291016
2025-01-14,HDB,23.462931306255296,1.0367333259989644,58.529998779296875
2025-01-15,HDB,28.77073041724586,0.9966193244852045,59.15999984741211
2025-01-16,HDB,27.10017143417831,0.9947135477179341,58.63999938964844
2025-01-17,HDB,26.33999407131257,1.0054794466860144,58.400001525878906
2002-07-19,BHARTIARTL.NS,27.142877179294565,0.9651898494093359,13.198948860168457
2002-07-22,BHARTIARTL.NS,26.53064672923123,0.9697931801923074,13.136297225952148
2002-07-23,BHARTIARTL.NS,25.107529894944076,0.979099797432104,12.990104675292969
2002-07-24,BHARTIARTL.NS,23.923006771590895,1.0178573043558063,12.864797592163086
2002-07-25,BHARTIARTL.NS,28.749725540504805,0.9695512103957354,13.031874656677246
2002-07-26,BHARTIARTL.NS,25.679277774493457,0.9885248337647122,12.73949146270752
2002-07-29,BHARTIARTL.NS,25.679277774493457,0.9901641111441741,12.73949146270752
2002-07-30,BHARTIARTL.NS,25.454099023581605,0.9852215300828677,12.718608856201172
2002-08-02,BHARTIARTL.NS,29.98869781937204,0.9950246254535012,12.593303680419922
2002-08-06,BHARTIARTL.NS,29.516501196819746,1.0116667996008322,12.530647277832031
2002-08-07,BHARTIARTL.NS,29.51650119681975,1.0100001248160486,12.530647277832031
2002-08-08,BHARTIARTL.NS,29.51650119681975,1.0100001248160486,12.530647277832031
2002-08-09,BHARTIARTL.NS,29.51650119681975,1.0450001430818117,12.530647277832031
2002-10-23,BHARTIARTL.NS,24.825804821403143,0.9370502292788138,11.611735343933105
2002-10-24,BHARTIARTL.NS,23.88267683815238,0.9419236615460377,11.507311820983887
2002-10-25,BHARTIARTL.NS,20.38069796689708,0.977358555591886,11.068739891052246
2002-10-28,BHARTIARTL.NS,16.427712678223582,1.0502008683940651,10.400436401367188
2002-10-29,BHARTIARTL.NS,18.55425876522075,1.0139441084047522,10.483975410461426
2002-10-30,BHARTIARTL.NS,27.934445626391874,0.9769672594099352,10.880779266357422
2002-10-31,BHARTIARTL.NS,27.574428868039757,0.9691715956807978,10.839009284973145
2002-11-01,BHARTIARTL.NS,27.38442103876063,0.9613896928399193,10.818127632141113
2002-11-04,BHARTIARTL.NS,29.982624090783844,0.938814668944823,10.922547340393066
2002-11-05,BHARTIARTL.NS,27.06272400965315,0.9607073444162384,10.630165100097656
2002-11-06,BHARTIARTL.NS,27.06272400965315,0.964636726602776,10.630165100097656
2002-11-07,BHARTIARTL.NS,25.81324671106196,0.9483100720244783,10.504859924316406
2002-11-08,BHARTIARTL.NS,24.786221278731276,0.9236950431556199,10.400436401367188
2002-11-11,BHARTIARTL.NS,23.383570232931024,0.9307536077202787,10.254247665405273
2002-11-12,BHARTIARTL.NS,22.983360269656725,0.9345604763442028,10.212477684020996
2002-11-13,BHARTIARTL.NS,24.377205272102128,0.9307536077202787,10.254247665405273
2002-11-14,BHARTIARTL.NS,21.450730347818592,0.9329142929790158,9.961864471435547
2002-11-15,BHARTIARTL.NS,18.54017637671831,0.9760866464095423,9.606831550598145
2002-11-18,BHARTIARTL.NS,18.074105391921776,1.013128864737051,9.544178009033203
2002-11-19,BHARTIARTL.NS,18.074105391921776,1.0525162583250098,9.544178009033203
2002-11-20,BHARTIARTL.NS,18.074105391921773,1.0481398701572253,9.544178009033203
2002-11-21,BHARTIARTL.NS,16.05747546153166,1.0853931396684047,9.29356575012207
2002-11-22,BHARTIARTL.NS,19.29001300342153,1.111358722747041,9.377099990844727
2002-11-25,BHARTIARTL.NS,29.52048356623213,1.0950324715383986,9.669482231140137
2003-01-10,BHARTIARTL.NS,28.538603934871894,1.0313253393855355,8.667032241821289
2006-05-22,BHARTIARTL.NS,29.870604176077876,1.0581718432641896,150.7854766845703
2008-03-04,BHARTIARTL.NS,28.861232806898368,1.0666317023478968,320.3251647949219
2008-03-05,BHARTIARTL.NS,26.85918550002083,1.0394113282567476,313.7048645019531
2008-03-07,BHARTIARTL.NS,26.876384170612376,1.0023963625483017,313.7257080078125
2008-10-24,BHARTIARTL.NS,28.515645694926878,1.334853950057569,224.34033203125
2009-03-12,BHARTIARTL.NS,29.537228222788244,1.0405689392343813,229.08114624023438
2009-10-08,BHARTIARTL.NS,28.108772013021472,0.9734991515106014,279.6610412597656
2009-10-15,BHARTIARTL.NS,29.733636511153037,1.018302042095571,272.2497863769531
2009-10-27,BHARTIARTL.NS,27.883435221971325,0.9956017587978477,257.05035400390625
2009-10-30,BHARTIARTL.NS,27.634719350189428,1.0501965037177514,245.24253845214844
2009-11-23,BHARTIARTL.NS,28.948107285393544,1.088283297108906,230.50367736816406
2010-02-16,BHARTIARTL.NS,28.590502928728867,1.03129591490551,227.4470672607422
2010-05-12,BHARTIARTL.NS,27.318656237294338,0.9940669309444828,218.77963256835938
2010-05-13,BHARTIARTL.NS,26.323003313707616,1.0071594546905986,216.39292907714844
2011-12-20,BHARTIARTL.NS,28.87156956602591,1.0614076828373857,272.2473449707031
2012-05-23,BHARTIARTL.NS,24.359713063085486,1.0714284383948496,237.59007263183594
2012-08-08,BHARTIARTL.NS,27.587588328877068,0.9513423256455898,231.06285095214844
2012-08-09,BHARTIARTL.NS,21.721683006700538,1.0255486190936873,216.23977661132812
2012-08-10,BHARTIARTL.NS,21.40148845291226,1.0154348399612192,215.27127075195312
2012-08-13,BHARTIARTL.NS,25.950401510000514,0.9598426517265276,219.0191192626953
2012-08-14,BHARTIARTL.NS,26.720167791616745,0.9584294805020593,219.65077209472656
2012-08-16,BHARTIARTL.NS,26.93912814078765,0.9536538476889849,219.8198699951172
2012-08-17,BHARTIARTL.NS,29.546168206792366,0.9498666258599412,221.764404296875
2012-08-21,BHARTIARTL.NS,27.80411004801484,0.9622896439864013,218.5939483642578
2012-08-22,BHARTIARTL.NS,23.81242361750033,0.9744621434507205,210.22389221191406
2012-08-23,BHARTIARTL.NS,24.226557747427062,0.97530127660216,210.519775390625
2012-08-24,BHARTIARTL.NS,23.80841634367212,0.9993950553508705,209.63206481933594
2012-08-27,BHARTIARTL.NS,25.39328237439271,0.9907688815073101,210.6466064453125
2012-08-28,BHARTIARTL.NS,25.228444913003706,1.0038184205003748,210.35069274902344
2012-08-29,BHARTIARTL.NS,22.32949750672744,1.0641765990892482,204.855224609375
2012-08-30,BHARTIARTL.NS,23.134315402243498,1.038089487372235,205.32020568847656
2012-09-03,BHARTIARTL.NS,29.591632447681693,1.0575245434089167,208.7021026611328
2013-03-20,BHARTIARTL.NS,27.878443965523292,1.0417781757343165,236.77137756347656
2014-01-21,BHARTIARTL.NS,29.67425982623977,1.0036079236962019,258.60980224609375
2014-02-24,BHARTIARTL.NS,27.890492444566355,1.0160892683396954,239.8650360107422
2014-12-09,BHARTIARTL.NS,28.315689631748903,0.9884227873593794,303.1589050292969
2014-12-10,BHARTIARTL.NS,27.985053177266828,0.9681576256058866,302.4311828613281
2014-12-11,BHARTIARTL.NS,24.37894348260537,1.0142731250816497,293.87103271484375
2014-12-12,BHARTIARTL.NS,28.962949970698197,0.9860610670019399,297.8515930175781
2014-12-17,BHARTIARTL.NS,27.522563470837035,1.0323050537781782,292.8010559082031
2015-08-13,BHARTIARTL.NS,28.535044743940286,0.9875259798643441,331.2402038574219
2015-08-21,BHARTIARTL.NS,26.658901450939382,0.9809226334461604,318.1128845214844
2015-08-24,BHARTIARTL.NS,20.456015222871983,1.017226694026782,299.820556640625
2015-08-25,BHARTIARTL.NS,20.502940095371283,0.9915314903461575,299.8636474609375
2015-08-26,BHARTIARTL.NS,18.369746893787706,1.011939899471521,291.9871826171875
2015-08-27,BHARTIARTL.NS,25.735900415305302,0.9984161389681874,298.95977783203125
2015-09-29,BHARTIARTL.NS,28.14541688125301,1.0619866366480204,277.74078369140625
2015-12-09,BHARTIARTL.NS,26.574330886754115,1.0305614651912385,267.58319091796875
2015-12-10,BHARTIARTL.NS,29.270092479547728,1.0311849305228213,269.1326599121094
2015-12-11,BHARTIARTL.NS,27.40405509080813,1.03068981183868,266.4641418457031
2015-12-14,BHARTIARTL.NS,25.485021514442163,1.0481790885698294,263.5373840332031
2016-01-18,BHARTIARTL.NS,29.547553621171808,0.9908410172800836,258.4586181640625
2016-01-28,BHARTIARTL.NS,29.23008407755568,1.0440973636112683,250.84042358398438
2016-01-29,BHARTIARTL.NS,28.411559497200685,1.0596758461424824,249.5491943359375
2016-09-01,BHARTIARTL.NS,22.655436466036125,1.036191086391479,268.6376953125
2017-09-28,BHARTIARTL.NS,28.941051573494285,1.0006543249384836,331.0025939941406
2018-01-24,BHARTIARTL.NS,28.796889900817902,0.9602701433092455,398.1041259765625
2018-01-25,BHARTIARTL.NS,27.080320516930716,0.9390103258411824,392.2127685546875
2018-01-29,BHARTIARTL.NS,24.304048529138562,1.0055737249621477,381.7294616699219
2018-01-30,BHARTIARTL.NS,26.228132241125785,0.9967090456208472,384.2059631347656
2018-01-31,BHARTIARTL.NS,26.03988485013905,0.978174412785253,383.55194091796875
2018-02-01,BHARTIARTL.NS,25.656488960999326,0.9803832535962704,382.2875061035156
2018-02-02,BHARTIARTL.NS,21.825923826909705,1.0003551486234012,368.2918395996094
2018-02-09,BHARTIARTL.NS,28.412553335422235,0.9807101660115537,368.4226379394531
2018-02-12,BHARTIARTL.NS,29.797536876021663,0.9851554792358456,370.0794677734375
2018-02-19,BHARTIARTL.NS,29.985978401904955,1.0212379695018337,361.3158264160156
2018-05-18,BHARTIARTL.NS,29.91821134491812,1.0431713539134426,315.0994873046875
2018-05-21,BHARTIARTL.NS,29.41062750075168,1.0420833736770658,313.9222412109375
2018-05-23,BHARTIARTL.NS,29.04899230483667,1.0532511087605423,311.1318359375
2018-07-17,BHARTIARTL.NS,29.824557216839843,1.041599756436204,298.70574951171875
2018-07-18,BHARTIARTL.NS,27.232433997550377,1.0460212199248708,293.6917419433594
2018-09-28,BHARTIARTL.NS,29.952983148617008,0.8719539529865703,297.1498107910156
2018-10-01,BHARTIARTL.NS,25.927828686291214,0.8844683630172517,286.7927551269531
2018-10-03,BHARTIARTL.NS,23.532372911692825,0.9266762012811788,279.5077209472656
2018-10-04,BHARTIARTL.NS,21.402884142024423,0.9200386314424741,272.2227478027344
2018-10-05,BHARTIARTL.NS,18.846979025817895,0.9713663417755346,262.0851135253906
2018-10-08,BHARTIARTL.NS,18.159519478136694,0.9861108428285722,259.1009521484375
2018-10-09,BHARTIARTL.NS,16.945651906369818,1.0173009739527727,253.65911865234375
2018-10-10,BHARTIARTL.NS,22.43892712284264,0.977634578925348,259.0131530761719
2018-10-11,BHARTIARTL.NS,20.145390401959393,1.0068337418501743,250.4554443359375
2018-10-12,BHARTIARTL.NS,24.169071992402554,0.9851751939170226,254.58065795898438
2018-10-15,BHARTIARTL.NS,25.077347548718308,0.9821369234587685,255.50225830078125
2018-10-16,BHARTIARTL.NS,27.654743519078202,1.0743196369410195,258.04766845703125
2018-10-17,BHARTIARTL.NS,25.839256944182694,1.0244366991583027,253.22021484375
2018-10-19,BHARTIARTL.NS,25.44675431490167,1.0370690673420624,252.1669921875
2018-10-22,BHARTIARTL.NS,24.920181269263992,1.029221156500835,250.80654907226562
2018-10-23,BHARTIARTL.NS,25.08174667415382,1.023434758936282,250.93820190429688
2020-03-12,BHARTIARTL.NS,28.792651861691347,0.9565545367484194,448.16845703125
2020-03-18,BHARTIARTL.NS,27.408218623261853,1.008342085081575,410.1905517578125
2020-09-23,BHARTIARTL.NS,28.469104518777783,0.9703779518236835,419.64434814453125
2020-09-24,BHARTIARTL.NS,26.062797045025444,1.0311233543995373,405.6174621582031
2020-10-15,BHARTIARTL.NS,28.541510921979196,1.0787825855102315,386.1733703613281
2020-10-19,BHARTIARTL.NS,28.991109414082867,1.0914005946576633,384.7223205566406
2024-11-13,BHARTIARTL.NS,29.19429366523924,1.0121578240187648,1550.449951171875
2024-11-14,BHARTIARTL.NS,29.215360907026433,1.0182199290551435,1550.5
2024-11-18,BHARTIARTL.NS,26.891160840879323,1.0261873780091086,1537.0
2024-11-19,BHARTIARTL.NS,25.062098761814077,1.034185528950549,1525.5
2024-11-21,BHARTIARTL.NS,25.006355306486316,1.023112480369623,1525.1500244140625
2000-07-17,IBN,26.07683761611805,0.8349514342895814,1.7343943119049072
2000-07-18,IBN,25.1493623762722,0.838235562556961,1.7175556421279907
2000-07-19,IBN,24.676795604507674,0.8472902703504619,1.7091368436813354
2000-07-20,IBN,21.23833792406119,0.9384612301495012,1.6417814493179321
2000-07-21,IBN,19.417260157300404,1.0052635328505795,1.599684238433838
2000-07-24,IBN,14.572878293545113,1.1162794660481532,1.4481350183486938
2000-07-25,IBN,14.358568190516435,1.1461990202211354,1.4397162199020386
2000-07-26,IBN,15.693754102966908,1.1162794660481532,1.4481350183486938
2000-07-27,IBN,28.837434105178485,1.0382515445386764,1.5407482385635376
2000-09-15,IBN,26.07971461739751,0.8170730759740589,1.3807799816131592
2000-09-18,IBN,15.274571207848117,1.046153955068393,1.0945212841033936
2000-09-19,IBN,19.50009625823753,0.9850749343935743,1.1281981468200684
2000-09-20,IBN,24.564713174259147,0.9280576191781972,1.170295238494873
2000-09-21,IBN,24.236310563490747,0.920289744293479,1.1618763208389282
2000-09-22,IBN,22.916475428608383,0.8805972033847802,1.1281981468200684
2000-09-25,IBN,25.112469723249042,0.7647055945208429,1.1450377702713013
2000-09-26,IBN,23.660703766442758,0.7272728004075187,1.111359715461731
2000-09-27,IBN,22.6052055823006,0.7054263370197321,1.0861014127731323
2000-09-28,IBN,21.90369779466321,0.6141734210352336,1.0692628622055054
2000-09-29,IBN,19.040182463407213,0.6694913866209822,0.9934881329536438
2000-10-02,IBN,15.619467912822978,0.7692308425386571,0.8756167888641357
2000-10-03,IBN,14.064514495157471,0.8749996773689471,0.8082616925239563
2000-10-04,IBN,13.181280684356672,1.0329674373359863,0.7661645412445068
2000-10-05,IBN,11.210144298451365,1.2820512564517115,0.6567128300666809
2000-10-06,IBN,12.296555182967994,1.215190366857994,0.6651317477226257
2000-10-09,IBN,13.437294039698525,1.1750001194656645,0.6735514402389526
2000-10-10,IBN,18.02981309967839,1.1309521210916276,0.7072287201881409
2000-10-11,IBN,28.275024661252385,1.0,0.7914230227470398
2000-10-27,IBN,27.80879829853516,1.162499674787913,0.6735514402389526
2000-10-30,IBN,25.999405117043683,1.1842107567411275,0.6398735046386719
2000-10-31,IBN,27.273425101005007,1.1428572873356764,0.648293137550354
2001-06-15,IBN,26.243259337434427,0.9649119149156019,0.7775832414627075
2001-06-18,IBN,24.391368033412938,0.9642851820605269,0.7639413475990295
2001-06-19,IBN,24.961438264353717,0.9358287416463125,0.7653051018714905
2001-06-21,IBN,28.017830869010062,0.9251335449012823,0.7653051018714905
2001-06-22,IBN,25.70539893907704,0.9145449126123477,0.750299334526062
2001-06-25,IBN,23.78356304053586,0.9129635193100057,0.7366573214530945
2001-06-26,IBN,21.220711712282768,0.9257141668227119,0.7161945104598999
2001-06-27,IBN,21.220711712282768,0.9142858331772882,0.7161945104598999
2001-06-28,IBN,20.210414449845327,0.9113684833858894,0.7080094218254089
2001-06-29,IBN,17.779529071959434,0.9383705035105706,0.68618243932724
2001-07-02,IBN,16.448015360289794,0.9432049112986635,0.6725412607192993
2001-07-03,IBN,15.568963093522878,0.9567910169331529,0.6629914045333862
2001-07-05,IBN,14.837064470964695,1.068749926041091,0.6548064947128296
2001-07-06,IBN,14.009604881613708,1.0930229980276425,0.6452574729919434
2001-07-09,IBN,13.890428484428954,1.0805084784986918,0.6438933610916138
2001-07-10,IBN,13.053315299595223,1.1827952563911024,0.634344220161438
2001-07-11,IBN,13.053315299595225,1.2043009509956748,0.634344220161438
2001-09-04,IBN,28.435206584260197,0.6529285431305907,0.628887414932251
2001-09-05,IBN,25.778322702837535,0.7222220496093831,0.6138814091682434
2001-09-06,IBN,23.421572913055382,0.7403186017884712,0.5988755226135254
2001-09-07,IBN,23.00958500611316,0.7322658293406707,0.5961465835571289
2001-09-10,IBN,21.579181617049848,0.6744192332203963,0.5865974426269531
2001-09-17,IBN,9.66047410839678,0.9468437964324762,0.41061854362487793
2001-09-18,IBN,18.661556689356818,0.8430770935040546,0.4433586895465851
2001-09-19,IBN,18.661556689356818,0.8307690125645903,0.4433586895465851
2001-09-20,IBN,18.222859358889227,0.8437498058579128,0.4365377724170685
2001-09-21,IBN,15.819866921533452,0.9827584440489008,0.39561259746551514
2001-09-24,IBN,15.454086935879847,1.017544042542199,0.38879162073135376
2001-09-25,IBN,14.651478861152189,1.0401461885119965,0.3737855553627014
2001-09-26,IBN,14.359426523270413,1.0777783324766068,0.36832866072654724
2001-09-27,IBN,14.359426523270416,1.1111121000393314,0.36832866072654724
2001-09-28,IBN,21.191384350870276,1.0596487021529422,0.38879162073135376
2001-10-01,IBN,23.385401099089652,1.0344828105738526,0.39561259746551514
2001-10-02,IBN,22.704684418427874,1.073684687393116,0.38879162073135376
2001-10-03,IBN,25.506865257944213,1.103091771177372,0.39697664976119995
2001-10-04,IBN,29.62809359091106,1.2333322167444638,0.40925443172454834
2002-11-12,IBN,28.554963944459395,1.0578509489024568,0.6691858768463135
2002-11-13,IBN,29.228103824299712,1.0802470438983163,0.6719506978988647
2003-04-30,IBN,25.473753049120113,1.0910817468230256,0.7286384105682373
2004-05-14,IBN,28.952313087122487,1.0063240216978213,1.8196130990982056
2004-05-17,IBN,24.713136479129755,1.1227312718973936,1.664263129234314
2006-06-12,IBN,27.942979603141183,1.0441503142810473,3.3322579860687256
2006-06-13,IBN,27.458346737129418,1.0906666852973024,3.310189723968506
2007-02-27,IBN,28.27840553907218,1.0790913411641125,5.461830139160156
2007-08-16,IBN,29.319028976244827,1.0891403134147928,5.743866920471191
2008-03-04,IBN,26.52363289100154,0.9684500674935947,7.085059642791748
2008-03-05,IBN,27.869258241871787,0.9092832353549094,7.142452239990234
2008-03-06,IBN,25.355691496574856,0.9308063334546186,6.853976249694824
2008-03-07,IBN,22.79397362980889,0.9344451899889021,6.520187854766846
2008-03-10,IBN,20.80672767596398,0.8527769082428642,6.227180480957031
2008-03-13,IBN,29.967997197412515,0.8510890593883724,6.379724502563477
2008-03-14,IBN,27.6540879831226,1.0079325749132846,6.0927581787109375
2008-03-17,IBN,22.543492100936007,1.2229808147058192,5.31039571762085
2008-03-19,IBN,29.52275686812675,1.1112051889236738,5.364768028259277
2008-06-02,IBN,27.353319059207493,0.9796553066280853,5.345133304595947
2008-06-03,IBN,26.47554360691548,0.9774027916913016,5.280189037322998
2008-06-04,IBN,26.828418306172402,0.931753057170405,5.289251804351807
2008-06-11,IBN,26.897044456262513,1.112473168529933,4.928276538848877
2008-06-27,IBN,28.965451124171032,0.9389754662644504,4.479701519012451
2008-06-30,IBN,27.243185793080126,1.0076495554280458,4.343771457672119
2008-07-01,IBN,24.88808248061565,1.0376907742383994,4.142894744873047
2008-07-02,IBN,24.783985263422377,1.0686058601908304,4.133831977844238
2008-07-03,IBN,24.34536787223512,0.9985087139283908,4.097582817077637
2008-07-07,IBN,28.437095334046454,0.9609969626970497,4.206329822540283
2008-07-15,IBN,26.64258829488628,1.3877969640360313,3.754744529724121
2008-09-17,IBN,29.717269380144813,1.1925226933928597,3.5779240131378174
2008-10-08,IBN,29.667847392022544,0.8703069715619152,2.703047275543213
2008-10-09,IBN,29.31657961037932,0.9855909395873884,2.667682409286499
2008-10-10,IBN,24.552647883215283,1.1631767084136073,2.1295337677001953
2009-03-02,IBN,28.088676795116136,0.9054544813793468,1.6913264989852905
2009-03-03,IBN,29.078952603572922,1.0404315488640037,1.7113145589828491
2009-03-05,IBN,27.910630412207055,1.1564956490704181,1.5621711015701294
2009-03-06,IBN,29.508410369229704,1.136933003371887,1.5944600105285645
2009-03-09,IBN,28.19450639085222,1.2680724478894017,1.5314191579818726
2009-10-30,IBN,29.515768471239646,1.144355770742485,4.9073286056518555
2011-08-08,IBN,24.492720418351958,1.0902653633707928,6.349116802215576
2011-08-18,IBN,29.966442739450798,0.970286443374833,5.942965030670166
2011-08-19,IBN,29.234529645486774,0.9871583157927541,5.875541687011719
2011-11-17,IBN,29.536979987965296,0.9263864781037475,4.77588415145874
2011-11-21,IBN,26.826618156772387,0.9838197480629449,4.563979625701904
2011-11-22,IBN,26.708089933203176,1.0257223671506432,4.555952548980713
2011-11-23,IBN,24.515211583989682,1.0845481627094866,4.405050277709961
2011-11-25,IBN,25.357763588046677,1.1146592214656312,4.424314498901367
2011-12-12,IBN,29.924638127179893,0.9285444784377399,4.223646640777588
2011-12-13,IBN,29.6418311454695,0.9629910136769582,4.207594394683838
2011-12-14,IBN,27.723032851101188,1.0152761502225938,4.098430633544922
2011-12-15,IBN,28.456469262963246,1.056964561745005,4.114483833312988
2011-12-16,IBN,27.553161742437588,1.0698775672364684,4.066324710845947
2011-12-19,IBN,24.990205842180494,1.0994678530925586,3.9218437671661377
2012-05-16,IBN,29.666993787688874,0.9879015681399371,4.644247055053711
2012-05-17,IBN,27.796426868425677,1.0323826566768006,4.560769081115723
2012-05-18,IBN,29.634065482066006,1.0234183977357871,4.592875003814697
2013-06-20,IBN,25.887156580584403,0.9875528048806012,6.28816032409668
2013-06-21,IBN,27.603516704915222,1.006313968337575,6.329792022705078
2013-06-24,IBN,25.995614131447947,1.0419897123665416,6.226543426513672
2013-06-26,IBN,28.6319136603239,0.9943879493300103,6.231539249420166
2013-06-27,IBN,28.249545839454584,0.988736846049676,6.209890365600586
2013-07-30,IBN,27.335091500972595,0.9447816422755442,5.488816261291504
2013-07-31,IBN,26.77841893967959,0.9414276056970895,5.458841800689697
2013-08-01,IBN,29.19406588129412,0.946460828033863,5.505470275878906
2013-08-02,IBN,25.732961351269395,0.9828124910519473,5.328948974609375
2013-08-05,IBN,25.57890535913784,0.9758998644309681,5.320621967315674
2013-08-06,IBN,23.16009488645375,1.0398202527385527,5.185732841491699
2013-08-07,IBN,22.37251669277671,1.0674012661397843,5.13910436630249
2013-08-08,IBN,26.505833941487417,1.0057527438411993,5.21071195602417
2013-08-09,IBN,28.04122536098927,0.9424483101296622,5.2373576164245605
2013-08-12,IBN,27.015579386721093,0.8608081923072685,5.192394256591797
2013-08-16,IBN,28.896606117267954,0.9338729955153953,4.935938835144043
2013-08-19,IBN,22.266483055443732,1.0063338883349067,4.469655513763428
2013-08-20,IBN,28.395809754514868,0.9154977462105046,4.631189823150635
2013-08-21,IBN,25.778082178506434,0.9853657273465802,4.438015460968018
2013-08-22,IBN,29.860051969970375,0.9582875224444544,4.551255226135254
2013-08-27,IBN,26.328843199847984,1.058523232665628,4.239843845367432
2013-09-03,IBN,28.92505455144756,1.2432327567710626,4.244839668273926
2014-02-03,IBN,29.17231017044064,1.042608124375196,5.159088134765625
2014-10-01,IBN,28.64153612029482,1.0506488091072042,8.080174446105957
2015-06-08,IBN,28.99255796760126,1.0320510850944113,8.03903865814209
2015-06-09,IBN,29.378414949358227,1.0544289071497956,8.047627449035645
2015-08-24,IBN,23.39123405353622,1.024676939232295,7.308996200561523
2015-08-25,IBN,28.494114368392204,0.9804147015935114,7.455004692077637
2015-08-26,IBN,29.092522581281777,0.9839080318937057,7.472182273864746
2015-09-01,IBN,28.90563824235854,0.9858991435063343,7.308996200561523
2015-09-03,IBN,29.66679241544557,0.9741176801012928,7.300407886505127
2015-09-04,IBN,26.23481399397523,1.018181843876577,7.085690021514893
2015-09-11,IBN,29.72708301027393,1.0434781734104743,7.111456394195557
2015-11-10,IBN,28.51850829162078,1.025220549852584,6.81085205078125
2015-11-12,IBN,29.448416788187153,1.0241117465660456,6.767907619476318
2015-11-13,IBN,28.21423194217811,1.034571227760485,6.7077860832214355
2015-12-11,IBN,28.966534536492166,1.0219176957017244,6.2697625160217285
2015-12-14,IBN,27.776171501162082,1.0567868212884584,6.201052188873291
2015-12-15,IBN,29.72007220267754,1.0632738299611566,6.243995666503906
2016-01-12,IBN,28.175107268551624,0.939827797166573,5.994924068450928
2016-01-13,IBN,27.978177411812776,0.9713053462750278,5.986335277557373
2016-01-14,IBN,27.76915477060047,0.9913791556210262,5.977746486663818
2016-01-15,IBN,20.03277951685955,1.0679011425439058,5.565487861633301
2016-01-19,IBN,26.04234086621246,1.0680786811365561,5.677140712738037
2016-01-20,IBN,25.25616466244911,1.0701221571246418,5.6341962814331055
2016-02-02,IBN,26.916302275176523,0.9767443469028815,5.170405864715576
2016-02-03,IBN,26.41625726965723,0.978260683882885,5.136053085327148
2016-02-08,IBN,27.745952970996978,0.9491524737914895,5.067342281341553
2016-02-09,IBN,27.45679252875207,0.9387754446880798,5.050164699554443
2016-02-10,IBN,27.002216474788078,0.9572648688498203,5.0243988037109375
2016-02-11,IBN,22.801287053641683,1.019855568352992,4.758148670196533
2016-02-12,IBN,21.856271591011662,1.0476190621452208,4.689438343048096
2016-02-16,IBN,27.517757871127845,0.9714287158913616,4.809680461883545
2016-02-17,IBN,26.34325823887395,0.9891304391555635,4.740970611572266
2016-02-18,IBN,29.580089018738935,0.9250001313619979,4.809680461883545
2016-02-23,IBN,29.21753973715795,1.1249998596715824,4.672261714935303
2016-02-25,IBN,25.584512603495813,1.277992226264679,4.448955059051514
2017-09-22,IBN,28.745263563342593,0.9782855857839368,8.507144927978516
2017-09-25,IBN,23.712976622009162,1.0,8.332140922546387
2017-09-26,IBN,28.223651491963864,0.9860949885378023,8.390475273132324
2017-09-27,IBN,23.909920895161335,0.9988179355182956,8.225193977355957
2017-09-28,IBN,27.423402451037663,0.9905993904363376,8.273805618286133
2017-10-03,IBN,29.626354490763923,0.9847239086027962,8.273805618286133
2017-10-04,IBN,27.7926882912278,0.9775147755900311,8.215471267700195
2017-10-05,IBN,27.188620654946277,0.9833926701595049,8.196026802062988
2017-10-09,IBN,27.468237761667748,1.0155130704797029,8.147414207458496
2017-10-10,IBN,27.468237761667748,0.9928401393251204,8.147414207458496
2017-10-11,IBN,23.860863911896576,0.9612591775220685,8.030744552612305
2017-10-12,IBN,26.461100257563285,0.9662244180896703,8.05991268157959
2017-10-18,IBN,26.72602787421762,1.1473549299531274,7.7196269035339355
2017-10-20,IBN,28.171690990347447,1.1125159504614939,7.690458297729492
2018-03-07,IBN,29.85313065663376,1.0341033407755036,8.837709426879883
2018-03-22,IBN,27.232934074602717,1.0160733410588978,8.468255996704102
2018-03-23,IBN,24.847264683313668,0.9578945961529945,8.31269645690918
2018-03-26,IBN,29.813296691615164,0.9527105909617666,8.429364204406738
2018-04-02,IBN,26.01102375059105,1.0439561972852809,7.962687015533447
2018-04-03,IBN,28.492029102191747,1.0617433212767458,8.030744552612305
2020-02-28,IBN,28.167655859100698,0.9307858712738448,13.518205642700195
2020-03-04,IBN,28.29878942004874,0.8829160978008274,13.23556137084961
2020-03-05,IBN,22.911958164585037,0.800766268299027,12.71900463104248
2020-03-06,IBN,21.734990408421886,0.8814872782712138,12.582554817199707
2020-03-09,IBN,15.848341237448372,0.8588136747631672,11.666397094726562
2020-03-10,IBN,27.34568179254809,0.7988781678105149,12.163461685180664
2020-03-11,IBN,23.95873177825684,0.7623019919788103,11.685890197753906
2020-03-12,IBN,16.881759909470063,0.7665072613503721,10.18494987487793
2020-03-16,IBN,25.119705104961337,0.6712062975319621,10.019261360168457
2020-03-17,IBN,23.88514739354347,0.7161484533095669,9.717123985290527
2020-03-18,IBN,20.920524132906138,0.8730852088037332,8.908177375793457
2020-03-19,IBN,17.699533994359218,1.1086141164562258,7.806838035583496
2020-03-20,IBN,17.82011409268244,1.074812758101005,7.81658411026001
2020-03-23,IBN,15.143869491282452,1.218840459582273,6.724991321563721
2020-03-24,IBN,17.986226524787373,1.1904761708985097,6.9589033126831055
2020-03-25,IBN,27.18012030246859,0.9674185915410061,7.777597904205322
2020-04-03,IBN,29.007854043316524,1.230981940182713,7.046620845794678
2021-04-12,IBN,28.289423956096808,1.040361896507769,14.005523681640625
2022-03-04,IBN,28.121777733699233,1.0085911778109404,17.067874908447266
2022-03-07,IBN,23.50544003437817,1.1043319401344722,16.02190589904785
2022-03-08,IBN,28.35837254846325,1.0922619541909657,16.422697067260742
2025-01-10,IBN,28.838999428240324,0.9877278970598876,28.520000457763672
2025-01-13,IBN,27.290092712932264,0.9756270349796696,28.309999465942383
2025-01-14,IBN,29.80354425802652,0.9687060028029439,28.440000534057617
2025-01-21,IBN,26.710007612174724,1.0448949939696157,27.6200008392334
2025-01-22,IBN,26.241950287175502,1.0399274196708506,27.549999237060547
2025-01-23,IBN,27.608104316044347,1.0441708644563659,27.6200008392334
2000-03-08,SBIN.NS,29.877348285610474,0.9741451425701333,12.205106735229492
2000-03-09,SBIN.NS,26.565635396644684,1.1162658891240897,11.405034065246582
2000-03-10,SBIN.NS,24.57850776686267,1.1719480589712383,10.863152503967285
2000-03-13,SBIN.NS,23.24568714768194,1.2150896229897097,10.477458000183105
2000-09-22,SBIN.NS,28.278316298123112,0.9694072299006534,11.945099830627441
2000-09-27,SBIN.NS,29.573720404322206,0.9651064218316585,11.78195858001709
2000-09-28,SBIN.NS,27.099173835495627,0.9725832281729353,11.543774604797363
2000-09-29,SBIN.NS,28.07580111974493,0.9664693925957161,11.579666137695312
2000-10-02,SBIN.NS,28.075801119744924,0.9718228058269698,11.579666137695312
2000-10-03,SBIN.NS,24.419749520201048,0.9991284011836833,11.233808517456055
2000-10-04,SBIN.NS,28.398288117849052,0.9647061014020236,11.370843887329102
2000-10-05,SBIN.NS,26.806283508052616,0.9782042424064302,11.22728157043457
2000-10-06,SBIN.NS,26.40773162161707,0.9653061697519886,11.19139289855957
2000-10-09,SBIN.NS,28.388284503883458,0.9637577978628525,11.25338363647461
2000-10-10,SBIN.NS,28.00379795144175,0.9383723750948978,11.224017143249512
2000-10-11,SBIN.NS,24.86128639743314,0.9455680381917548,10.969522476196289
2000-10-12,SBIN.NS,25.324117918113746,0.9468208929717653,10.982574462890625
2000-10-13,SBIN.NS,23.207473628902793,0.9728178929656204,10.803120613098145
2000-10-16,SBIN.NS,24.807206554382617,0.9419375153936704,10.845536231994629
2000-10-17,SBIN.NS,21.28146591050555,0.9649938767240813,10.532307624816895
2000-10-18,SBIN.NS,19.739351006588173,0.9889902623884028,10.372429847717285
2000-10-19,SBIN.NS,20.74901177024508,0.9978036712477014,10.398530960083008
2000-10-20,SBIN.NS,25.06390592303077,0.9844768278554483,10.509469032287598
2000-10-23,SBIN.NS,21.696526302918063,1.0031937831571347,10.21581745147705
2000-10-24,SBIN.NS,21.152438583125424,1.048154038726434,10.163612365722656
2000-10-25,SBIN.NS,24.83175225107799,1.1040077400382429,10.258232116699219
2000-10-26,SBIN.NS,29.245680916634555,1.0849057262781645,10.375692367553711
2000-10-27,SBIN.NS,28.790541702839633,1.10249129129262,10.346328735351562
2000-10-30,SBIN.NS,27.26715635990341,1.1088824934933255,10.248444557189941
2001-04-02,SBIN.NS,29.672672181197317,1.0265670924347396,12.649862289428711
2001-09-05,SBIN.NS,29.851517199041293,0.9297560992939979,12.884966850280762
2001-09-06,SBIN.NS,25.610525351434323,0.9447529892717582,12.634477615356445
2001-09-07,SBIN.NS,25.610525351434315,0.9175259148217004,12.634477615356445
2001-09-10,SBIN.NS,23.977618902402195,0.8328889911747263,12.530945777893066
2001-09-11,SBIN.NS,23.107457008739914,0.8532797619225096,12.474165916442871
2001-09-12,SBIN.NS,17.241481571418817,0.9132980905380601,11.979876518249512
2001-09-13,SBIN.NS,16.83717505361623,0.8603802278087925,11.936460494995117
2001-09-14,SBIN.NS,14.029907105183279,0.8150386291854865,11.592460632324219
2001-09-17,SBIN.NS,8.751360714689724,0.9369598630977765,10.43688678741455
2001-09-18,SBIN.NS,14.927878661200692,0.926890472300227,10.643953323364258
2001-09-19,SBIN.NS,22.986714730178598,0.9294869079390182,10.941198348999023
2001-09-20,SBIN.NS,18.68237690834289,1.0292684444316502,10.26989459991455
2001-09-21,SBIN.NS,14.98422182125079,1.1661368870356135,9.44830322265625
2001-09-24,SBIN.NS,21.701476397954817,1.196038488912485,9.77894401550293
2001-09-25,SBIN.NS,23.412950023093735,1.1855114040873198,9.865778923034668
2001-09-26,SBIN.NS,29.242576072782906,1.1326766947019535,10.169700622558594
2001-12-14,SBIN.NS,27.596054357591328,1.0224240681859096,11.766129493713379
2001-12-17,SBIN.NS,27.59605435759132,1.033210211870448,11.766129493713379
2002-05-23,SBIN.NS,28.63404291005559,1.0052677918453086,14.581583023071289
2004-05-14,SBIN.NS,25.20247930918302,0.9994188551562744,36.122283935546875
2004-05-17,SBIN.NS,18.95789373385485,1.2048019974719921,31.33232879638672
2004-06-14,SBIN.NS,29.254613349935372,0.9463267341646918,30.769023895263672
2004-06-21,SBIN.NS,27.297749605840167,1.0702800514241402,29.117549896240234
2004-06-23,SBIN.NS,28.001499156369864,1.0817446833143798,28.59972381591797
2005-04-29,SBIN.NS,26.679539903479217,1.0551421969455088,42.02011489868164
2005-05-02,SBIN.NS,29.418369150070937,1.0548910705558296,42.34342575073242
2006-06-12,SBIN.NS,29.79129704433848,1.0280123991528423,54.63142776489258
2006-06-14,SBIN.NS,29.766871963182666,1.0167408836443304,54.25448226928711
2007-03-02,SBIN.NS,29.36232179504099,0.9778584622666555,74.9196548461914
2007-03-05,SBIN.NS,25.605753366462707,1.0121032023842595,71.76226043701172
2007-03-07,SBIN.NS,29.079793514422086,0.9829948784510185,71.90019226074219
2007-03-15,SBIN.NS,28.774985739683657,1.116364936225598,68.74654388427734
2007-03-16,SBIN.NS,27.969566087811685,1.123248734330486,68.11283874511719
2008-01-22,SBIN.NS,29.594851871886256,1.1061242198148875,161.04470825195312
2008-03-13,SBIN.NS,27.273267063649797,0.969486087220947,135.43226623535156
2008-03-14,SBIN.NS,28.961828330778793,1.0152670614621488,136.78184509277344
2008-03-17,SBIN.NS,26.015421426740616,1.0473017213142033,130.6688690185547
2008-03-18,SBIN.NS,24.48243362916254,1.033939076749416,127.1751708984375
2008-03-19,SBIN.NS,25.82722745584718,1.0453256488596148,128.17333984375
2008-05-27,SBIN.NS,27.66444663621726,0.9550011978020575,117.74011993408203
2008-06-02,SBIN.NS,27.275144377477538,0.9281284118348946,112.98876190185547
2008-06-03,SBIN.NS,26.86281850828754,0.9214394335402001,112.44195556640625
2008-06-04,SBIN.NS,23.62382632766706,0.9840374524617178,107.83689880371094
2008-06-05,SBIN.NS,27.49096306653741,0.9888896853920068,109.72832489013672
2008-06-06,SBIN.NS,26.29949857869105,1.0,108.15685272216797
2008-06-09,SBIN.NS,23.959180240111465,1.0246794005995807,104.86808013916016
2008-06-10,SBIN.NS,23.1109033477679,1.0847896053119228,103.60845184326172
2008-06-11,SBIN.NS,28.53435907802742,1.0309541953257284,106.11554718017578
2008-06-23,SBIN.NS,27.5540881902515,0.9230257213105241,97.55339050292969
2008-06-24,SBIN.NS,27.950568761557847,0.8496376593849927,97.75184631347656
2008-06-25,SBIN.NS,27.12511558131491,0.9030650354600196,96.72715759277344
2008-06-27,SBIN.NS,27.78216922795837,0.9686962543641334,94.06210327148438
2008-06-30,SBIN.NS,24.88622863300617,1.054111301328514,90.0442886352539
2008-07-01,SBIN.NS,20.819811430193656,1.1778502275581646,83.05364990234375
2008-07-02,SBIN.NS,28.54879323613215,1.1478648530878723,87.35091400146484
2008-10-27,SBIN.NS,28.76500545202529,1.2087389676342186,85.2771987915039
2009-03-04,SBIN.NS,28.86058698720287,0.9959244349753537,77.51700592041016
2009-03-05,SBIN.NS,26.7403854722938,1.0564027080880254,75.68631744384766
2009-03-06,SBIN.NS,28.431455453802123,1.0095100871475262,76.23307800292969
2009-03-09,SBIN.NS,24.32789363585126,1.0726012379668846,72.5230941772461
2009-03-12,SBIN.NS,28.213678112025033,1.0630456020469883,73.81509399414062
2010-01-27,SBIN.NS,23.272557051232177,1.00560940307428,163.69989013671875
2010-01-28,SBIN.NS,26.458985760397102,0.972369961067974,164.9846649169922
2010-02-02,SBIN.NS,29.723851621764208,0.9909084438717217,162.9339599609375
2010-02-04,SBIN.NS,29.31278420942695,0.9895505734572467,160.42613220214844
2010-02-05,SBIN.NS,26.64850553651505,0.9985245915650655,157.10650634765625
2011-05-17,SBIN.NS,29.510730883273588,0.9322820131160163,201.663330078125
2011-05-18,SBIN.NS,27.06423408714354,0.936624722991577,196.74012756347656
2011-05-19,SBIN.NS,25.759283554253663,0.9546308314665014,193.94656372070312
2011-05-20,SBIN.NS,28.90660046326068,0.9630243307287281,196.32826232910156
2011-05-23,SBIN.NS,25.93303292939616,0.9944660123584428,190.3465118408203
2011-05-24,SBIN.NS,24.85612600968832,1.0341342461424112,188.00709533691406
2011-05-25,SBIN.NS,23.19951248772611,1.069445948752396,184.27166748046875
2011-05-26,SBIN.NS,24.470395558523045,1.0666727488412964,185.14736938476562
2011-06-21,SBIN.NS,29.858304184274985,1.0896437570200888,181.7799835205078
2011-06-22,SBIN.NS,29.24545028978577,1.1116796244801064,181.10308837890625
2011-08-18,SBIN.NS,24.355858970838078,0.942912867926899,175.84893798828125
2011-08-19,SBIN.NS,22.16647324098994,0.9265522540924658,172.3884735107422
2011-08-22,SBIN.NS,26.424351975998356,0.9401781107566957,174.45713806152344
2011-08-23,SBIN.NS,26.733214277399735,0.956437620314528,174.60516357421875
2011-08-24,SBIN.NS,22.4444509679112,1.0018593503096107,168.34848022460938
2011-08-25,SBIN.NS,20.974356970451293,1.0238805566335334,165.8102264404297
2011-08-26,SBIN.NS,17.941310921736246,1.0486530967540273,159.7269287109375
2011-08-29,SBIN.NS,26.06803404944565,1.0459866748110986,164.02078247070312
2011-09-12,SBIN.NS,28.52679826634905,1.0287377697743898,157.6582489013672
2011-09-13,SBIN.NS,26.8971615375381,1.0861224819928332,155.07351684570312
2011-09-14,SBIN.NS,26.57074768762969,1.1000957343283042,154.55738830566406
2011-10-05,SBIN.NS,28.551976848638883,1.0983181971743714,145.39012145996094
2012-05-09,SBIN.NS,27.175835993556397,0.9705805397756113,159.32501220703125
2012-05-10,SBIN.NS,25.242906124672125,1.0028212306683126,155.9449462890625
2012-05-11,SBIN.NS,26.711327173686772,1.046908668858219,156.82908630371094
2012-05-14,SBIN.NS,25.98289181827058,1.092267662161492,155.65731811523438
2012-05-15,SBIN.NS,29.0880225466895,1.0421148163417997,157.40443420410156
2012-05-16,SBIN.NS,27.145912916930186,1.0696503176329193,154.63775634765625
2012-07-27,SBIN.NS,25.25627351212627,1.033152911559568,167.21749877929688
2012-08-27,SBIN.NS,29.72746648537935,1.0033615551477684,158.90396118164062
2012-08-28,SBIN.NS,29.701053919072873,1.0167009228274533,158.87815856933594
2012-08-29,SBIN.NS,28.403447968661748,1.0001913565124758,157.6461944580078
2013-02-14,SBIN.NS,27.361177331453558,0.997652995350595,190.88726806640625
2013-02-28,SBIN.NS,25.451667263769647,1.040967922134928,179.26988220214844
2013-03-01,SBIN.NS,26.648043221048674,1.0583669296938094,179.85142517089844
2013-03-04,SBIN.NS,28.807924750674907,1.0501071990845685,180.87228393554688
2013-06-25,SBIN.NS,27.864883882344145,1.0430338821833391,167.57376098632812
2013-06-26,SBIN.NS,27.243446374319557,0.9993154745360551,166.89306640625
2013-06-27,SBIN.NS,29.946277355437374,0.9934381048084746,167.98655700683594
2013-07-30,SBIN.NS,29.518812444861535,0.9524747546737145,151.36801147460938
2013-07-31,SBIN.NS,28.31904511737643,1.0045070906040725,150.05923461914062
2013-08-01,SBIN.NS,26.367159755395082,0.9886822675096654,147.84576416015625
2013-08-02,SBIN.NS,26.166762634514967,0.9552244498877588,147.6173858642578
2013-08-05,SBIN.NS,26.548318104736545,0.9629661106562828,147.7623291015625
2013-08-06,SBIN.NS,23.33361137805909,0.9896431228284484,144.17420959472656
2013-08-12,SBIN.NS,28.86054870596612,0.968044329869129,141.0077362060547
2013-08-16,SBIN.NS,28.004104572355736,0.992678060406057,137.95542907714844
2013-08-19,SBIN.NS,25.415822935172717,1.0174778955426054,134.43319702148438
2013-08-20,SBIN.NS,29.53485661256339,0.9780893288431705,136.50173950195312
2013-08-21,SBIN.NS,29.0903870311286,0.9676030125625186,135.9703369140625
2013-08-27,SBIN.NS,28.179633522251635,0.9708224330468115,133.51089477539062
2013-08-28,SBIN.NS,26.410644437040315,0.9975634009814591,131.5653076171875
2013-08-29,SBIN.NS,25.624661914815285,1.1010553788099664,130.6825714111328
2013-09-03,SBIN.NS,28.248046080306842,1.1452921211239355,129.61537170410156
2014-01-10,SBIN.NS,27.40681799954538,1.008332540257039,141.25367736816406
2014-01-30,SBIN.NS,25.681058356908725,0.9922521811931205,133.21226501464844
2014-01-31,SBIN.NS,27.561443861801543,1.0024609168286036,133.84909057617188
2014-02-03,SBIN.NS,24.317102045818697,1.0173011515503794,130.73089599609375
2015-02-09,SBIN.NS,29.6110879246519,1.0973165822866993,249.12933349609375
2015-03-25,SBIN.NS,28.497959499596448,1.030331688929789,236.5614471435547
2015-03-26,SBIN.NS,24.309965018195783,1.0701345856678033,228.76222229003906
2015-09-07,SBIN.NS,29.980105148147313,1.0639980958149753,199.56300354003906
2016-01-07,SBIN.NS,25.367321243461234,0.9355762547122503,189.1380615234375
2016-01-08,SBIN.NS,24.96881322465162,0.8820293985554366,188.5964813232422
2016-01-11,SBIN.NS,22.074671451480718,0.8859520506871316,184.3994598388672
2016-01-12,SBIN.NS,19.508554917469038,0.9175024616450521,179.97677612304688
2016-01-13,SBIN.NS,22.47942439967728,0.8643602780854124,181.33067321777344
2016-01-14,SBIN.NS,19.919397371718844,0.8956898184903986,176.9530792236328
2016-01-15,SBIN.NS,15.356591287224584,1.0016279024329926,166.34764099121094
2016-01-18,SBIN.NS,14.36159574249368,1.0107734924283776,163.36907958984375
2016-01-19,SBIN.NS,17.7527848708195,1.007925685528691,165.12913513183594
2016-01-20,SBIN.NS,14.752389587364409,1.0668010347177175,156.7350311279297
2016-01-21,SBIN.NS,17.886119099543325,1.0244875077656173,158.4950714111328
2016-01-25,SBIN.NS,29.666889480136767,0.9259360391605802,165.12913513183594
2016-01-29,SBIN.NS,29.37334378147617,0.9349638885088251,162.376220703125
2016-02-01,SBIN.NS,25.586269458903004,0.9965268066408639,155.92269897460938
2016-02-02,SBIN.NS,24.023446701624454,0.9861273862594171,152.89901733398438
2016-02-03,SBIN.NS,22.54073182688493,0.9575430383469984,149.8753204345703
2016-02-04,SBIN.NS,21.19505849811986,0.9471904954497815,146.987060546875
2016-02-05,SBIN.NS,28.8435745192681,0.9203330409540991,151.81590270996094
2016-02-10,SBIN.NS,26.747689451328533,0.9996854933655368,143.51206970214844
2016-02-11,SBIN.NS,24.656874596945165,1.035980558585034,139.22474670410156
2016-02-12,SBIN.NS,25.384201174688886,1.0639533512261095,139.72119140625
2017-09-22,SBIN.NS,28.131393908706396,0.9694481726209287,241.61334228515625
2017-09-25,SBIN.NS,25.569365878867533,0.9712077373477911,238.7529296875
2017-09-26,SBIN.NS,25.171170294226965,0.9804452624873564,238.29156494140625
2017-09-27,SBIN.NS,19.9248939358231,1.004792372884994,231.04823303222656
2017-09-28,SBIN.NS,24.562476610905478,1.0166303136244645,233.03208923339844
2017-09-29,SBIN.NS,27.303976342034176,1.01181790708808,234.2316131591797
2017-10-03,SBIN.NS,25.357328842200893,1.0224830851408115,231.87869262695312
2017-10-04,SBIN.NS,29.39641408905415,0.994273312984087,233.6318359375
2017-10-05,SBIN.NS,28.021308546225203,0.9984101395618652,232.15550231933594
2017-10-18,SBIN.NS,25.68349700274789,1.3148717177739466,224.91217041015625
2017-10-19,SBIN.NS,24.88410857727175,1.2813594478019905,223.98944091796875
2018-03-06,SBIN.NS,28.198527472840677,0.992788970698099,236.72293090820312
2018-03-07,SBIN.NS,23.990316542281438,1.0421649443755736,227.58804321289062
2018-03-22,SBIN.NS,28.589160895007797,1.019043585703324,222.8822021484375
2018-03-23,SBIN.NS,25.205293880158646,1.06686547931712,216.6538543701172
2018-09-24,SBIN.NS,29.798198858105994,1.0359370784278878,243.92015075683594
2019-02-15,SBIN.NS,27.861078861771844,1.030424018377335,242.6283416748047
2019-02-18,SBIN.NS,26.265441908063952,1.039238262237461,239.86019897460938
2019-08-02,SBIN.NS,27.525574870798874,0.9445613497080526,284.6119689941406
2019-08-05,SBIN.NS,24.938943004090902,0.9437137098941732,277.045654296875
2019-08-06,SBIN.NS,25.989325859376766,0.9613472047959608,278.10675048828125
2019-08-07,SBIN.NS,22.58556810772163,1.0034493994154674,267.49554443359375
2019-08-08,SBIN.NS,26.591969413740173,0.9745202218196682,271.60162353515625
2019-08-09,SBIN.NS,25.62900015799957,0.9737430519568607,268.8334655761719
2019-08-13,SBIN.NS,23.21478581078376,0.9790010262333827,261.4517822265625
2019-08-14,SBIN.NS,28.978593088194177,0.926833337157203,267.3571472167969
2019-08-16,SBIN.NS,29.995429156168335,0.9319354753989214,268.4182434082031
2019-08-19,SBIN.NS,28.450525550695758,0.9768172214794382,264.6812744140625
2019-08-20,SBIN.NS,27.273902503190023,1.0070496817728112,261.77471923828125
2019-08-21,SBIN.NS,25.043137159657512,1.027036851992021,255.96156311035156
2019-08-22,SBIN.NS,22.285633401906875,1.022156187184516,247.79551696777344
2019-08-23,SBIN.NS,24.853226969721355,1.0101437555611958,250.1484832763672
2020-03-06,SBIN.NS,28.690817672799984,0.8256932148396996,249.59483337402344
2020-03-09,SBIN.NS,24.106921705210894,0.8488853394613156,233.86253356933594
2020-03-11,SBIN.NS,22.23345174749903,0.8780090112458405,226.1578369140625
2020-03-12,SBIN.NS,16.77045885547055,0.9579020747084201,196.1695556640625
2020-03-16,SBIN.NS,29.01679678086218,0.8130736379270223,206.08876037597656
2020-03-17,SBIN.NS,27.49904647957485,0.8514989082938386,198.52247619628906
2020-03-18,SBIN.NS,27.523943610585413,0.8824349652700106,198.56861877441406
2020-03-19,SBIN.NS,25.357966441181606,0.9464767619844173,187.91122436523438
2020-03-20,SBIN.NS,28.605850222784014,0.9337622160412651,193.632080078125
2020-03-23,SBIN.NS,23.57272964899641,1.02918491923098,167.56533813476562
2020-03-24,SBIN.NS,24.384208890392163,1.0745088039110642,169.0416717529297
2020-03-25,SBIN.NS,27.83941358915598,0.9823591695648172,175.22389221191406
2020-03-26,SBIN.NS,29.318908255292275,0.9105059500777894,177.85360717773438
2020-03-30,SBIN.NS,28.899491296139175,0.9791334463157064,172.45571899414062
2020-04-03,SBIN.NS,29.00524681783142,1.0390313933661293,161.936767578125
2020-05-19,SBIN.NS,29.689045185736774,1.0379580374140975,140.99110412597656
2020-05-21,SBIN.NS,29.627645353652422,1.0615334754225674,140.206787109375
2020-05-22,SBIN.NS,29.081991702438835,1.1272786071151575,139.1918182373047
2020-05-26,SBIN.NS,29.778360100499857,1.1245045920230319,139.6992950439453
2022-03-07,SBIN.NS,27.322986056440218,1.1018623235894693,410.0230407714844
2022-03-08,SBIN.NS,27.322986056440218,1.1034522000634879,410.0230407714844
2022-05-13,SBIN.NS,26.80807973010654,1.039919079471129,414.07391357421875
2023-01-27,SBIN.NS,25.216970083048334,1.0078710682083747,510.6677551269531
2023-01-30,SBIN.NS,24.81061569125064,1.0133779986073779,509.01263427734375
2023-02-01,SBIN.NS,27.940734161583773,1.0424766505050795,498.7510070800781
2023-02-02,SBIN.NS,28.372476666057224,1.0429845054928673,499.4603271484375
2023-02-22,SBIN.NS,29.11235998843435,1.0394112699936897,488.34759521484375
2023-10-23,SBIN.NS,29.78812576960226,1.022786867678933,533.125244140625
2023-10-26,SBIN.NS,28.975686240510466,1.0458866110217027,527.3885498046875
2024-09-11,SBIN.NS,29.36742210701555,1.031420761818094,753.4706420898438
2025-01-09,SBIN.NS,28.924683408632408,1.0076927535880658,745.4810791015625
2025-01-10,SBIN.NS,25.10042842266355,1.0280524630196894,728.61962890625
2025-01-13,SBIN.NS,22.535353824724314,1.0681973726917768,715.1403198242188
2025-02-27,SBIN.NS,29.33923597658562,1.039991384865225,690.0442504882812
2025-02-28,SBIN.NS,24.954511667886404,1.063806566589136,675.241455078125
2025-03-03,SBIN.NS,29.816834501679303,1.0483245437340583,681.6134643554688
2022-06-06,LICI.NS,20.29724111974187,0.8596514793574643,761.1027221679688
2022-06-07,LICI.NS,17.51089888956803,0.8954847203015804,737.26171875
2022-06-08,LICI.NS,16.053752317078928,0.9350993971522721,722.6241455078125
2022-06-09,LICI.NS,14.620824874298174,0.9274627465925255,706.615966796875
2022-06-10,LICI.NS,13.657293545864672,0.9222910299932471,694.86669921875
2022-06-13,LICI.NS,10.968458235842482,0.9897494107618313,654.2830810546875
2022-06-14,LICI.NS,13.640980052405038,0.9865046351401636,660.2066040039062
2022-06-15,LICI.NS,20.383799409757227,0.9687748761751896,675.7254028320312
2022-06-16,LICI.NS,18.35807291782146,0.9937254002777949,655.3599853515625
2022-06-17,LICI.NS,17.059013085578787,1.010847234996028,640.8693237304688
2022-06-20,LICI.NS,19.88480264734391,1.0051405810993328,647.5762939453125
2022-06-21,LICI.NS,21.482902569385462,0.9972186840258619,651.296875
2022-06-22,LICI.NS,22.96358578449487,1.0148070153912365,654.6257934570312
2022-06-23,LICI.NS,22.499913751347282,1.013154958577963,651.2478637695312
2022-06-24,LICI.NS,22.014280239737158,1.0226705567859653,647.8209838867188
2022-06-27,LICI.NS,23.612305163802212,1.041365732498996,650.9052124023438
2022-06-28,LICI.NS,23.374849499120053,1.0592448066561109,649.4854125976562
2022-09-26,LICI.NS,29.857310637089967,0.9842199644428854,618.7434692382812
2022-09-27,LICI.NS,29.1913542122408,1.0007951048919228,617.0262451171875
2022-09-28,LICI.NS,26.516247201765147,1.0119880602823026,609.8139038085938
2022-09-29,LICI.NS,25.85657354003077,1.0079897452403423,607.9494018554688
2022-09-30,LICI.NS,27.988927489897176,0.9963806753497907,610.0101318359375
2022-10-03,LICI.NS,27.562061441297892,0.9982277164382383,608.9796752929688
2022-10-12,LICI.NS,29.314590088038887,0.9860308363029736,604.12255859375
2022-10-13,LICI.NS,27.3966981458912,0.9826683653300591,600.1482543945312
2022-10-14,LICI.NS,28.881358675222113,0.9614881951319726,601.3258056640625
2022-10-17,LICI.NS,26.88330960960891,0.9852977554225197,597.3516235351562
2022-10-18,LICI.NS,26.445489571164337,0.9797647285147976,596.468505859375
2022-10-19,LICI.NS,26.03951349759466,0.9810559323780969,595.6834716796875
2022-10-20,LICI.NS,23.145730954104923,0.9861898843042264,589.7467041015625
2022-10-21,LICI.NS,18.765472462016056,1.0250341534128764,578.1676635742188
2022-10-25,LICI.NS,29.373680153827404,1.0400471446371147,584.3988037109375
2022-10-27,LICI.NS,29.373680153827404,1.0505414740166625,584.3988037109375
2022-10-28,LICI.NS,28.009349269533708,1.059642221599793,581.6022338867188
2023-02-01,LICI.NS,22.24669057591534,1.0197174760383454,587.2445068359375
2023-02-02,LICI.NS,22.571914692443983,1.0234519507335236,587.88232421875
2023-02-03,LICI.NS,22.56409470213144,1.035055539058006,587.833251953125
2023-02-06,LICI.NS,23.052113264138992,1.011335209384361,588.6674194335938
2023-02-07,LICI.NS,24.939783429625674,0.991708825110215,591.7583618164062
2023-02-08,LICI.NS,29.214314245715034,0.9848423075684295,598.823486328125
2023-02-14,LICI.NS,28.976247394213605,0.9984951611458908,586.8519897460938
2023-02-22,LICI.NS,29.66977249646919,1.0096485614933628,584.7913208007812
2023-02-23,LICI.NS,27.953508802958797,1.0172616260661016,579.8359375
2023-02-24,LICI.NS,25.937711148584935,1.0527710936695371,573.65380859375
2023-02-27,LICI.NS,21.476851868059686,1.0773228680642295,557.1193237304688
2023-02-28,LICI.NS,29.705769790627297,1.0424448003702738,567.5699462890625
2023-03-27,LICI.NS,25.358032330321596,1.01075184370233,533.912109375
2023-03-28,LICI.NS,23.429620741356867,1.0256148921706003,526.7488403320312
2023-03-29,LICI.NS,22.196938745988106,1.0328101774480831,521.8914794921875
2023-03-31,LICI.NS,24.361424541195465,1.0302237353542087,524.3447265625
2023-10-26,LICI.NS,27.661927354877484,1.002066107497666,599.4191284179688
2023-10-27,LICI.NS,29.285792056300195,1.0023076529387465,601.053955078125
2023-10-30,LICI.NS,28.270985194893726,1.011916621881327,598.6265258789062
2023-10-31,LICI.NS,27.455524677273395,1.0141966602098578,596.6945190429688
2023-11-01,LICI.NS,26.50550521705507,1.022249923226738,594.4652709960938
2024-10-07,LICI.NS,26.21817374217803,1.030612244897959,931.0
2024-10-23,LICI.NS,29.24868132606359,1.0280389242484227,909.4500122070312
2024-10-25,LICI.NS,28.835707539312356,1.0295467829917755,903.6500244140625
2025-01-09,LICI.NS,28.70177299681604,1.0014826236937455,843.0999755859375
2025-01-10,LICI.NS,27.986437045292494,1.0183442816129393,839.5
2025-01-13,LICI.NS,22.794518026652792,1.0618703097072946,808.9500122070312
2025-02-14,LICI.NS,27.50140320864541,1.0287182841908247,759.0999755859375
2025-02-18,LICI.NS,29.05674640720257,0.9968377042289212,758.9500122070312
2025-02-27,LICI.NS,29.460690615315976,1.034678198696083,741.0999755859375
2025-02-28,LICI.NS,29.335652314591375,1.0305874738879979,740.5
2025-03-03,LICI.NS,27.01044856103402,1.031335676362345,729.2000122070312
2025-03-04,LICI.NS,29.151191484098334,1.0287097482849263,733.2000122070312
2000-04-03,INFY,28.753035452333776,1.5095879752557464,3.21256685256958
2000-07-24,INFY,27.371832255935193,1.0225960495614859,2.602783203125
2000-07-26,INFY,26.403105730143345,0.8653654685177873,2.435102701187134
2000-08-02,INFY,25.9384150641704,1.22446515870463,2.1072537899017334
2000-08-03,INFY,27.021556474871367,1.1623683105747902,2.134782552719116
2000-10-11,INFY,29.190927140964355,1.0425523337604512,2.117264986038208
2001-01-02,INFY,28.2493987584588,1.110157499933402,1.7497130632400513
2001-03-02,INFY,25.1824962488567,0.9143838618594742,1.4618486166000366
2001-03-05,INFY,28.773673174978942,0.8717106069626832,1.5219248533248901
2001-03-08,INFY,29.010889574937842,0.9726029173419773,1.4618486166000366
2001-03-09,INFY,26.028841155011357,1.0636702570013756,1.3366907835006714
2001-03-12,INFY,25.80035537641922,1.018867943177552,1.3266780376434326
2001-03-13,INFY,25.351015490349248,0.9837322138023255,1.307904601097107
2001-03-14,INFY,26.363809073846678,0.9545455324418677,1.3216716051101685
2001-03-20,INFY,28.92572826390984,1.1945520886328633,1.2866278886795044
2001-03-21,INFY,28.139424282291902,1.17658739007876,1.2615957260131836
2001-09-05,INFY,28.709124627275862,0.8894737800745854,0.9522778391838074
2001-09-06,INFY,27.763739661118297,0.8360125674620307,0.9352372884750366
2001-09-07,INFY,28.80331930452661,0.7353193164744396,0.942253589630127
2001-09-17,INFY,26.298007705519854,0.8421661566150079,0.8700812458992004
2001-09-18,INFY,25.123736673347263,0.8520711903763498,0.8470261693000793
2001-09-19,INFY,22.1179193586743,0.9166669461892584,0.7818701267242432
2001-09-20,INFY,18.80744067448889,0.9554398335337196,0.6928572654724121
2001-09-21,INFY,18.432707171364903,0.9944124019684742,0.6816304922103882
2001-09-24,INFY,25.69315403684611,0.9083444943305659,0.7327529788017273
2001-09-25,INFY,25.172699428273994,0.9722219721696125,0.7217265963554382
2001-09-26,INFY,24.92553788379276,0.9594403048316292,0.7167145013809204
2001-09-27,INFY,22.345423082161425,1.1053904026376526,0.6619834303855896
2001-09-28,INFY,24.77222500454129,1.1064770435851752,0.6778218150138855
2001-10-01,INFY,24.144774667977245,1.1219881321236385,0.6655921339988708
2001-10-02,INFY,29.795346511032427,1.0297137895336739,0.701678454875946
2001-10-03,INFY,28.8939269739547,1.2125365299544544,0.6876447796821594
2002-06-26,INFY,27.755455443421173,1.0748156948343608,0.9547067284584045
2003-03-07,INFY,29.56374612706868,1.0377725583898632,1.136706829071045
2003-03-10,INFY,28.389664564933604,1.0758742180048133,1.1238059997558594
2003-04-10,INFY,19.166091295855477,1.0832294446164292,0.8113576173782349
2003-04-11,INFY,19.6766505669013,1.0825507213331242,0.8155909180641174
2003-04-14,INFY,21.58158143278601,1.0781364667889504,0.8307092189788818
2003-04-15,INFY,22.400800466394436,1.0606933625185089,0.8369584083557129
2003-04-16,INFY,23.565748224837268,1.0181212218078468,0.8454243540763855
2003-04-17,INFY,28.15665270655778,0.9587158402275224,0.8788864612579346
2003-04-21,INFY,28.712281821844332,0.9634700529909205,0.8829185366630554
2003-04-24,INFY,28.27013527105755,0.975410320800039,0.8607444763183594
2003-04-25,INFY,27.124746423799728,1.0071766591527958,0.8426023721694946
2003-04-28,INFY,28.51108113792519,1.0405216580949845,0.8506655693054199
2003-04-29,INFY,28.079638230488523,1.0305489451136747,0.8446182012557983
2003-04-30,INFY,26.910187504929684,1.0262773110319827,0.8284918069839478
2003-05-01,INFY,29.0965813976443,0.9990393871160592,0.8395790457725525
2004-03-09,INFY,28.73420230291126,1.0490315259739456,1.5382041931152344
2004-03-10,INFY,27.740089357185205,1.0758989241987862,1.5225927829742432
2005-01-24,INFY,28.51508801330243,1.0913897199488798,2.497412919998169
2005-04-08,INFY,29.940912878258093,0.8857311241316814,2.817276954650879
2005-04-11,INFY,26.129214822260284,0.9212352906070246,2.740508556365967
2005-04-14,INFY,23.490545458325425,1.0146220356255207,2.540337085723877
2005-04-15,INFY,22.18060266241217,1.0641741421192068,2.495349884033203
2005-04-18,INFY,25.11011161721711,1.0070294507696218,2.524653196334839
2005-04-19,INFY,23.75376067460852,0.9679241232666658,2.4833803176879883
2005-04-20,INFY,22.86268910751045,0.9512607053915281,2.4557273387908936
2005-04-27,INFY,28.17656690556977,1.0521197638427813,2.3360369205474854
2007-03-05,INFY,28.759779017703973,1.0553933347432676,4.326681613922119
2007-05-24,INFY,29.83035516726214,1.0253295528692807,4.083646774291992
2007-11-12,INFY,26.670134032728033,1.0264668894969604,3.389049530029297
2008-03-07,INFY,29.98188025898584,0.9451403338637241,3.0387210845947266
2008-03-10,INFY,27.04347451241253,0.9485632101549353,2.9447922706604004
2008-03-17,INFY,28.041877334216892,1.1329902424368643,2.7933216094970703
2008-07-14,INFY,28.465059890989448,1.008882794935051,3.1923274993896484
2008-07-15,INFY,28.207537576169567,1.0599675358936878,3.1811561584472656
2008-09-15,INFY,28.487856354612163,1.0614943325560093,2.990389585494995
2008-09-29,INFY,28.965663529665648,0.9478706300822711,2.5220673084259033
2008-10-08,INFY,28.56360074258113,0.9881223029881459,2.192952871322632
2008-10-09,INFY,27.831330433924105,1.0666343894081207,2.1499874591827393
2008-10-10,INFY,26.224024630759107,1.0934079106650179,2.0546035766601562
2011-08-08,INFY,24.37973545420974,1.0151711658175624,4.801667213439941
2011-08-10,INFY,27.79353156653974,1.0295186304877286,4.722522258758545
2011-08-18,INFY,25.681546051957042,0.9954052835971957,4.306120872497559
2011-08-19,INFY,25.27721905212222,1.0178725549411531,4.277340888977051
2011-08-22,INFY,27.35566436172932,1.0673597158051005,4.325906753540039
2012-04-13,INFY,22.57727718615289,0.9491350890187977,4.444469451904297
2012-04-16,INFY,20.106921787998658,0.9614652704307651,4.294361114501953
2012-04-17,INFY,20.389450507069743,0.962137269645781,4.298882007598877
2012-04-18,INFY,19.31536447300549,0.9852596133005714,4.232870101928711
2012-04-19,INFY,21.273204217392315,0.9944831185082267,4.261807441711426
2012-04-20,INFY,20.47080163030363,1.0087888834505343,4.218401908874512
2012-04-23,INFY,18.888362021529005,1.0359178956833597,4.128879070281982
2012-04-24,INFY,19.43046793677481,1.0356359034136375,4.136114597320557
2012-04-25,INFY,22.093400160881327,1.0323068898421495,4.170475959777832
2012-04-26,INFY,27.20723821497129,0.9967997434844488,4.238295555114746
2012-04-27,INFY,28.487916659220375,0.9704630527917788,4.255476951599121
2012-05-03,INFY,29.407638186996053,0.9516267950954327,4.224731922149658
2012-05-04,INFY,26.248254757394285,0.9575216813537529,4.1297831535339355
2012-05-07,INFY,24.073179594148,0.9654404169079873,4.055634498596191
2012-05-08,INFY,25.452379474116743,0.9793427131063822,4.071006774902344
2012-05-09,INFY,23.808515347352962,0.9772628175031622,4.016749858856201
2012-05-10,INFY,24.160287291895603,0.9554655301427784,4.0203680992126465
2012-05-11,INFY,22.150953774007007,0.9803338704401814,3.9543569087982178
2012-05-14,INFY,21.040894869551003,0.9921476304180693,3.915473461151123
2012-05-15,INFY,28.163577565277436,0.9872112212207926,3.986910820007324
2012-05-16,INFY,25.99027669658398,0.9914565396407256,3.9254202842712402
2012-05-17,INFY,23.33781076171405,1.0313144932088696,3.841323137283325
2012-05-18,INFY,26.71551312479576,1.0048921261701627,3.8765900135040283
2012-05-21,INFY,27.50918802669915,1.0261680429323454,3.884727716445923
2013-04-12,INFY,25.681502410769337,0.9684458320026182,3.979719400405884
2013-04-15,INFY,23.906486222349255,0.9904100100638715,3.8513715267181396
2013-04-16,INFY,27.957227681858516,0.9628156868418895,3.9483256340026855
2013-04-17,INFY,26.689454421900365,0.9739795303551292,3.8679921627044678
2013-04-18,INFY,25.79185046727931,0.9900657656661129,3.8107433319091797
2013-04-19,INFY,27.774903454155115,0.9607089096088038,3.854142665863037
2013-04-22,INFY,27.062372648210065,0.9878963614266674,3.814436912536621
2013-04-23,INFY,26.821127289539675,1.0138452379877236,3.8015098571777344
2013-04-24,INFY,26.157459221886057,1.0181375171337763,3.7673451900482178
2013-04-25,INFY,26.475240705398768,1.0418498173069797,3.7728865146636963
2013-04-26,INFY,25.00746569998299,1.0820448403790064,3.702709197998047
2013-04-29,INFY,28.9692186828246,1.0585639100089634,3.768268346786499
2015-04-24,INFY,25.372585794721104,0.9805093062708828,6.105500221252441
2015-04-27,INFY,23.60005296777085,1.0073459277352095,6.009531497955322
2015-04-28,INFY,23.494014603368807,0.9980816986842882,6.003774166107178
2015-04-29,INFY,23.011470335952218,0.9829852082808617,5.978823661804199
2015-04-30,INFY,22.36451530292001,0.9948353136750636,5.946192741394043
2015-05-01,INFY,25.1633694775887,1.0009617192104885,5.986499786376953
2015-05-04,INFY,29.71147637947426,0.9923905206899999,6.053677082061768
2015-05-05,INFY,28.033938709542795,0.9827034583693346,5.992257118225098
2015-05-06,INFY,25.164954662815088,1.0042456237086377,5.8770952224731445
2015-05-07,INFY,27.816772803487073,0.996106295300873,5.915482521057129
2015-11-17,INFY,25.084403896414436,1.0080695854707398,6.331800937652588
2015-11-18,INFY,25.084403896414432,1.0037242213103057,6.331800937652588
2015-11-19,INFY,29.387829968780554,1.0110496558642716,6.402547359466553
2015-11-20,INFY,28.60144376146769,1.0289945329654415,6.3711042404174805
2015-11-23,INFY,29.36479651897555,1.0197043113191542,6.3828959465026855
2015-11-24,INFY,29.36479651897555,1.001231519457447,6.3828959465026855
2015-11-25,INFY,28.539096636264993,0.9975262979957836,6.355381965637207
2016-08-04,INFY,29.343743794703176,1.0211312604743543,6.3930277824401855
2016-11-14,INFY,27.071681157226614,0.9957328707484556,5.644990921020508
2016-11-15,INFY,26.438250287712727,1.0042854156741226,5.620903015136719
2016-11-16,INFY,29.686708203770028,1.0014173637539205,5.665067195892334
2016-11-17,INFY,29.558914234702694,1.030496407244994,5.661052227020264
2016-11-18,INFY,26.936570145703385,1.0482362569001191,5.5767388343811035
2017-02-01,INFY,29.610126397089783,1.038263534647071,5.456290245056152
2017-04-13,INFY,29.995749388052754,1.0,5.813619136810303
2017-04-18,INFY,29.971892189620984,1.0083216887234767,5.7895307540893555
2017-04-19,INFY,28.770635088713036,1.0111575417430523,5.757410526275635
2017-08-22,INFY,29.992002503640403,1.0708276238784213,5.812094688415527
2019-10-21,INFY,17.122999976528934,0.9981472368760652,8.110613822937012
2019-10-22,INFY,16.033319999853177,1.0332962427622787,7.963019371032715
2019-10-23,INFY,17.054410265860078,1.03097361479478,7.98953104019165
2019-10-24,INFY,16.272953055117465,1.0739080098790519,7.892315864562988
2019-10-25,INFY,25.318699592681448,1.0347828055381316,8.130939483642578
2019-10-28,INFY,24.889665670452274,1.065502369111061,8.095586776733398
2019-10-29,INFY,29.70043090335303,1.0440386705886948,8.228157997131348
2020-02-28,INFY,28.57004132422797,0.9712016419771449,8.899845123291016
2020-03-09,INFY,24.910689740590655,0.8116739012266864,8.024885177612305
2020-03-10,INFY,27.598675478659874,0.8563657146480302,8.122100830078125
2020-03-11,INFY,25.052445459415345,0.8258428914356146,7.865799903869629
2020-03-12,INFY,19.40221036154083,0.8857143335875725,7.114572525024414
2020-03-13,INFY,26.34741510387606,0.8281622396935562,7.40622615814209
2020-03-16,INFY,20.519423551169766,0.9660786671262083,6.513589859008789
2020-03-17,INFY,28.903618740384506,0.98348161549991,6.955488681793213
2020-03-18,INFY,25.849602824042638,1.114285401787179,6.495914936065674
2020-03-19,INFY,24.662306608689637,1.2762973188593494,6.301478862762451
2020-03-20,INFY,23.651921070952053,1.2262248133231117,6.133556842803955
2020-03-23,INFY,26.71508218326824,1.192415741512052,6.292640209197998
2022-04-13,INFY,26.825359120477106,0.9759320394141918,19.56525421142578
2022-04-14,INFY,23.714031679009974,0.990224892000489,18.891225814819336
2022-04-18,INFY,24.997364735413726,0.9927042017705076,18.983558654785156
2022-04-19,INFY,24.379035040703684,0.9853084648783824,18.854293823242188
2022-04-20,INFY,26.477467971119406,0.9781234468666588,18.9927921295166
2022-04-21,INFY,28.054165716648637,0.9912958249787258,19.094358444213867
2022-04-22,INFY,25.78082963684107,0.980750285543107,18.706562042236328
2022-04-25,INFY,28.02405572581278,0.9872611368268659,18.84505844116211
2022-04-26,INFY,26.364925443634707,1.004970095544563,18.577295303344727
2022-04-27,INFY,26.364925443634707,1.024353858317985,18.577295303344727
2022-04-29,INFY,28.275895912302758,0.9989932249570426,18.346466064453125
2022-05-11,INFY,29.595040662956258,0.9675426637505787,17.921733856201172
2022-05-16,INFY,27.131669753293657,0.997360019981175,17.487773895263672
2022-05-25,INFY,29.224234444653906,1.087543976683333,16.74911117553711
2022-09-06,INFY,29.067257792379607,1.0322579472298032,16.78691864013672
2022-09-20,INFY,29.188035917794437,0.9864863826769122,15.890623092651367
2022-09-21,INFY,29.188035917794437,1.0052878537143768,15.890623092651367
2022-09-22,INFY,26.46803598233521,1.0131894316264296,15.573182106018066
2022-09-23,INFY,25.932239074633085,1.021673516536606,15.507827758789062
2022-09-26,INFY,27.732734351615452,1.0215697537996067,15.582517623901367
2023-03-13,INFY,27.07779842890104,0.9803127649027779,16.299415588378906
2023-03-14,INFY,28.9190430883629,0.9746104441162141,16.35604476928711
2023-03-15,INFY,24.481231107148478,0.980507855169935,15.978525161743164
2023-03-17,INFY,28.385222531249592,0.9946713485779425,15.94077205657959
2023-03-20,INFY,29.47455538995285,1.0053161208874073,15.978525161743164
2023-03-21,INFY,28.99951194532242,0.992895231147433,15.94077205657959
2023-03-22,INFY,25.75825495231931,1.0216867877643647,15.667069435119629
2023-04-13,INFY,24.219204623216537,0.9642857775568173,14.534510612487793
2023-04-14,INFY,22.830540131394635,0.9795783986732716,14.326875686645508
2023-04-17,INFY,23.046518262083396,0.9756418568197333,14.336313247680664
2023-04-18,INFY,21.552378823746743,0.9886364127594985,14.119239807128906
2023-04-19,INFY,20.673774521215453,1.002024334974597,13.987107276916504
2023-04-20,INFY,21.413096313960086,1.0309764371623071,14.015421867370605
2023-04-21,INFY,21.93544047204009,1.04505713090516,14.034297943115234
2023-04-24,INFY,21.549803243031892,1.045209147757703,13.987107276916504
2023-04-25,INFY,21.307767147085595,1.0507098620967603,13.958794593811035
2023-04-26,INFY,23.166499077462248,1.035690297548998,14.015421867370605
2024-03-21,INFY,28.400779199825156,0.9846237922214478,17.646209716796875
2024-03-22,INFY,24.154397735594653,0.9920993021131657,17.1713809967041
2024-03-25,INFY,23.460558900001853,0.9971639017602275,17.08416748046875
2024-03-26,INFY,26.492446058033774,0.998309933810084,17.200450897216797
2024-03-27,INFY,27.52309833008496,0.9977514609197535,17.239213943481445
2024-04-01,INFY,27.45127193809535,1.0159272320220485,17.035715103149414
2024-04-02,INFY,27.45127193809535,1.0346985166522404,17.035715103149414
2024-04-15,INFY,29.83721812498368,1.0017370395038867,16.735313415527344
2024-04-16,INFY,27.40697003519549,1.0064517127047843,16.522123336791992
2024-04-17,INFY,26.35614967724732,1.005309731841414,16.425220489501953
2024-04-18,INFY,22.30393747400099,1.0302848080251779,15.998842239379883
2024-11-01,INFY,29.006900287817537,1.0476878497207747,20.760000228881836
2024-11-04,INFY,28.606180737245328,1.0637066431426994,20.719999313354492
2024-11-05,INFY,28.5001793632137,1.0632545355481542,20.709999084472656
2025-02-27,INFY,27.66381827946972,0.9634146341463414,20.5
2025-02-28,INFY,23.571209292143198,0.9880597131063031,20.100000381469727
2025-03-03,INFY,21.28245362370639,0.9803328597504326,19.829999923706055
2025-03-04,INFY,20.337273117319945,0.9624556161597628,19.709999084472656
2025-03-06,INFY,26.94337062531745,0.9260759957229034,19.75
2025-03-07,INFY,29.750268083543506,0.9264853501031467,19.860000610351562
2025-03-10,INFY,25.691491134402384,0.955246871639267,19.440000534057617
2025-03-11,INFY,22.063881705530832,0.9725883727339425,18.969999313354492
2025-03-12,INFY,19.151682582835086,1.0037837672877956,18.5
2025-03-13,INFY,18.007990139121983,0.9874247436811389,18.290000915527344
2025-03-14,INFY,20.680010785084512,0.9956521779693143,18.399999618530273
2025-03-17,INFY,24.76092940727392,1.0010770305919416,18.56999969482422
2025-03-18,INFY,23.82897720820848,1.0205961596234676,18.450000762939453
2025-03-19,INFY,26.796166174114017,1.0048465349524467,18.56999969482422
2025-03-20,INFY,22.74152301814399,1.0337763360127392,18.059999465942383
2025-03-21,INFY,28.667443353174715,0.991812247760427,18.31999969482422
2025-04-03,INFY,27.015703640362254,0.9786743036830956,17.350000381469727
2025-04-04,INFY,22.221057706572335,1.018094043331786,16.579999923706055
2025-04-07,INFY,25.899683999445983,1.013706765960944,16.780000686645508
2025-04-08,INFY,23.72458728708666,1.0371498542945952,16.420000076293945
2000-04-24,ITC.NS,26.717398152084826,1.0720403546486712,6.562508583068848
2000-04-25,ITC.NS,25.357389827799604,1.0279397661793457,6.348062992095947
2001-02-07,ITC.NS,27.479381881609978,1.023018092783001,9.847689628601074
2001-05-16,ITC.NS,29.94123568545778,1.00662136039562,9.61976146697998
2001-05-17,ITC.NS,29.80990485246251,1.0,9.612894058227539
2001-09-10,ITC.NS,29.956312345843823,0.9496300048434014,8.291533470153809
2001-09-17,ITC.NS,27.046855570868484,0.9839267155024889,7.873888969421387
2001-09-21,ITC.NS,28.859499231772723,0.9572361868628462,7.665064811706543
2001-09-25,ITC.NS,27.918991042578728,1.0083789235784846,7.476492404937744
2001-09-26,ITC.NS,27.12346137261827,1.041431397545571,7.40751838684082
2001-09-28,ITC.NS,28.954665543155333,1.0411386313438813,7.337277412414551
2002-04-08,ITC.NS,25.140517146889803,0.9941332704210898,8.197880744934082
2002-04-09,ITC.NS,20.938156344681172,1.0166854911166143,7.9264092445373535
2002-04-10,ITC.NS,20.92062681647273,1.019482335839415,7.925145626068115
2002-04-11,ITC.NS,24.85618947734763,1.014003314142719,7.99854850769043
2002-04-25,ITC.NS,28.0763434722657,1.022598984329679,7.756189346313477
2002-04-29,ITC.NS,28.764056540418963,1.0367779787450315,7.691009998321533
2002-05-23,ITC.NS,25.458300915693492,1.0467826902591808,7.344867706298828
2002-10-30,ITC.NS,27.995417382695052,1.0241574412776724,7.906031608581543
2002-10-31,ITC.NS,29.492729159478138,1.0119679954177745,7.925388813018799
2004-05-10,ITC.NS,24.2002991442805,0.827705275419612,13.158158302307129
2004-05-11,ITC.NS,16.093871545786154,0.9691863863971545,12.305041313171387
2004-05-12,ITC.NS,15.96499484174041,0.9633519326187501,12.285950660705566
2004-05-13,ITC.NS,24.597384491778072,0.9321224422650829,12.539385795593262
2004-05-14,ITC.NS,20.405212993445186,0.9788369379502478,12.068723678588867
2004-05-17,ITC.NS,13.983443843521753,1.1110308628927081,10.891077041625977
2006-06-06,ITC.NS,29.528628346088894,0.9587022793451934,31.274023056030273
2006-06-07,ITC.NS,29.205734933036627,0.9706848817699257,31.120269775390625
2006-06-08,ITC.NS,27.419045851248917,1.0538434108739128,30.26948356628418
2007-03-12,ITC.NS,26.43302191728071,0.9555853231670993,30.932382583618164
2007-03-13,ITC.NS,27.08567931820963,0.9456190530384004,31.005239486694336
2007-03-14,ITC.NS,23.24661744079817,1.0118959368106344,29.745882034301758
2007-03-16,ITC.NS,29.30322851599599,0.993795342577696,30.19341278076172
2007-03-19,ITC.NS,27.229984463651775,1.001760448979663,29.558530807495117
2007-03-20,ITC.NS,26.469533929611284,1.017749203144797,29.31914520263672
2008-07-03,ITC.NS,26.860857832178475,1.0581807094954387,35.95882034301758
2008-07-04,ITC.NS,29.10342560939166,1.0195679349604958,36.36236572265625
2008-10-08,ITC.NS,29.737455324471146,0.9752714101885948,36.000732421875
2008-10-10,ITC.NS,28.399396581627723,0.972757786873477,35.4687614440918
2009-03-09,ITC.NS,24.931856740149986,1.071045067628236,34.38309097290039
2010-02-26,ITC.NS,29.838193073053056,1.081808266772611,51.331077575683594
2011-02-02,ITC.NS,29.6137405573613,0.9679244038938098,71.39220428466797
2011-02-04,ITC.NS,24.197017325824145,1.0137255043503708,68.69815826416016
2013-08-21,ITC.NS,28.672847576119942,0.9911917571901449,140.93722534179688
2014-06-23,ITC.NS,29.932410233363417,1.032068778581687,150.21986389160156
2015-03-27,ITC.NS,27.86360557375846,1.0727556523886643,151.43617248535156
2017-09-27,ITC.NS,28.83121979011288,1.0261123892367874,195.02056884765625
2018-10-05,ITC.NS,29.204649678393217,0.995298623774914,212.58358764648438
2018-10-08,ITC.NS,27.50613759327451,1.0340410004470562,210.04647827148438
2018-10-09,ITC.NS,25.253370649109304,1.0527001384011636,206.43292236328125
2018-10-10,ITC.NS,27.432271965613168,1.0605330562896678,207.66307067871094
2018-10-11,ITC.NS,25.026250246598586,1.0914404348942448,203.89576721191406
2019-08-07,ITC.NS,26.990010391994403,0.9974375421532645,198.75160217285156
2019-08-13,ITC.NS,25.97348523104654,0.9803085084934713,192.99240112304688
2019-08-21,ITC.NS,28.168299714066535,1.0186375509491048,189.1920928955078
2019-08-22,ITC.NS,27.277269969397633,1.004790458800083,188.0951385498047
2019-08-23,ITC.NS,24.88534688292189,1.0404488161738519,185.00003051757812
2020-02-03,ITC.NS,22.307343244439732,1.01420975258887,162.66839599609375
2020-02-14,ITC.NS,29.75902419545708,0.9773709769906951,162.74676513671875
2020-02-17,ITC.NS,27.808566922195222,0.9853516024284839,160.47439575195312
2020-02-18,ITC.NS,27.18011469465238,0.9742457680339425,159.73001098632812
2020-02-24,ITC.NS,29.81479604254179,0.9620690501990711,159.06396484375
2020-02-25,ITC.NS,28.90935666496403,0.9606045473253114,158.1237030029297
2020-02-26,ITC.NS,26.590291958433365,0.9441086696444339,155.6162872314453
2020-02-27,ITC.NS,25.857321850511433,0.9519109228019895,154.7935333251953
2020-02-28,ITC.NS,25.85732185051143,0.9200202985859697,154.7935333251953
2020-03-02,ITC.NS,24.19954538372231,0.9073221399364723,153.030517578125
2020-03-03,ITC.NS,23.16864964481896,0.9061128641903178,151.89434814453125
2020-03-04,ITC.NS,19.292589302686313,0.8309333483443827,146.91868591308594
2020-03-05,ITC.NS,20.53269402721409,0.8628025060716867,147.3496551513672
2020-03-06,ITC.NS,17.261047724822305,0.8101788552275422,142.41319274902344
2020-03-09,ITC.NS,15.357765674179467,0.8417041035366509,138.8479766845703
2020-03-11,ITC.NS,14.760651840588142,0.8579561580426663,137.6334228515625
2020-03-12,ITC.NS,9.608499191151937,1.0388320966986146,122.07963562011719
2020-03-13,ITC.NS,19.44742660179437,1.0816641624152001,127.13365173339844
2020-03-16,ITC.NS,15.281578451627741,1.0478775923573382,115.38015747070312
2020-03-17,ITC.NS,17.68678062013743,1.0036876947106594,116.86891174316406
2020-03-18,ITC.NS,19.68993290650081,0.9777704739539173,118.08344268798828
2020-09-17,ITC.NS,27.697268811276093,0.9325305415370607,147.14073181152344
2020-09-18,ITC.NS,29.23954376330696,0.9533778193220256,147.5526580810547
2020-09-21,ITC.NS,25.339504114735252,0.9860595316580982,144.792724609375
2020-09-22,ITC.NS,23.76034568529063,0.9724455413974477,143.51573181152344
2020-09-23,ITC.NS,22.131304426948635,0.9953624031798455,142.11517333984375
2020-09-24,ITC.NS,17.586536608036994,1.0258181180876398,137.21322631835938
2020-09-25,ITC.NS,28.7146797468095,0.9912151565856117,140.67343139648438
2024-02-08,ITC.NS,26.524253929731923,0.9743095509184156,393.74114990234375
2024-02-09,ITC.NS,27.6617865915264,0.9737665888190681,394.6434631347656
2024-02-12,ITC.NS,24.01595642713161,1.005899010792688,386.42767333984375
2024-02-13,ITC.NS,23.97661690055692,0.9984019716652118,386.33270263671875
2024-02-14,ITC.NS,29.911920410953428,0.9800753251236792,390.8917541503906
2024-02-15,ITC.NS,26.377383611916187,1.0261203697597474,383.6257629394531
2024-02-16,ITC.NS,27.224784839132806,1.0168066779776905,384.2906188964844
2024-02-21,ITC.NS,29.57652544060923,1.0122722443589776,383.1033630371094
2024-10-24,ITC.NS,28.09024671501692,1.0362518648113035,455.96893310546875
2024-11-14,ITC.NS,29.614257692280987,1.0232857002120326,450.41070556640625
2024-11-21,ITC.NS,25.422489402242114,1.0388275366366315,441.9041748046875
2025-01-07,ITC.NS,29.971005517622167,0.9897982590664467,426.3894348144531
2025-01-16,ITC.NS,29.974840197392705,1.0169805002826644,418.4145812988281
2025-02-18,ITC.NS,29.62064696085201,0.9990129602082616,397.9183349609375
2025-02-20,ITC.NS,28.697581503921988,0.9824648634391379,394.7762145996094
2025-02-21,ITC.NS,28.09933711845329,0.9913944658607918,393.6470031738281
2025-02-24,ITC.NS,29.47610635443138,0.9824583192234039,394.6289367675781
2025-02-28,ITC.NS,27.54727763297728,1.0225316448126678,387.853759765625
2025-03-04,ITC.NS,29.360113317301145,1.0287450786603598,387.70648193359375
2000-09-25,HINDUNILVR.NS,25.611142322454473,0.983726375070846,122.2414321899414
2000-09-26,HINDUNILVR.NS,25.12980214068155,1.003792432158756,121.63594818115234
2000-09-27,HINDUNILVR.NS,28.308050766564975,1.0037515288303653,122.962158203125
2000-09-28,HINDUNILVR.NS,22.54884875592609,1.0723554761961511,115.55269622802734
2000-10-10,HINDUNILVR.NS,25.75666080276655,0.9009405467183714,110.30558776855469
2000-10-11,HINDUNILVR.NS,25.113277036706034,0.9072218418169596,109.38300323486328
2000-10-12,HINDUNILVR.NS,28.480192217659233,0.9212984363036921,110.9975357055664
2000-10-13,HINDUNILVR.NS,25.210574204994145,0.9443248884927875,106.67290496826172
2000-10-16,HINDUNILVR.NS,21.01826141549765,0.9855409802067673,99.69593048095703
2000-10-17,HINDUNILVR.NS,20.84854093448757,0.979402607522393,99.37877655029297
2000-10-18,HINDUNILVR.NS,20.76647557671567,1.009006307736734,99.23464965820312
2000-10-19,HINDUNILVR.NS,27.244351346936458,0.9813927771700668,102.26185607910156
2000-10-20,HINDUNILVR.NS,26.085105113830863,0.9673719425562721,100.73387908935547
2000-10-23,HINDUNILVR.NS,24.279731725428906,1.0184859863069988,98.25442504882812
2000-10-24,HINDUNILVR.NS,23.62452857288413,1.053909949913298,97.33183288574219
2000-10-25,HINDUNILVR.NS,29.807811223020693,1.0443424076815442,100.12838745117188
2000-10-27,HINDUNILVR.NS,27.627233487829628,1.0908286416458994,97.44712829589844
2001-06-01,HINDUNILVR.NS,26.174838281933198,0.965053570456798,112.43754577636719
2001-06-04,HINDUNILVR.NS,21.456866255497054,1.01787134616428,109.11944580078125
2001-06-05,HINDUNILVR.NS,18.66067774932894,1.052717877706959,106.55807495117188
2001-06-06,HINDUNILVR.NS,21.5386432779561,1.048860132316095,107.22752380371094
2001-06-07,HINDUNILVR.NS,26.07036639959719,1.0397742045944531,108.3044662475586
2001-06-08,HINDUNILVR.NS,26.930402497538598,1.0633045322749461,108.50825500488281
2001-09-17,HINDUNILVR.NS,22.292123105649182,1.0332269836158325,110.73591613769531
2002-04-17,HINDUNILVR.NS,29.101679246171397,1.0074592099034236,123.69213104248047
2002-04-18,HINDUNILVR.NS,27.46962161209249,1.0155792150499778,122.26353454589844
2002-04-19,HINDUNILVR.NS,25.966702450593026,1.0201870151854624,120.89446258544922
2002-05-22,HINDUNILVR.NS,28.938366346450955,0.9834394413588794,116.8170166015625
2002-05-23,HINDUNILVR.NS,23.26488721953293,0.9907747825904822,112.91816711425781
2002-07-26,HINDUNILVR.NS,24.78182952258868,0.9794046933720724,104.04901885986328
2002-07-29,HINDUNILVR.NS,26.081003834411327,0.9857390385757961,104.34660339355469
2002-07-30,HINDUNILVR.NS,24.401408575470175,0.9991353459576814,103.24539184570312
2002-07-31,HINDUNILVR.NS,22.196370828284305,1.009884413936605,101.66799926757812
2002-08-01,HINDUNILVR.NS,20.12683231339337,1.0155429314478195,100.0013198852539
2002-08-02,HINDUNILVR.NS,28.349073818516274,0.9853007059350593,101.90609741210938
2002-08-09,HINDUNILVR.NS,27.984859456729417,1.0959392196325164,100.40814971923828
2002-10-25,HINDUNILVR.NS,27.23508947797525,0.9931507059426227,96.9957504272461
2002-10-28,HINDUNILVR.NS,21.17357509631689,1.055592109502774,92.34524536132812
2003-01-30,HINDUNILVR.NS,27.8774829853847,0.9827283469578133,103.1561508178711
2003-01-31,HINDUNILVR.NS,29.443873867696357,0.9760443635963192,103.36750793457031
2003-02-03,HINDUNILVR.NS,24.94283576371637,0.9931731510420553,101.73682403564453
2003-02-04,HINDUNILVR.NS,21.195081930470263,1.0235576805684425,99.9853515625
2003-02-05,HINDUNILVR.NS,18.691970341307453,1.027582034349826,98.53585052490234
2003-03-11,HINDUNILVR.NS,28.992460641853903,0.970093294941597,96.93536376953125
2003-03-12,HINDUNILVR.NS,26.03680368705042,0.9943184088322852,95.66703033447266
2003-03-13,HINDUNILVR.NS,29.36052287614913,1.0078469429799701,96.21060180664062
2003-03-14,HINDUNILVR.NS,29.36052287614913,1.0172627353234396,96.21060180664062
2003-03-17,HINDUNILVR.NS,24.295728273548065,0.9980732677502278,94.03634643554688
2003-03-18,HINDUNILVR.NS,24.295728273548065,1.0012845692989154,94.03634643554688
2003-03-31,HINDUNILVR.NS,26.845938099857904,1.0458728822247723,89.59725952148438
2003-04-01,HINDUNILVR.NS,29.062753607480555,1.008884714347905,90.08041381835938
2003-04-15,HINDUNILVR.NS,29.7488768473193,1.0180343923430204,86.88665008544922
2003-07-18,HINDUNILVR.NS,28.89723929001467,1.1128614478910976,94.62551879882812
2003-07-21,HINDUNILVR.NS,24.68279579108536,1.1376021050284373,91.14846801757812
2004-02-23,HINDUNILVR.NS,29.653125035704537,0.996848672725794,109.94290161132812
2004-02-26,HINDUNILVR.NS,29.497290647610846,0.9138976142392492,108.99807739257812
2004-03-03,HINDUNILVR.NS,24.336248304604403,0.9073007863198185,103.95915985107422
2004-03-04,HINDUNILVR.NS,20.58060883966008,0.9772369839786907,99.61308288574219
2004-03-05,HINDUNILVR.NS,21.15042267049564,0.9873778175429027,99.80206298828125
2004-03-08,HINDUNILVR.NS,20.238343021480226,0.9824502710527449,98.6998062133789
2004-03-09,HINDUNILVR.NS,19.24258345879561,0.9712436704530975,97.47158813476562
2004-03-10,HINDUNILVR.NS,16.940890616756658,0.9619366750942308,94.32222747802734
2004-03-11,HINDUNILVR.NS,26.08176795245141,0.9391783126337605,97.34558868408203
2004-03-12,HINDUNILVR.NS,29.39415418784544,0.9472673031931671,98.54234313964844
2004-03-15,HINDUNILVR.NS,27.639107766419524,0.9730435955279666,96.9676513671875
2004-03-16,HINDUNILVR.NS,25.2671358158127,1.0033268562751507,94.66866302490234
2004-03-17,HINDUNILVR.NS,21.814808261006135,1.0288093447039317,90.73200988769531
2004-03-18,HINDUNILVR.NS,23.788489270112287,0.9951770973459598,91.42486572265625
2004-03-19,HINDUNILVR.NS,29.1304193473964,1.000337963777639,93.34593963623047
2004-03-25,HINDUNILVR.NS,28.44978270646369,1.0716512405489909,90.98393249511719
2004-05-17,HINDUNILVR.NS,22.318572907574413,1.1514141601262142,77.34434509277344
2004-07-30,HINDUNILVR.NS,28.011152081589287,0.9982804128966484,74.83482360839844
2004-08-04,HINDUNILVR.NS,28.16442523674441,1.0146020739679344,72.71138763427734
2004-08-16,HINDUNILVR.NS,26.934446729146007,1.0361165470186784,70.12911987304688
2004-08-18,HINDUNILVR.NS,29.5435428237334,1.0466322953060052,69.83309173583984
2005-03-21,HINDUNILVR.NS,27.013990159954638,1.007677580954321,85.68780517578125
2005-03-22,HINDUNILVR.NS,28.486235733493377,1.0034401124739454,86.0496597290039
2006-05-22,HINDUNILVR.NS,29.7872788821379,1.0142827204136133,163.16636657714844
2006-05-23,HINDUNILVR.NS,29.877071237875462,1.0144862034266036,163.2349395751953
2006-05-24,HINDUNILVR.NS,25.8704704696355,1.0288673630672236,155.52383422851562
2006-06-08,HINDUNILVR.NS,29.1398802644614,0.9872831379271747,140.13592529296875
2006-06-12,HINDUNILVR.NS,27.526127955117907,1.1324354046716902,134.82386779785156
2006-06-13,HINDUNILVR.NS,25.27004278304726,1.1502920262562355,129.06625366210938
2006-06-14,HINDUNILVR.NS,24.76264176478435,1.1722568823472246,127.72965240478516
2006-12-13,HINDUNILVR.NS,28.617108083337488,0.9958912071030093,152.22421264648438
2007-01-04,HINDUNILVR.NS,29.675654346128034,1.0344254726769848,146.35205078125
2007-02-22,HINDUNILVR.NS,27.57612909064427,0.9195613097147541,133.0441436767578
2007-02-23,HINDUNILVR.NS,25.289379777257214,0.9516344063660046,130.7509002685547
2007-02-26,HINDUNILVR.NS,28.016519442821153,0.9182276494735278,131.72377014160156
2007-02-27,HINDUNILVR.NS,25.12405971213801,0.9247778573427845,128.87457275390625
2007-02-28,HINDUNILVR.NS,20.15128079561346,0.9486818408228267,122.55072784423828
2007-03-01,HINDUNILVR.NS,20.010662955696123,1.0440214963628212,122.34224700927734
2007-03-02,HINDUNILVR.NS,25.601617299320463,1.0262497729001148,124.42705535888672
2007-03-05,HINDUNILVR.NS,22.747821111375305,1.0629127723046696,120.95240783691406
2007-03-06,HINDUNILVR.NS,21.43549838402712,1.0562678031217434,119.18035125732422
2007-03-07,HINDUNILVR.NS,19.445649769623525,1.057082823691631,116.26165008544922
2008-01-22,HINDUNILVR.NS,25.739067276534655,1.1347456539922718,133.80821228027344
2008-06-27,HINDUNILVR.NS,29.134773674557156,0.9661951987009474,153.65765380859375
2008-06-30,HINDUNILVR.NS,28.31717070350838,1.0125511521710355,152.62615966796875
2008-07-01,HINDUNILVR.NS,23.498203449899496,1.0617256151516405,145.62660217285156
2008-07-02,HINDUNILVR.NS,27.085152353408265,1.0811692083422253,147.5054473876953
2008-07-03,HINDUNILVR.NS,25.166609903676907,1.112808678647027,144.66883850097656
2009-03-05,HINDUNILVR.NS,26.594959808189405,1.0230285114650586,172.13662719726562
2009-03-06,HINDUNILVR.NS,23.303362648163322,1.0421966531675297,167.4994659423828
2009-03-09,HINDUNILVR.NS,19.993677420974375,1.0742196775661315,161.74037170410156
2010-01-29,HINDUNILVR.NS,27.78560423620665,0.9453161271845685,186.0516815185547
2010-02-01,HINDUNILVR.NS,24.7797221274726,0.9968388368836146,182.174072265625
2010-02-02,HINDUNILVR.NS,24.358265802268836,0.9835094203375301,181.5981903076172
2010-02-03,HINDUNILVR.NS,24.32853551422979,0.9731445474594244,181.5597686767578
2010-02-04,HINDUNILVR.NS,21.306218240940716,1.0101708425640334,177.41336059570312
2010-02-05,HINDUNILVR.NS,20.300334297439715,1.0030559628842446,175.87765502929688
2010-02-10,HINDUNILVR.NS,28.644587469001674,1.053889506281805,176.68389892578125
2011-01-25,HINDUNILVR.NS,28.160171869113576,0.9741040239360784,221.5832061767578
2011-01-27,HINDUNILVR.NS,22.55113666719934,1.0304764704933227,212.7796173095703
2011-01-28,HINDUNILVR.NS,24.36188049213591,1.003677248705575,213.7621307373047
2011-01-31,HINDUNILVR.NS,23.975532115220858,1.0118017698430795,213.13331604003906
2011-02-01,HINDUNILVR.NS,23.231578921365827,1.0137214759239932,211.95425415039062
2011-08-16,HINDUNILVR.NS,29.57645131705961,1.0248025197672055,246.59512329101562
2013-01-22,HINDUNILVR.NS,29.675483259114543,0.9743188761890937,394.8205261230469
2013-01-23,HINDUNILVR.NS,23.54241750639133,1.0378219918368243,377.7025146484375
2014-01-14,HINDUNILVR.NS,28.520196270938236,1.0397474396890185,450.4938049316406
2014-05-07,HINDUNILVR.NS,29.90265596270256,1.0440206686001774,462.83551025390625
2014-05-08,HINDUNILVR.NS,29.525875636941933,1.0663585264954674,462.1243896484375
2015-09-08,HINDUNILVR.NS,26.104471844040926,1.0043689407851182,691.06591796875
2015-09-09,HINDUNILVR.NS,27.257734645751913,1.0047321665119968,692.7478637695312
2015-09-10,HINDUNILVR.NS,24.530041745838933,1.0097448337659962,681.6199340820312
2015-09-11,HINDUNILVR.NS,27.61411545317657,0.9942783379083201,686.0193481445312
2015-09-14,HINDUNILVR.NS,27.495496049385583,0.9888644512549326,685.5880737304688
2015-09-22,HINDUNILVR.NS,28.725590762530146,1.0367093032666934,677.9536743164062
2015-09-23,HINDUNILVR.NS,28.47162014372955,1.0399999242893405,677.1771850585938
2015-09-24,HINDUNILVR.NS,27.511345312119868,1.0359468342132176,674.3306274414062
2016-01-21,HINDUNILVR.NS,29.979136211618346,1.0532491805114759,674.6546020507812
2016-01-22,HINDUNILVR.NS,28.99332437321983,1.0381724239229986,671.0882568359375
2019-12-18,HINDUNILVR.NS,28.734291904070364,1.0085037831316437,1781.9935302734375
2020-03-16,HINDUNILVR.NS,29.77008014947295,0.9628198127972877,1794.329345703125
2020-03-19,HINDUNILVR.NS,28.190386548724618,1.1939835352612502,1698.6021728515625
2020-09-22,HINDUNILVR.NS,29.714193662770853,1.0031577025663876,1893.62109375
2021-10-20,HINDUNILVR.NS,26.380521387107315,0.9728393010088691,2347.6357421875
2021-10-21,HINDUNILVR.NS,24.289929770658514,0.9830666903731035,2316.474853515625
2021-10-22,HINDUNILVR.NS,25.895116438299187,0.9811565901412883,2324.3837890625
2021-10-25,HINDUNILVR.NS,26.247969919687385,0.9861729207268587,2326.041015625
2021-10-26,HINDUNILVR.NS,25.942037686538015,0.9926337171106407,2322.229736328125
2021-10-27,HINDUNILVR.NS,23.0324409535031,1.0061547401472686,2283.872314453125
2021-10-28,HINDUNILVR.NS,22.561899937054335,1.0138932650829318,2277.249267578125
2021-10-29,HINDUNILVR.NS,23.410448001077015,1.0161921168354553,2280.58447265625
2021-11-01,HINDUNILVR.NS,26.85119694708608,1.0099911374606776,2293.878662109375
2021-11-02,HINDUNILVR.NS,29.72693757364678,0.9922483945304416,2305.12353515625
2021-11-03,HINDUNILVR.NS,28.942929468333418,0.9854229304006654,2297.928955078125
2021-11-11,HINDUNILVR.NS,27.358741092297507,1.0097634390006893,2264.431884765625
2021-11-26,HINDUNILVR.NS,28.692081059737106,1.0036613434997823,2225.265380859375
2021-11-29,HINDUNILVR.NS,27.99476836658883,0.9901690833635599,2219.83349609375
2021-11-30,HINDUNILVR.NS,26.550081761445842,1.0017475880984927,2208.54052734375
2021-12-17,HINDUNILVR.NS,27.895446711202272,1.0299069970309305,2125.346923828125
2022-03-03,HINDUNILVR.NS,26.080121630661086,1.005236783040576,1992.646728515625
2022-03-04,HINDUNILVR.NS,21.48769981120646,1.0370883161011786,1924.5098876953125
2022-03-07,HINDUNILVR.NS,17.90080560035173,1.0593379982195326,1852.513427734375
2022-03-08,HINDUNILVR.NS,18.875625273947072,1.0457670854974501,1857.325927734375
2022-03-09,HINDUNILVR.NS,27.813623463843395,1.0371639064815255,1903.9259033203125
2023-02-28,HINDUNILVR.NS,29.766950829656324,1.0099364779334554,2381.485107421875
2023-03-02,HINDUNILVR.NS,29.95845829497938,1.0041135030548454,2376.355712890625
2023-03-15,HINDUNILVR.NS,26.58035295126386,1.0291967711278145,2328.690185546875
2024-01-23,HINDUNILVR.NS,26.347496958263108,1.0446212904076464,2334.900634765625
2024-03-19,HINDUNILVR.NS,27.721958840329382,0.9879793424429567,2228.158935546875
2024-03-20,HINDUNILVR.NS,25.299466228775703,1.00999147895759,2203.586669921875
2024-03-21,HINDUNILVR.NS,25.411818960822725,1.019421430202951,2203.97998046875
2024-03-22,HINDUNILVR.NS,29.465910423309317,1.0133611912552896,2217.936767578125
2024-03-26,HINDUNILVR.NS,27.584089723681664,1.0112498934081138,2201.670166015625
2024-03-27,HINDUNILVR.NS,27.549707846708444,1.0112739152731247,2201.375
2024-04-15,HINDUNILVR.NS,25.55497804377903,1.0313118309856923,2156.506591796875
2024-10-22,HINDUNILVR.NS,29.488227799990234,0.9500129799008757,2661.49169921875
2024-10-23,HINDUNILVR.NS,27.48269226328289,0.9607603263187681,2639.260498046875
2024-10-24,HINDUNILVR.NS,18.270645029209742,1.0092410636429197,2486.22265625
2024-10-25,HINDUNILVR.NS,22.43768131030347,1.0037381060483248,2508.99951171875
2024-10-29,HINDUNILVR.NS,28.532787768066964,0.9896768591975427,2528.45166015625
2024-10-30,HINDUNILVR.NS,29.732132501377727,0.9861983394526629,2535.69677734375
2024-10-31,HINDUNILVR.NS,27.888686629936394,0.9865702116480625,2509.197998046875
2024-11-01,HINDUNILVR.NS,29.519097819123413,0.9957597846611599,2518.37841796875
2024-11-04,HINDUNILVR.NS,28.56420429046495,0.9941239233485238,2505.774169921875
2024-11-05,HINDUNILVR.NS,28.296414544516885,0.9836753067868037,2502.35009765625
2024-11-06,HINDUNILVR.NS,28.159402261032827,0.9857040026000533,2500.699951171875
2024-11-07,HINDUNILVR.NS,26.082397514939498,0.9651383361631488,2475.5
2024-11-12,HINDUNILVR.NS,28.61842140729256,0.9680276452683831,2461.5
2024-11-13,HINDUNILVR.NS,29.37607345898518,0.992007971130404,2464.949951171875
2024-11-14,HINDUNILVR.NS,23.482460322551375,1.0344257499083145,2389.199951171875
2024-11-19,HINDUNILVR.NS,29.16669929033334,1.031758790875207,2410.35009765625
2024-11-21,HINDUNILVR.NS,26.99825734258327,1.033322100351139,2382.800048828125
2025-02-28,HINDUNILVR.NS,27.682576187759672,1.0065289573464786,2190.25
2025-03-03,HINDUNILVR.NS,26.411223039644455,1.032569951610396,2176.85009765625
2025-03-04,HINDUNILVR.NS,24.637925932279085,1.027626417047643,2157.35009765625
2025-03-05,HINDUNILVR.NS,28.129031651613968,1.010343454895034,2170.449951171875
2002-07-22,LT.NS,25.405953673773276,0.9567281268266684,27.97064971923828
2002-07-23,LT.NS,25.16353854849941,0.9447942356551213,27.93086051940918
2002-07-24,LT.NS,23.933770163159224,0.9491812030425801,27.73189926147461
2002-07-25,LT.NS,20.90776656528794,0.9593803143640837,27.184764862060547
2002-07-26,LT.NS,20.27204379826165,0.9693628724277271,27.05875015258789
2002-07-29,LT.NS,18.813079642056227,1.016108999303498,26.76030731201172
2002-07-30,LT.NS,17.158173451941998,1.0251317057008575,26.388916015625
2002-07-31,LT.NS,16.872751655400524,1.0304863795269517,26.32259750366211
2002-08-01,LT.NS,15.837172604278074,1.042339502935122,26.080528259277344
2002-08-02,LT.NS,19.132087936383684,1.0486723256977086,26.229747772216797
2002-09-27,LT.NS,29.310202005382923,0.9903474129652974,28.169620513916016
2002-09-30,LT.NS,26.28864995472226,1.0172969140971393,27.79822540283203
2002-10-01,LT.NS,25.45592527231276,1.0245508321645234,27.688791275024414
2002-10-02,LT.NS,25.45592527231276,1.0302992353533307,27.688791275024414
2002-10-03,LT.NS,28.633635749923897,1.0256260574031693,27.821430206298828
2003-01-30,LT.NS,26.377365507429868,1.0236431846757355,30.85559844970703
2003-01-31,LT.NS,25.777884887247975,1.0483019478248272,30.756118774414062
2004-05-17,LT.NS,26.660832566055483,0.5538069982890751,75.12451934814453
2004-05-18,LT.NS,26.22968493139592,0.5585405179738924,74.48785400390625
2004-05-19,LT.NS,13.66677212904825,1.0176410070370323,40.883262634277344
2004-05-20,LT.NS,13.073548521546114,1.0969619017176846,37.92700958251953
2004-05-21,LT.NS,17.85049344920566,1.0,41.60448455810547
2004-05-24,LT.NS,17.850493449205658,1.0,41.60448455810547
2004-05-25,LT.NS,17.85049344920566,1.0,41.60448455810547
2004-05-26,LT.NS,17.85049344920566,1.0,41.60448455810547
2004-05-27,LT.NS,17.85049344920566,1.0,41.60448455810547
2004-05-28,LT.NS,17.850493449205665,1.0,41.60448455810547
2004-05-31,LT.NS,17.85049344920566,1.0,41.60448455810547
2004-06-01,LT.NS,17.85049344920566,1.0,41.60448455810547
2004-06-02,LT.NS,17.85049344920566,1.0,41.60448455810547
2004-06-03,LT.NS,17.85049344920566,1.0,41.60448455810547
2004-06-04,LT.NS,17.85049344920566,1.0,41.60448455810547
2004-06-07,LT.NS,17.85049344920566,1.0,41.60448455810547
2004-06-08,LT.NS,17.850493449205665,1.0,41.60448455810547
2004-06-09,LT.NS,17.85049344920566,1.0,41.60448455810547
2004-06-10,LT.NS,17.850493449205658,1.0,41.60448455810547
2004-06-11,LT.NS,17.850493449205658,1.0,41.60448455810547
2004-06-14,LT.NS,17.85049344920566,1.0,41.60448455810547
2004-06-15,LT.NS,17.85049344920566,1.0,41.60448455810547
2004-06-16,LT.NS,17.850493449205665,1.2671864303838694,41.60448455810547
2004-06-17,LT.NS,17.85049344920567,1.2274339592124452,41.60448455810547
2004-06-18,LT.NS,17.85049344920567,1.3316463980761328,41.60448455810547
2004-06-21,LT.NS,17.850493449205672,1.3079345585871591,41.60448455810547
2004-06-22,LT.NS,17.850493449205672,1.3384212486542264,41.60448455810547
2006-06-07,LT.NS,29.227778109648682,0.921941466753533,172.59019470214844
2006-06-08,LT.NS,26.302018885334615,1.0882859897104897,163.100341796875
2006-06-14,LT.NS,29.835222430273706,1.1035404716224007,159.11805725097656
2006-09-27,LT.NS,15.991310878782125,1.9525789586327087,113.28871154785156
2008-01-24,LT.NS,29.555642018679944,1.0333215346858207,623.3541870117188
2008-03-07,LT.NS,28.142686455150884,0.9736930213653496,527.3848266601562
2008-03-10,LT.NS,23.11076064908236,0.9925777072824878,481.8684387207031
2008-06-24,LT.NS,28.94472526367758,0.9300211526384018,406.8647155761719
2008-06-25,LT.NS,29.65531849998876,0.9925646931302025,408.5780029296875
2008-06-27,LT.NS,29.837252805961235,1.0510412767266135,400.1971740722656
2008-06-30,LT.NS,27.37127497616314,1.0810638358113178,385.87286376953125
2008-07-01,LT.NS,26.15561528387011,1.118911298533975,378.3927917480469
2008-10-07,LT.NS,25.811684089176772,0.8884482047471169,358.101806640625
2008-10-08,LT.NS,23.7458506166302,0.8520436175344401,343.3414611816406
2008-10-10,LT.NS,20.50653706159501,0.8981861091827288,316.2898254394531
2008-10-15,LT.NS,29.217512372259986,0.910729955013285,318.1549072265625
2008-10-16,LT.NS,26.12795122478519,1.0109288397585106,292.5419006347656
2008-10-17,LT.NS,25.181367693540167,0.960922731813315,284.0871276855469
2008-10-20,LT.NS,26.624774396012334,0.8913391146865061,288.3500061035156
2008-10-22,LT.NS,29.975629063457305,0.989456359187343,289.7532043457031
2008-10-24,LT.NS,28.6426397119467,1.2012493183493536,272.98577880859375
2008-10-27,LT.NS,26.563259677581534,1.196613754955204,257.01763916015625
2009-03-03,LT.NS,29.85199211636141,1.0071680058007868,203.19845581054688
2010-01-21,LT.NS,23.655985113398607,0.93422346761528,545.478271484375
2010-01-22,LT.NS,19.406284952597872,0.9630016744207605,526.7242431640625
2010-01-25,LT.NS,24.62430890726157,0.9368980839145252,533.4349365234375
2010-01-27,LT.NS,21.976461041305413,0.9945818660000162,521.8388061523438
2010-01-28,LT.NS,20.07182709112988,1.0092909050772785,512.3366088867188
2010-01-29,LT.NS,19.546160524920147,1.0001051589759984,509.5986022949219
2010-02-01,LT.NS,19.081833411852436,1.019192328796134,507.236328125
2010-02-02,LT.NS,17.65507335237958,1.0468705347874405,499.774169921875
2010-02-05,LT.NS,29.035122538906716,1.0063552815242711,509.6521911621094
2011-01-07,LT.NS,29.134746232435287,0.92622893379523,665.42333984375
2011-01-10,LT.NS,23.567091152310123,0.9432543138884427,641.8159790039062
2011-01-11,LT.NS,23.54489187651854,0.9458281310144505,641.7078247070312
2011-01-12,LT.NS,22.032896762655852,0.938272444702246,634.3912963867188
2011-01-13,LT.NS,21.1744840060948,0.9473188463284647,630.1023559570312
2011-01-14,LT.NS,18.661055870134444,0.9645623667684622,616.3343505859375
2011-01-17,LT.NS,16.940540106359215,0.9875869094284865,605.3956909179688
2011-01-18,LT.NS,18.092643829418886,0.9897268677032784,606.9453125
2011-01-19,LT.NS,16.257007798825594,0.9962761524767698,595.2318725585938
2011-01-20,LT.NS,17.546032102383855,0.9705036065383347,596.9078369140625
2011-01-21,LT.NS,17.136712765767296,0.9949376663984989,594.492919921875
2011-01-24,LT.NS,19.957824844791144,0.9515628317789067,597.880859375
2011-01-25,LT.NS,22.335736580640564,0.9440811726519132,600.7100830078125
2011-01-27,LT.NS,20.54778965035392,0.991035268454604,593.0153198242188
2011-01-28,LT.NS,17.811227633958335,0.9768247055636701,579.3012084960938
2011-01-31,LT.NS,27.099085091395487,0.9379382478177385,591.4833984375
2011-02-01,LT.NS,22.11457661374415,0.9546405212630771,568.9212036132812
2011-02-02,LT.NS,21.770134038343862,0.9417541221559634,567.1190795898438
2011-02-04,LT.NS,29.01881905677481,0.9911148459311243,565.875732421875
2011-02-07,LT.NS,26.746261436413565,1.0785445119122956,554.77490234375
2011-02-08,LT.NS,24.569794358267934,1.0782067562707902,543.115234375
2011-02-09,LT.NS,23.00847710740081,1.11650964855973,534.0867309570312
2011-02-10,LT.NS,25.02593255259063,1.1365894012481608,537.6367797851562
2011-09-23,LT.NS,29.105738797611398,0.9354694690767992,527.7672119140625
2011-09-26,LT.NS,27.221159998410638,0.9247487607601479,518.7846069335938
2011-09-28,LT.NS,27.6042966369208,0.9567925911538223,510.4750671386719
2011-09-29,LT.NS,25.214564040201136,1.0172691910555458,498.0376892089844
2011-09-30,LT.NS,24.42231808756147,1.0204035840761216,493.7101135253906
2011-10-03,LT.NS,22.01817041011432,1.068677960176073,479.74542236328125
2011-10-04,LT.NS,26.00183196806415,1.0783595473359633,486.83685302734375
2011-10-05,LT.NS,26.89894063784696,1.056624803039844,488.41876220703125
2011-11-16,LT.NS,29.85660847228926,0.9617872002479029,449.6704406738281
2011-11-17,LT.NS,29.54085164554488,0.9929018930690395,448.30670166015625
2011-11-23,LT.NS,26.79278478200182,1.0697079392421949,432.4872741699219
2011-12-15,LT.NS,28.7046435751149,0.8867708735261205,412.06756591796875
2011-12-16,LT.NS,24.046520862353635,0.9405211513599887,390.0840759277344
2011-12-19,LT.NS,21.567994610324938,0.9932713674097438,375.6284484863281
2011-12-20,LT.NS,18.687424593639122,1.0520609788221391,355.5541687011719
2011-12-21,LT.NS,23.095924397546113,1.0296588607740507,363.55487060546875
2011-12-22,LT.NS,24.12290242904526,0.9947251230380084,365.4095153808594
2011-12-23,LT.NS,24.979666239619043,0.9859244718016968,366.88232421875
2011-12-26,LT.NS,28.643365111714843,0.9835274219470621,373.1009826660156
2011-12-27,LT.NS,29.220228003341774,1.031353348696631,374.0646667480469
2011-12-28,LT.NS,29.394254695436885,1.039345063638226,374.3374938964844
2011-12-29,LT.NS,26.59260828400849,1.088344235825983,363.4820251464844
2011-12-30,LT.NS,26.156388770477644,1.0873173762383588,361.71826171875
2012-01-02,LT.NS,29.83652915059467,1.078340984314954,366.9550476074219
2012-05-04,LT.NS,29.015332900842555,0.9920235159207079,417.17706298828125
2013-02-14,LT.NS,27.587292524728717,0.9894176507341204,530.1497192382812
2013-02-15,LT.NS,28.55300930691574,0.9939750328892566,531.2164306640625
2013-02-21,LT.NS,29.591314193059894,0.9592874958328752,524.5394897460938
2013-02-25,LT.NS,28.007782334001206,0.9735350968199155,515.7103271484375
2013-02-26,LT.NS,24.026222085036682,1.0218935502849962,502.41156005859375
2013-08-05,LT.NS,27.965519629179987,1.0032159415008552,449.04168701171875
2013-08-06,LT.NS,25.49228970883666,1.0210619429639602,438.8330078125
2013-08-07,LT.NS,23.52430715249775,0.9875996824898521,429.8659973144531
2013-08-08,LT.NS,23.913557665295684,0.9604853399017154,430.41778564453125
2013-08-16,LT.NS,29.228097749789363,0.9756418219015209,424.5355224609375
2013-08-19,LT.NS,26.635169841387263,1.0118628871058444,413.40997314453125
2013-08-20,LT.NS,25.997033352642852,0.963344845305688,410.5514831542969
2013-08-21,LT.NS,23.2768272251661,0.9938681530875565,397.6044006347656
2013-08-22,LT.NS,28.508021598367105,0.9986196077040096,406.0116271972656
2013-08-27,LT.NS,29.47162480234105,0.9840570451883207,395.5026550292969
2013-08-28,LT.NS,29.39123694759427,0.9914190577034447,395.1663513183594
2014-08-01,LT.NS,27.7341386212195,0.9823653728190647,823.1769409179688
2014-08-08,LT.NS,27.697855449570426,1.0608866538345942,808.6605224609375
2014-12-16,LT.NS,27.97831038658412,1.0097413886499524,839.4207763671875
2014-12-17,LT.NS,26.220635107996998,1.0063670624346694,831.01708984375
2015-08-24,LT.NS,29.662743303882795,0.9824400869299355,923.2864379882812
2015-08-25,LT.NS,29.111668199705626,0.9687350898540538,919.3816528320312
2015-08-26,LT.NS,26.60815872653226,0.9692850437063038,901.0184936523438
2015-09-01,LT.NS,27.89222588131422,1.0042365781556875,890.6372680664062
2015-09-02,LT.NS,25.47961559605631,1.0424506795228468,873.34375
2015-09-07,LT.NS,28.694166613585814,1.0638953963682642,862.9674682617188
2015-09-28,LT.NS,28.420393577957242,1.0872696959480344,817.546630859375
2015-10-30,LT.NS,29.43027023754305,0.9762536617659979,806.5131225585938
2015-11-02,LT.NS,27.3312111758973,0.978684326820794,793.878662109375
2015-11-03,LT.NS,25.94695252041997,0.9818685654269218,785.1031494140625
2015-11-04,LT.NS,25.476245504738333,0.973028210549579,782.1304931640625
2015-11-05,LT.NS,25.71347137862669,0.9913802320893917,782.6163940429688
2015-11-06,LT.NS,28.119770177636628,0.9814849913516369,787.3613891601562
2015-11-09,LT.NS,26.121647772741646,0.9892571339510562,776.9566040039062
2015-11-10,LT.NS,25.002084883351785,1.007824050588512,770.8681030273438
2015-11-13,LT.NS,23.26762832708055,1.0267803680835956,761.0350341796875
2015-11-18,LT.NS,29.401288758022957,0.9912232317501983,768.60986328125
2015-12-09,LT.NS,29.578996111542928,0.984777458839146,743.5984497070312
2015-12-11,LT.NS,29.213978307064743,1.0012833088393367,735.0516967773438
2015-12-14,LT.NS,27.576328690882423,1.0124764017081667,728.5629272460938
2016-01-06,LT.NS,28.669758974912995,0.9352389086010618,707.0958251953125
2016-01-07,LT.NS,23.87660277520901,0.9405255664081116,689.6879272460938
2016-01-08,LT.NS,20.558081873734352,0.9396152058223104,674.0806884765625
2016-01-11,LT.NS,19.92980954074022,0.9234671139466667,670.7935791015625
2016-01-12,LT.NS,22.502682407870925,0.9523385572092231,674.1094360351562
2016-01-13,LT.NS,19.849881446158626,0.9648585017328889,661.3035278320312
2016-01-14,LT.NS,17.64032157162554,0.971841666121712,648.6691284179688
2016-01-15,LT.NS,15.405077460697484,1.0309592916806396,633.37646484375
2016-01-18,LT.NS,13.702944235234932,1.0282403555603201,619.455810546875
2016-01-19,LT.NS,27.635675027777644,0.9865085370538914,641.9804077148438
2016-01-20,LT.NS,26.82479697499376,0.962727254117688,638.0643310546875
2016-01-21,LT.NS,25.26318754047364,0.9990477835479846,630.4036865234375
2016-01-28,LT.NS,28.12772930218906,1.0569566277953122,614.2819213867188
2016-11-21,LT.NS,28.417233279676356,1.0067143144188282,780.05712890625
2016-11-22,LT.NS,25.650792654548273,1.017224098904808,769.4375610351562
2018-06-27,LT.NS,26.12900173774897,1.0216996538827774,1096.4620361328125
2018-06-28,LT.NS,26.993774617756543,1.0157901849337783,1098.4189453125
2018-10-05,LT.NS,29.66661919207135,1.0063956310800202,1105.6436767578125
2018-10-08,LT.NS,27.850154249216214,1.000864134622139,1094.788818359375
2019-01-22,LT.NS,29.202866193359945,0.9822467138231008,1172.0775146484375
2019-01-23,LT.NS,29.330569760769333,0.9946215443104615,1172.34765625
2019-01-24,LT.NS,28.215735495132684,1.014629359567982,1166.85302734375
2019-01-25,LT.NS,26.457911208147,1.0304564685681261,1157.9346923828125
2019-01-29,LT.NS,28.948211191606898,1.0207735008850414,1151.269287109375
2019-02-14,LT.NS,27.45317316183888,1.0460247526523065,1105.82373046875
2019-12-04,LT.NS,26.5829303915162,0.9838144147556088,1172.5943603515625
2019-12-09,LT.NS,28.57173023892308,1.0211598562027253,1164.291015625
2019-12-10,LT.NS,29.680071880812832,1.0304534503952598,1167.0283203125
2019-12-11,LT.NS,27.43371672975279,1.043542104389902,1153.615234375
2020-02-26,LT.NS,27.352989798028286,0.9715148210082944,1105.1182861328125
2020-02-27,LT.NS,27.230427685183194,0.9769488708542327,1104.3883056640625
2020-02-28,LT.NS,23.93838382902145,0.9758749935083025,1083.5843505859375
2020-03-02,LT.NS,20.776611617274128,0.9492205146170796,1059.267578125
2020-03-03,LT.NS,28.55554758785518,0.9455262482863827,1077.8814697265625
2020-03-04,LT.NS,27.883497897853925,0.8639356884608952,1073.6387939453125
2020-03-06,LT.NS,26.537412589032485,0.8358787090023609,1057.44287109375
2020-03-09,LT.NS,20.29241627199795,0.8682335423121376,1005.478515625
2020-03-11,LT.NS,25.279982428368754,0.8098392963517853,1019.1652221679688
2020-03-12,LT.NS,17.421921954800904,0.829373893988304,927.5548706054688
2020-03-13,LT.NS,26.02931678033577,0.8223883912752107,959.3992919921875
2020-03-16,LT.NS,20.557753514950253,0.7474450374296034,883.8939819335938
2020-03-17,LT.NS,19.906966107820097,0.7502627232990733,872.9901733398438
2020-03-18,LT.NS,17.326684241849225,0.8584092569094379,825.3600463867188
2020-03-19,LT.NS,14.88134215065848,1.0078707278394141,769.289794921875
2020-03-20,LT.NS,19.19815489381413,0.9815804291760234,788.9988403320312
2020-03-23,LT.NS,14.161710748257722,1.1184790982576316,660.6621704101562
2020-03-24,LT.NS,13.986510685397906,1.1421105517897998,654.9719848632812
2020-03-25,LT.NS,23.56551825104752,1.0112307794359239,708.4967041015625
2020-09-22,LT.NS,28.581360004463676,1.045475882664282,799.380615234375
2020-09-24,LT.NS,28.51345179126345,1.0612436736856379,793.967529296875
2022-03-07,LT.NS,27.945990660746546,1.0687080864014826,1572.5833740234375
2022-05-11,LT.NS,29.685935611536323,1.001082229840935,1511.3426513671875
2022-05-12,LT.NS,25.81591453064025,1.0142842392779046,1468.3828125
2022-05-13,LT.NS,27.71373684643471,1.0492670240873685,1476.41650390625
2022-05-16,LT.NS,29.663267959250945,1.0656231462277734,1484.498779296875
2024-05-09,LT.NS,29.831635655982875,1.0565266299277878,3249.90283203125
2024-05-10,LT.NS,29.666113406477855,1.0548075243773272,3245.93408203125
2024-10-25,LT.NS,29.35756475343951,1.0901726202857203,3326.39990234375
